"ISO_2","ISO_3","country","year","corporate_rate","r_and_d_credit","top_income_rate","threshold_top_income_rate","tax_wedge","dividends_rate","corporate_other_rev","gross_receipts_rev","personal_other_rev"
"AU","AUS","Australia","2014","0.3",0.1425,0.465,"2.266751",1.43905821484179,0.27142857,0,0,0
"AU","AUS","Australia","2015","0.3",0.1425,0.49,"2.229938",1.42440798506398,0.27142857,0,0,0
"AU","AUS","Australia","2016","0.3",0.1425,0.49,"2.194088",1.45666927578124,0.27142857,0,0,0
"AU","AUS","Australia","2017","0.3",0.1525,0.49,"2.15994",1.44605208289466,0.24285714,0,0,0
"AU","AUS","Australia","2018","0.3",0.1375,0.47,"2.098449",1.39325515343565,0.24285714,0,0,0
"AU","AUS","Australia","2019","0.3",0.1375,0.47,"2.050567",1.37782993834609,0.24285714,0,0,0
"AU","AUS","Australia","2020","0.3",0.1375,0.47,"1.98057",1.41394107484494,0.24285714,0,0,0
"AU","AUS","Australia","2021","0.3",0.1375,0.47,"1.937535",1.47514263255953,0.24285714,0,0,0
"AU","AUS","Australia","2022","0.3",0.1475,0.47,"1.880192",1.49653278376305,0.24285714,0,0,0
"AU","AUS","Australia","2023","0.3",0.1525,0.47,"1.807861",1.49320054008415,0.24285714,0,0,0
"AU","AUS","Australia","2024","0.3",0.1525,0.47,"1.73421",1.35234748522557,0.24285714,0,0,0
"AU","AUS","Australia","2025","0.3",0.1525,0.47,"1.74835",1.33292112431931,0.24285714,0,0,0
"AU","AUS","Australia","2026","0.3",0.1525,0.47,"1.74835",1.34972055623569,0.24285714,0,0,0
"AT","AUT","Austria","2014","0.25",0.12,0.5,"13.879673",1.09645361773845,0.25,0.17980614229655,0,0
"AT","AUT","Austria","2015","0.25",0.12,0.5,"13.539476",1.0918321235404,0.25,0.162822343267223,0,0
"AT","AUT","Austria","2016","0.25",0.12,0.55,"24.310926",1.0870029378926,0.275,0.155762868563452,0,0
"AT","AUT","Austria","2017","0.25",0.15,0.55,"23.826478",1.11347511444249,0.275,0.144625467165782,0,0
"AT","AUT","Austria","2018","0.25",0.15,0.55,"23.289873",1.10822081465241,0.275,0.11936505599861,0,0
"AT","AUT","Austria","2019","0.25",0.17,0.55,"22.659401",1.10184892115766,0.275,0.106815635484664,0,0
"AT","AUT","Austria","2020","0.25",0.17,0.55,"22.348941",1.09685644629748,0.275,0.0972423659147635,0,0
"AT","AUT","Austria","2021","0.25",0.17,0.55,"21.751674",1.10585957919665,0.275,0.0714167275981796,0,0
"AT","AUT","Austria","2022","0.25",0.17,0.55,"20.658344",1.13244605591726,0.275,0.0910073411841598,0.005234700440832,0
"AT","AUT","Austria","2023","0.24",0.17,0.55,"19.290971",1.14377370796562,0.275,0.105116830278243,0.00712854755796526,0
"AT","AUT","Austria","2024","0.23",0.17,0.55,"18.081621",1.12555944354326,0.275,0.0818553632993372,0.00623713389254558,0
"AT","AUT","Austria","2025","0.23",0.17,0.55,"17.439889",1.13356166804795,0.275,0.0784663399912763,0.00657547717606951,0
"AT","AUT","Austria","2026","0.23",0.17,0.55,"17.439889",1.15453721819946,0.275,0.137703386683613,0.00828224774965453,0
"BE","BEL","Belgium","2014","0.3399",0.155,0.5839317,"1.592011",1.20775753738468,0.25,0.00253147546193366,0,0
"BE","BEL","Belgium","2015","0.3399",0.155,0.58435331,"1.025977",1.21029970007111,0.25,0.00421445267431809,0,0
"BE","BEL","Belgium","2016","0.3399",0.155,0.60533822,"1.046325",1.21683582532099,0.27,0.0046828987945586,0,0
"BE","BEL","Belgium","2017","0.3399",0.155,0.60215738,"1.044424",1.24232298974462,0.3,0.0036803590494026,0,0
"BE","BEL","Belgium","2018","0.2958",0.15,0.60215738,"1.049507",1.24101990171903,0.3,0.00448893232646955,0,0
"BE","BEL","Belgium","2019","0.2958",0.155,0.60215738,"1.046545",1.27428541019482,0.3,0.00363422515048165,0,0
"BE","BEL","Belgium","2020","0.25",0.15,0.60215738,"1.0504",1.28731515716075,0.3,0.00353497571998752,0,0
"BE","BEL","Belgium","2021","0.25",0.1525,0.60172491,"1.037233",1.28902965771201,0.3,0.00406172774329969,0,0
"BE","BEL","Belgium","2022","0.25",0.155,0.60172143,"0.990934",1.28392792796331,0.3,0.00444644008513933,0,0
"BE","BEL","Belgium","2023","0.25",0.155,0.60172143,"1.014585",1.29370352891858,0.3,0.00396440997471107,0,0
"BE","BEL","Belgium","2024","0.25",0.155,0.60042399,"1.03031",1.27883880085416,0.3,0.00364874441857136,0,0
"BE","BEL","Belgium","2025","0.25",0.155,0.60042399,"1.02899",1.2840256352515,0.3,0.004748652311101,0,0
"BE","BEL","Belgium","2026","0.25",0.155,0.60042399,"1.02899",1.28252017721,0.3,0.00426495562118701,0,0
"CA","CAN","Canada","2014","0.26225272",0.245,0.495296,"3.421462",1.24818605090435,0.338414,0.0794824106786648,0,0
"CA","CAN","Canada","2015","0.2668885",0.2125,0.495296,"3.353659",1.23819889307829,0.338214,0.0793409434976863,0,0
"CA","CAN","Canada","2016","0.26686924",0.2125,0.535296,"3.374233",1.23699499646999,0.39343524,0.0905197563992335,0,0
"CA","CAN","Canada","2017","0.26644782",0.2125,0.535296,"3.278689",1.23901410816404,0.39343524,0.0891237792399144,0,0
"CA","CAN","Canada","2018","0.26767004",0.2125,0.535296,"3.211679",1.2503747085311,0.39343524,0.0814881398902183,0,0
"CA","CAN","Canada","2019","0.26607878",0.2125,0.535296,"3.198852",1.25003747421933,0.39344076,0.0824144643068259,0,0
"CA","CAN","Canada","2020","0.26244757",0.2125,0.535296,"2.893114",1.26084950795864,0.39344076,0.0889999150386994,0,0
"CA","CAN","Canada","2021","0.26168278",0.2125,0.535296,"2.770956",1.29576392483765,0.39344076,0.104477403099864,0,0
"CA","CAN","Canada","2022","0.25949263",0.2125,0.535296,"2.699502",1.22456768011817,0.39344076,0.0750822805080177,0,0
"CA","CAN","Canada","2023","0.26015751",0.2125,0.535296,"2.70373",1.21421446654922,0.39344076,0.0789328257494646,0,0
"CA","CAN","Canada","2024","0.2599",0.2125,0.535296,"2.728347",1.21309712797424,0.39343524,0.0825351666079985,0,0
"CA","CAN","Canada","2025","0.26",0.2125,0.535296,"2.754178",1.22838040883386,0.39343524,0.0834326902717208,0,0
"CA","CAN","Canada","2026","0.26",0.2275,0.535296,"2.754178",1.2315748859416,0.39343524,0.0919882057010933,0.00415171308440143,0
"CH","CHE","Switzerland","2014","0.21148581",-0.01,0.41752888,"3.461304",1.37395503520181,0.21135,0.269826355566029,0,0
"CH","CHE","Switzerland","2015","0.21148581",-0.01,0.4173622,"3.474337",1.33463969632039,0.21135,0.303259567577754,0,0
"CH","CHE","Switzerland","2016","0.21148581",-0.01,0.41729972,"3.371824",1.33650183664244,0.21135,0.302762742099916,0,0
"CH","CHE","Switzerland","2017","0.21148581",-0.01,0.41692468,"3.357612",1.3787052760042,0.21135,0.314769313632496,0,0
"CH","CHE","Switzerland","2018","0.21148581",-0.01,0.41721638,"3.318929",1.37744670346548,0.21135,0.281477185972594,0,0
"CH","CHE","Switzerland","2019","0.21148581",-0.01,0.4167,"3.268144",1.37074753250476,0.21135,0.378463075397075,0,0
"CH","CHE","Switzerland","2020","0.21148581",-0.01,0.41734127,"3.216664",1.36280247476228,0.22285,0.337252100644011,0,0
"CH","CHE","Switzerland","2021","0.19698516",-0.01,0.41694538,"3.096507",1.34981383807259,0.22285,0.367535215527798,0,0
"CH","CHE","Switzerland","2022","0.19653352",-0.01,0.4164902,"3.137307",1.36307628799201,0.22285,0.231704674270435,0,0
"CH","CHE","Switzerland","2023","0.19653352",-0.01,0.4154,"3.083848",1.3435952227803,0.2222,0.37616405752636,0,0
"CH","CHE","Switzerland","2024","0.19608138",-0.01,0.4141,"3.10415",1.33286560531004,0.22155,0.255221627928332,0,0
"CH","CHE","Switzerland","2025","0.19607821",-0.01,0.4141,"3.08328",1.36116659580931,0.22155,0.239144531878253,0,0
"CH","CHE","Switzerland","2026","0.19471871",-0.01,0.4141,"3.08328",1.33387534504238,0.22155,0.239015249908505,0,0
"CL","CHL","Chile","2014","0.21",0.295,0.4,"10.379357",1.09656944261898,0.24050633,0.151357318897607,0,0
"CL","CHL","Chile","2015","0.225",0.295,0.4,"10.035255",1.0962158410178,0.22580645,0.200547999255439,0,0
"CL","CHL","Chile","2016","0.24",0.295,0.4,"9.754696",1.09267151823827,0.21052632,0.175367256889409,0,0
"CL","CHL","Chile","2017","0.255",0.295,0.35,"7.727266",1.0897172494346,0.24731544,0.208492789425298,0,0
"CL","CHL","Chile","2018","0.27",0.295,0.35,"7.705428",1.08742511576066,0.2390411,0.154621334543135,0,0
"CL","CHL","Chile","2019","0.27",0.285,0.35,"7.621059",1.23215635562629,0.2390411,0.150586903204491,0,0
"CL","CHL","Chile","2020","0.27",0.285,0.35,"7.658949",1.22880916942572,0.2390411,0.238699395191115,0,0
"CL","CHL","Chile","2021","0.27",0.285,0.39999999,"19.187084",1.22998122626334,0.2390411,0.154083676976435,0,0
"CL","CHL","Chile","2022","0.27",0.275,0.40000001,"19.719908",2.74307841922431,0.2390411,-0.101053330953887,0,0
"CL","CHL","Chile","2023","0.27",0.275,0.39999998,"19.529906",1.09000585097161,0.2390411,0.376835070100455,0,0
"CL","CHL","Chile","2024","0.27",0.275,0.39999999,"19.294607",1.08897510378382,0.2390411,0.285867187766171,0,0
"CL","CHL","Chile","2025","0.27",0.275,0.39999999,"18.576002",1.08773656195673,0.2390411,0.0201040844003813,0,0
"CL","CHL","Chile","2026","0.27",0.275,0.39999999,"18.576002",1.21255686479801,0.2390411,0.18225180596104,0,0
"CO","COL","Colombia","2014","0.34",0.31,0.33,"10.910447",0,0,0.0315282524256107,0,1
"CO","COL","Colombia","2015","0.39",0.31,0.33,"11.369485",0,0,0.0290728060688244,0,1
"CO","COL","Colombia","2016","0.4",0.38,0.33,"11.492163",0,0,0.0310542043000844,0,1
"CO","COL","Colombia","2017","0.4",0.395,0.33,"11.615895",0,0.1,0.0467628864521783,0,1
"CO","COL","Colombia","2018","0.37",0.315,0.33,"11.452119",0,0.1,0.0473693133707925,0,1
"CO","COL","Colombia","2019","0.33",0.305,0.38999999,"64.10572",0,0.15,0.0473189697371703,0,1
"CO","COL","Colombia","2020","0.32",0.295,0.39000005,"68.894177",0,0.1,0.060398839483523,0,1
"CO","COL","Colombia","2021","0.31",0.44,0.39000005,"65.985844",0,0.1,0.0563654805079156,0,1
"CO","COL","Colombia","2022","0.35",0.435,0.38999999,"56.138153",0,0.1,0.0887873759515995,0,1
"CO","COL","Colombia","2023","0.35",0.4575,0.38999999,"51.021979",0,0.2,0.0514851832629725,0,1
"CO","COL","Colombia","2024","0.35",0.0725,0.39000005,"52.319361",0,0.2,0.0298292112194595,0,1
"CO","COL","Colombia","2025","0.35",0.0725,0.38999999,"51.543977",0,0.2,0.0211365478779418,0,1
"CO","COL","Colombia","2026","0.35",0.0725,0.38999999,"51.543977",0,0.2,0,0,1
"CR","CRI","Costa Rica","2014","0.3",-0.02,0.22310769,"1.947543",1.07240552697699,0.15,0.210036165042066,0.0463414076497462,0.856389497321302
"CR","CRI","Costa Rica","2015","0.3",-0.02,0.22467692,"1.981938",1.0718240431944,0.15,0.218427031337431,0.0614998795553873,0.858561111135592
"CR","CRI","Costa Rica","2016","0.3",-0.02,0.23107123,"2.026157",1.07248856743288,0.15,0.226575343459138,0.0640846986143896,0.860705225470128
"CR","CRI","Costa Rica","2017","0.3",-0.02,0.23607123,"1.973903",1.06771182311917,0.15,0.233566015925224,0.0469700478616644,0.86176414181388
"CR","CRI","Costa Rica","2018","0.3",-0.02,0.24107123,"1.976605",1.06499224048964,0.15,0.259449079815305,0.00878972622975394,0.869623557320052
"CR","CRI","Costa Rica","2019","0.3",-0.02,0.26401644,"6.665202",1.06419270772227,0.15,0.243526125951966,0.0159039423325738,0.86323732748109
"CR","CRI","Costa Rica","2020","0.3",-0.02,0.33445205,"6.81783",1.06304321568009,0.15,0.247060588053258,0.027680969502022,0.871002408401641
"CR","CRI","Costa Rica","2021","0.3",-0.02,0.32769231,"5.940131",1.10664116481609,0.15,0.194706040374052,0.0253472986738841,0.873809379666626
"CR","CRI","Costa Rica","2022","0.3",-0.02,0.32769231,"5.995148",1.06052544168391,0.15,0.367627949901543,0.0359642116524632,0.869483909064068
"CR","CRI","Costa Rica","2023","0.3",-0.02,0.32926154,"6.482258",1.06112271152736,0.15,0.32649497095613,0.0257244665351362,0.892065602875037
"CR","CRI","Costa Rica","2024","0.3",-0.02,0.32926154,"6.300921",1.06585242117366,0.15,0.316327157197282,0.0202596183588792,0.894833320585218
"CR","CRI","Costa Rica","2025","0.3",-0.02,0.32926154,"5.965382",1.06389558974598,0.15,0.314345873348949,0.0207116228769367,0.8973040802636
"CR","CRI","Costa Rica","2026","0.3",-0.02,0.32926154,"5.965382",1.0603142730766,0.15,0.341010519339172,0.0223878819634649,0.906461830333642
"CZ","CZE","Czech Republic","2014","0.19",0.175,0.15,"3E-06",1.1494982455684,0.15,0,0,0
"CZ","CZE","Czech Republic","2015","0.19",0.18,0.15,"3E-06",1.14448685981597,0.15,0,0,0
"CZ","CZE","Czech Republic","2016","0.19",0.18,0.15,"3E-06",1.13960448042804,0.15,0,0,0
"CZ","CZE","Czech Republic","2017","0.19",0.18,0.15,"3E-06",1.13315299762286,0.15,0,0,0
"CZ","CZE","Czech Republic","2018","0.19",0.18,0.15,"3E-06",1.12411919343544,0.15,0,0,0
"CZ","CZE","Czech Republic","2019","0.19",0.18,0.15,"2E-06",1.11442095170514,0.15,0,0,0
"CZ","CZE","Czech Republic","2020","0.19",0.18,0.15,"2E-06",1.10632060371666,0.15,0,0,0
"CZ","CZE","Czech Republic","2021","0.19",0.18,0.275,"3.810768",1.10273410805012,0.23,0,0,0
"CZ","CZE","Czech Republic","2022","0.19",0.18,0.275,"3.89416",1.12040161905191,0.23,0,0,0
"CZ","CZE","Czech Republic","2023","0.19",0.18,0.275,"3.733828",1.12460601675097,0.23,0,0,0
"CZ","CZE","Czech Republic","2024","0.21",0.18,0.346,"2.872461",1.11422488360181,0.23,0,0,0
"CZ","CZE","Czech Republic","2025","0.21",0.205,0.346,"2.866303",1.10556284383014,0.23,0,0,0
"CZ","CZE","Czech Republic","2026","0.21",0.205,0.346,"2.866303",1.09887479629484,0.23,0,0,0
"DE","DEU","Germany","2014","0.2970721",-0.02,0.47475,"5.655649",1.09620397179002,0.26375,0,0,0
"DE","DEU","Germany","2015","0.29780475",-0.02,0.47475,"5.529533",1.09637751941758,0.26375,0,0,0
"DE","DEU","Germany","2016","0.29818844",-0.02,0.47475,"5.504366",1.09659736453006,0.26375,0,0,0
"DE","DEU","Germany","2017","0.29889263",-0.02,0.47475,"5.464008",1.09534462589061,0.26375,0,0,0
"DE","DEU","Germany","2018","0.29897059",-0.02,0.47475,"5.390284",1.0940217230671,0.26375,0,0,0
"DE","DEU","Germany","2019","0.29937781",-0.02,0.47475,"5.348707",1.09568314163364,0.26375,0,0,0
"DE","DEU","Germany","2020","0.29830331",-0.02,0.47475,"5.547725",1.0969234772429,0.26375,0,0,0
"DE","DEU","Germany","2021","0.29941208",0.205,0.47475,"5.450095",1.09453180118218,0.26375,0,0,0
"DE","DEU","Germany","2022","0.29927068",0.205,0.47475,"5.075538",1.11104187300377,0.26375,0,0,0
"DE","DEU","Germany","2023","0.30058462",0.205,0.47475,"4.867634",1.12745365431779,0.26375,0,0,0
"DE","DEU","Germany","2024","0.30133026",0.205,0.47475,"4.6366",1.13469413033554,0.26375,0,0,0
"DE","DEU","Germany","2025","0.30133026",0.2625,0.47475,"4.424168",1.06197269334729,0.26375,0,0,0
"DE","DEU","Germany","2026","0.30133026",0.2625,0.47475,"4.424168",1.04219974078438,0.26375,0,0,0
"DK","DNK","Denmark","2014","0.245",-0.01,0.55564,"1.227747",1.21440659437092,0.42,0.462434949784896,0,0
"DK","DNK","Denmark","2015","0.235",-0.01,0.55794,"1.236698",1.22350959029854,0.42,0.284715805923554,0,0
"DK","DNK","Denmark","2016","0.22",-0.01,0.55794,"1.249225",1.22316299719042,0.42,0.493581111886606,0,0
"DK","DNK","Denmark","2017","0.22",-0.01,0.55794,"1.265165",1.22551356720087,0.42,0.291930251912763,0,0
"DK","DNK","Denmark","2018","0.22",-0.01,0.558584,"1.287778",1.22850117729157,0.42,0.358361529755127,0,0
"DK","DNK","Denmark","2019","0.22",-0.005,0.55886,"1.290873",1.23997709853951,0.42,0.316157746861964,0,0
"DK","DNK","Denmark","2020","0.22",-0.005,0.558952,"1.31176",1.23674737383362,0.42,0.185876550802377,0,0
"DK","DNK","Denmark","2021","0.22",0.065,0.558952,"1.3107",1.24241400805062,0.42,0.469422608331066,0,0
"DK","DNK","Denmark","2022","0.22",0.065,0.559044,"1.279386",1.23963021519599,0.42,0.42210642460711,0,0
"DK","DNK","Denmark","2023","0.22",0.065,0.559044,"1.26301",1.29130812446551,0.42,0.387812095979682,0,0
"DK","DNK","Denmark","2024","0.22",0.01,0.559044,"1.22791",1.22635348243318,0.42,0.115392203822373,0,0
"DK","DNK","Denmark","2025","0.22",0.01,0.559044,"1.238198",1.21686790747069,0.42,0.123145252588037,0,0
"DK","DNK","Denmark","2026","0.22",0.01,0.559044,"1.238198",1.22581057262843,0.42,0.266049773269366,0,0
"ES","ESP","Spain","2014","0.3",0.31,0.52,"11.66034",1.10757664865188,0.27,0,0,0
"ES","ESP","Spain","2015","0.28",0.31,0.45,"2.445619",1.100087896549,0.235,0,0,0
"ES","ESP","Spain","2016","0.25",0.305,0.45,"2.449093",1.10695352184893,0.23,0,0,0
"ES","ESP","Spain","2017","0.25",0.295,0.435,"2.442919",1.10699056914054,0.23,0,0,0
"ES","ESP","Spain","2018","0.25",0.295,0.435,"2.409777",1.23788823423651,0.23,0,0,0
"ES","ESP","Spain","2019","0.25",0.295,0.435,"2.385347",1.23466837206712,0.23,0,0,0
"ES","ESP","Spain","2020","0.25",0.295,0.435,"2.501202",1.23115570141234,0.23,0,0,0
"ES","ESP","Spain","2021","0.25",0.295,0.490386,"11.066264",1.46966838786571,0.26,0,0,0
"ES","ESP","Spain","2022","0.25",0.295,0.48573128,"10.603051",1.22871613303642,0.26,0,0,0
"ES","ESP","Spain","2023","0.25",0.295,0.485718,"10.098512",1.22675546111485,0.28,0,0.005114145988023,0
"ES","ESP","Spain","2024","0.25",0.295,0.485718,"9.712311",1.37750566327597,0.28,0,0.00800129504719144,0
"ES","ESP","Spain","2025","0.25",0.295,0.48575712,"9.358409",1.35699639899241,0.3,0,0.007370399050815,0
"ES","ESP","Spain","2026","0.25",0.295,0.48575712,"9.358409",1.1958031564124,0.3,0,0.00819346742969583,0
"EE","EST","Estonia","2014","0.21",0,0.21,"0.142892",1.05969516645565,0,0,0,0
"EE","EST","Estonia","2015","0.2",0,0.2032,"0.143966",1.05659664467061,0,0,0,0
"EE","EST","Estonia","2016","0.2",0,0.2,"0.147724",1.05597333193948,0,0,0,0
"EE","EST","Estonia","2017","0.2",0,0.2,"0.146415",1.05752191364352,0,0,0,0
"EE","EST","Estonia","2018","0.2",0,0.2,"0.387521",1.05698132325442,0,0,0,0
"EE","EST","Estonia","2019","0.2",0,0.2,"0.362567",1.19826304713391,0,0,0,0
"EE","EST","Estonia","2020","0.2",0,0.2,"0.35402",1.18316230796552,0,0,0,0
"EE","EST","Estonia","2021","0.2",0,0.2,"0.329784",1.17806622775585,0,0,0,0
"EE","EST","Estonia","2022","0.2",0,0.2,"0.301495",1.16387741726361,0,0,0,0
"EE","EST","Estonia","2023","0.2",0,0.2,"0.353528",1.14775856386714,0,0,0,0
"EE","EST","Estonia","2024","0.2",0,0.2,"0.330389",1.26304301703703,0,0,0,0
"EE","EST","Estonia","2025","0.22",0.04,0.22,"0.311485",1.24165317703703,0,0,0,0
"EE","EST","Estonia","2026","0.22",0.04,0.22,"0.311485",1.14351112795227,0,0,0,0
"FI","FIN","Finland","2014","0.2",0.17,0.57211391,"2.530586",1.27934956070341,0.272,0,0,0
"FI","FIN","Finland","2015","0.2",0.13,0.57467517,"2.255193",1.27973903794593,0.2805,0,0,0
"FI","FIN","Finland","2016","0.2",-0.005,0.58943686,"1.803856",1.28215380591184,0.289,0,0,0
"FI","FIN","Finland","2017","0.2",-0.005,0.58349397,"1.844204",1.28614070381486,0.289,0,0,0
"FI","FIN","Finland","2018","0.2",-0.005,0.58435142,"1.842791",1.30527528938012,0.289,0,0,0
"FI","FIN","Finland","2019","0.2",-0.005,0.58528973,"1.847268",1.31055730023289,0.289,0,0,0
"FI","FIN","Finland","2020","0.2",-0.005,0.5927723,"1.822825",1.31866316191105,0.289,0,0,0
"FI","FIN","Finland","2021","0.2",0,0.59533255,"1.828297",1.32699989928607,0.289,0,0,0
"FI","FIN","Finland","2022","0.2",0,0.59413343,"1.825101",1.31221048880463,0.289,0,0,0
"FI","FIN","Finland","2023","0.2",0.005,0.57996802,"1.817355",1.32317455109398,0.289,0,0,0
"FI","FIN","Finland","2024","0.2",0.1,0.57478685,"3.07417",1.26769983539292,0.289,0,0,0
"FI","FIN","Finland","2025","0.2",0.105,0.5689547,"2.973185",1.28289622911306,0.289,0,0,0
"FI","FIN","Finland","2026","0.2",0.105,0.5689547,"2.973185",1.34359856959288,0.289,0,0,0
"FR","FRA","France","2014","0.38",0.425,0.55011,"15.054145",1.22974354934036,0.44001,0.191468212559285,0.283212658842618,0
"FR","FRA","France","2015","0.38",0.425,0.550365,"14.77634",1.23126985164724,0.44001,0.186024549283114,0.266066495980154,0
"FR","FRA","France","2016","0.34433333",0.425,0.55062,"14.830284",1.27221402759431,0.44001,0.208984461176925,0.293995460153119,0
"FR","FRA","France","2017","0.44433333",0.405,0.550875,"14.779185",1.26766106026671,0.44001,0.220440348066467,0.288517386178328,0
"FR","FRA","France","2018","0.34433333",0.405,0.55572,"14.63573",1.27408692785277,0.34,0.226342013261846,0.294102459428632,0
"FR","FRA","France","2019","0.34433333",0.405,0.55572,"15.013889",1.27316031684303,0.34,0.200333945496141,0.253959246489684,0
"FR","FRA","France","2020","0.32023",0.405,0.55572,"15.601425",1.30891710377515,0.34,0.233880921537006,0.285372382886742,0
"FR","FRA","France","2021","0.284075",0.37,0.55572,"14.850376",1.3098530337217,0.34,0.225741106020062,0.278618264057479,0
"FR","FRA","France","2022","0.25825",0.3525,0.55572,"14.059618",1.29022182503167,0.34,0.227678143550585,0.269449607633749,0
"FR","FRA","France","2023","0.25825",0.3425,0.55572,"13.572959",1.28331240600088,0.34,0.210316594187356,0.161904537130694,0
"FR","FRA","France","2024","0.25825",0.3425,0.55572,"13.110908",1.29416297253686,0.34,0.223676382037932,0.155037159937711,0
"FR","FRA","France","2025","0.3613",0.3425,0.55572,"12.941798",1.28336233011447,0.34,0.268749993819049,0.138294998381202,0
"FR","FRA","France","2026","0.3613",0.3425,0.55572,"12.941798",1.28266209297437,0.34,0.262086683100589,0.130118988339898,0
"GB","GBR","United Kingdom","2014","0.21",0.185,0.47,"4.271088",1.35256151899845,0.3055625,0,0,0
"GB","GBR","United Kingdom","2015","0.2",0.185,0.47,"4.169222",1.37144974916249,0.3055625,0,0,0
"GB","GBR","United Kingdom","2016","0.2",0.195,0.47,"4.042911",1.37679220551763,0.381,0,0,0
"GB","GBR","United Kingdom","2017","0.19",0.195,0.47,"3.894003",1.3707857807909,0.381,0,0,0
"GB","GBR","United Kingdom","2018","0.19",0.185,0.47,"3.785407",1.36795725377944,0.381,0,0,0
"GB","GBR","United Kingdom","2019","0.19",0.19,0.47,"3.659439",1.36905528477729,0.381,0,0,0
"GB","GBR","United Kingdom","2020","0.19",0.19,0.47,"3.752071",1.3759956357544,0.381,0,0,0
"GB","GBR","United Kingdom","2021","0.19",0.195,0.47,"3.532088",1.40219154818711,0.381,0,0.000538933870582345,0
"GB","GBR","United Kingdom","2022","0.19",0.195,0.4774,"3.327648",1.37211052373854,0.3935,0,0.00507834433704455,0
"GB","GBR","United Kingdom","2023","0.25",0.195,0.47,"2.550807",1.36512968001758,0.3935,0,0.00721520847472213,0
"GB","GBR","United Kingdom","2024","0.25",0.18,0.47,"2.378423",1.33710647795703,0.3935,0,0.0080373974059561,0
"GB","GBR","United Kingdom","2025","0.25",0.18,0.47,"2.235356",1.44549082483935,0.3935,0,0.00754650058221821,0
"GB","GBR","United Kingdom","2026","0.25",0.18,0.47,"2.235356",1.36958921835212,0.3935,0,0.00743711264809561,0
"GR","GRC","Greece","2014","0.26",0.07,0.46,"5.272871",1.21879533416814,0.1,0.283704910792839,0.18975559824954,0
"GR","GRC","Greece","2015","0.29",0.07,0.5,"25.031983",1.22660680778477,0.1,0.359814573056954,0.196664085780818,0
"GR","GRC","Greece","2016","0.29",0.085,0.55,"11.59406",1.31293792908651,0.1,0.271639866624059,0.142161872010008,0
"GR","GRC","Greece","2017","0.29",0.085,0.55,"11.707338",1.25017791504827,0.15,0.142405782939612,0.0480962833284189,0
"GR","GRC","Greece","2018","0.29",0.09,0.55,"11.700915",1.25046708152657,0.15,0.160994288237251,0.0255385466658187,0
"GR","GRC","Greece","2019","0.24",0.09,0.55,"11.575702",1.2484773945329,0.1,0.197714327568266,0.0279701525539942,0
"GR","GRC","Greece","2020","0.24",0.07,0.54,"12.430177",1.24392717121946,0.05,0.187067961539495,0.0236875174084736,0
"GR","GRC","Greece","2021","0.22",0.255,0.536248,"2.322172",1.30283300630315,0.05,0.140671350266484,0.0235558348887175,0
"GR","GRC","Greece","2022","0.22",0.23,0.5354605,"2.096258",1.2723025612601,0.05,0.220563907143519,0.0341141518925758,0
"GR","GRC","Greece","2023","0.22",0.23,0.534898,"1.930357",1.29777272123133,0.05,0.162093682364872,0.0347941553346517,0
"GR","GRC","Greece","2024","0.22",0.23,0.534898,"1.808481",1.30360615029013,0.05,0.132780788811142,0.0434701034080341,0
"GR","GRC","Greece","2025","0.22",0.23,0.532198,"1.738306",1.27909169276882,0.05,0.122614710075361,0.034261925207407,0
"GR","GRC","Greece","2026","0.22",0.23,0.532198,"1.738306",1.27200104625675,0.05,0.122614710075361,0.034261925207407,0
"HU","HUN","Hungary","2014","0.19",0.2925,0.345,"0",1,0.16,0.00426454287642991,0.645789251227081,0.00775326317205284
"HU","HUN","Hungary","2015","0.19",0.285,0.345,"0",1,0.16,0,0.624647226593601,0.00657937953163134
"HU","HUN","Hungary","2016","0.19",0.285,0.335,"0",1,0.15,0.00298034199990674,0.568805980899152,0.00575991751469412
"HU","HUN","Hungary","2017","0.09",0.285,0.335,"0",1,0.15,0.0149988811927355,0.551563850203033,0.00568649598021931
"HU","HUN","Hungary","2018","0.09",0.21,0.335,"0",1,0.15,0.00896451092660699,0.480392427054782,0.00543367842635175
"HU","HUN","Hungary","2019","0.09",0.1975,0.335,"0",1,0.15,0.0106460662821932,0.498790015570783,0.00541893387492699
"HU","HUN","Hungary","2020","0.09",0.19,0.335,"0",1,0.15,0.0128441205662644,0.594729223074537,0.00530341958754463
"HU","HUN","Hungary","2021","0.09",0.18,0.335,"0",1,0.15,0.0136522230668772,0.60733790329214,0.00504284124573672
"HU","HUN","Hungary","2022","0.09",0.1775,0.335,"0",1,0.15,0,0.568388008463759,0.005463030755112
"HU","HUN","Hungary","2023","0.09",0.1525,0.335,"0",1,0.15,0,0.528903499900374,0.00518104124394487
"HU","HUN","Hungary","2024","0.09",0.1525,0.335,"0",1.00000000810036,0.15,0.0341677848573678,0.477880175890885,0.00503862350669341
"HU","HUN","Hungary","2025","0.09",0.17,0.335,"0",1,0.15,0.0301693570706059,0.45395281555213,0.00507804131273419
"HU","HUN","Hungary","2026","0.09",0.17,0.335,"0",1,0.15,0.019436446238622,0.510633825908398,0
"IE","IRL","Ireland","2014","0.125",0.235,0.52,"0.756265",1.47909529309448,0.51,0.00110043034826895,0,0
"IE","IRL","Ireland","2015","0.125",0.245,0.52,"1.601654",1.47380061626527,0.51,0.00103933381254748,0,0
"IE","IRL","Ireland","2016","0.125",0.26,0.52,"1.566533",1.4949963742723,0.51,0.000961903915129689,0,0
"IE","IRL","Ireland","2017","0.125",0.26,0.52,"1.539297",1.49729283914551,0.51,0.000646481283495345,0,0
"IE","IRL","Ireland","2018","0.125",0.26,0.52,"1.483161",1.49547136480738,0.51,0.000604384229230831,0,0
"IE","IRL","Ireland","2019","0.125",0.26,0.52,"1.325477",1.47986773197284,0.51,0.000541776898796981,0,0
"IE","IRL","Ireland","2020","0.125",0.26,0.52,"1.298036",1.47356598674844,0.51,0,0,0
"IE","IRL","Ireland","2021","0.125",0.245,0.52,"1.378917",1.45610082421126,0.51,0,0,0
"IE","IRL","Ireland","2022","0.125",0.245,0.52,"1.346655",1.43861694123126,0.51,0,0,0
"IE","IRL","Ireland","2023","0.125",0.245,0.52,"1.259317",1.44438293161309,0.51,0,0,0
"IE","IRL","Ireland","2024","0.125",0.23,0.52025,"1.207122",1.44007164098438,0.51,0,0,0
"IE","IRL","Ireland","2025","0.125",0.27,0.521,"1.162416",1.44588366531452,0.51,0,0,0
"IE","IRL","Ireland","2026","0.125",0.27,0.521,"1.162416",1.45102758223246,0.51,0,0,0
"IS","ISL","Iceland","2014","0.2",0.24,0.4624,"1.366742",1.31119274927109,0.2,0.360638375489243,0.0897793294779095,1
"IS","ISL","Iceland","2015","0.2",0.24,0.4624,"1.363465",1.30661468480631,0.2,0.3492976612276,0.0893751408640394,1
"IS","ISL","Iceland","2016","0.2",0.24,0.46249998,"1.261743",1.29119231546595,0.2,0.476684686662459,0.049575875576879,1
"IS","ISL","Iceland","2017","0.2",0.24,0.4624,"1.229826",1.26971995793072,0.2,0.544987416706364,0.0760881919717934,1
"IS","ISL","Iceland","2018","0.2",0.24,0.4624,"1.282301",1.26829944544366,0.22,0.385767638223593,0.0724291187739464,1
"IS","ISL","Iceland","2019","0.2",0.24,0.4624,"1.28079",1.2694727944479,0.22,0.33277993434068,0.0541684299619128,1
"IS","ISL","Iceland","2020","0.2",0.24,0.4624,"1.242477",1.27301407930591,0.22,0.382684862161623,0.0682644098606134,1
"IS","ISL","Iceland","2021","0.2",0.36,0.4625,"1.240187",1.28122177549046,0.22,0.408540250719154,0.0772148259939992,1
"IS","ISL","Iceland","2022","0.2",0.36,0.4625,"1.245338",1.31588221792953,0.22,0.334404195804196,0.085691944730492,1
"IS","ISL","Iceland","2023","0.2",0.36,0.4625,"1.282322",1.315148770664,0.22,0.368857939127964,0.0932087992512474,1
"IS","ISL","Iceland","2024","0.21",0.36,0.4628,"1.325903",1.32843105339243,0.22,0.384882312340073,0.0568701503463745,1
"IS","ISL","Iceland","2025","0.2",0.365,0.4629,"1.332212",1.3439005034351,0.22,0.353756580172726,0,1
"IS","ISL","Iceland","2026","0.2",0.36,0.4629,"1.332212",1.3466843500463,0.22,0.361814125212634,0,1
"IL","ISR","Israel","2014","0.265",-0.01,0.5,"6.0228",1.80581261277672,0.32,0.272142541087297,0,0
"IL","ISR","Israel","2015","0.265",-0.01,0.5,"5.80213",1.75297205312979,0.32,0.170119067980924,0,0
"IL","ISR","Israel","2016","0.25",-0.01,0.5,"5.59539",1.7122417060285,0.32,0.172123968658065,0,0
"IL","ISR","Israel","2017","0.24",-0.01,0.5,"4.3262",1.72015087132884,0.27,0.194533172975761,0,0
"IL","ISR","Israel","2018","0.23",-0.01,0.5,"4.31824",1.73197794288459,0.33,0.158732976427132,0,0
"IL","ISR","Israel","2019","0.23",-0.01,0.5,"4.166414",1.73988382315352,0.33,0.313864049203929,0,0
"IL","ISR","Israel","2020","0.23",-0.01,0.5,"3.94336",1.6997794883461,0.33,0.141982140660571,0,0
"IL","ISR","Israel","2021","0.23",-0.01,0.5,"3.806604",1.67767975452896,0.33,0.149163335676465,0,0
"IL","ISR","Israel","2022","0.23",-0.01,0.5,"3.61573",1.68105079408005,0.33,0.182875552091602,0,0
"IL","ISR","Israel","2023","0.23",-0.01,0.5,"3.6639",1.74325363481153,0.33,0.188330801046775,0,0
"IL","ISR","Israel","2024","0.23",-0.01,0.5,"3.501635",1.78397498064137,0.33,0.136595393837634,0,0
"IL","ISR","Israel","2025","0.23",-0.01,0.5,"3.44034",1.72977319168779,0.35,0.159574459082897,0,0
"IL","ISR","Israel","2026","0.23",-0.01,0.5,"3.44034",1.66809347457133,0.35,0.193139591487635,0,0
"IT","ITA","Italy","2014","0.3129275",-0.02,0.478431,"9.885683",1.16592048916528,0.2,0.496915862530252,0,0
"IT","ITA","Italy","2015","0.3129275",-0.02,0.488131,"9.819967",1.20258863894233,0.26,0.481349118663981,0,0
"IT","ITA","Italy","2016","0.3129275",0.04,0.488131,"9.797844",1.21179400976651,0.26,0.518346697166618,0,0
"IT","ITA","Italy","2017","0.278064",0.04,0.52765573,"2.712898",1.21188966403932,0.26,0.516076644052972,0,0
"IT","ITA","Italy","2018","0.278064",0.09,0.52765573,"2.689386",1.21226071931554,0.26,0.440985519141137,0,0
"IT","ITA","Italy","2019","0.278064",0.09,0.52765573,"2.654326",1.25889278909077,0.26,0.453107024663689,0,0
"IT","ITA","Italy","2020","0.2781",0.07,0.52765573,"2.584444",1.25471394447653,0.26,0.481121022568722,0,0
"IT","ITA","Italy","2021","0.2781",0.11,0.52765573,"2.514594",1.27040520224821,0.26,0.481793665925348,0,0
"IT","ITA","Italy","2022","0.2781",0.2,0.52765573,"1.660396",1.28479468303258,0.26,0.450101730472141,0.00677405705060694,0
"IT","ITA","Italy","2023","0.2781",0.2,0.52765573,"1.612097",1.31418807275629,0.26,0.501306014551769,0.0087112920022308,0
"IT","ITA","Italy","2024","0.2781",0.09,0.52765573,"1.562364",1.31727670545453,0.26,0.404763357761167,0.00737528995138631,0
"IT","ITA","Italy","2025","0.2781",0.09,0.52237873,"1.509617",1.30582356030921,0.26,0.386336067071839,0.00734931814859514,0
"IT","ITA","Italy","2026","0.2781",0.09,0.52237873,"1.509617",1.3935437078701,0.26,0.434523401394683,0.00732688803184386,0
"JP","JPN","Japan","2014","0.3462",0.1,0.510858,"4.486476",1.08156295584319,0.20315,0.0197163394210856,0,0
"JP","JPN","Japan","2015","0.3211",0.1,0.56165275,"8.739852",1.07597999577863,0.20315,0.0176683017334078,0,0
"JP","JPN","Japan","2016","0.2997",0.06,0.56121221,"8.632352",1.07173199452563,0.2032,0.0172288467439476,0,0
"JP","JPN","Japan","2017","0.2997",0.0625,0.56077165,"8.595115",1.06875635798929,0.2032,0.0176535261674685,0,0
"JP","JPN","Japan","2018","0.2974",0.0875,0.56077165,"8.493955",1.06699409606627,0.2032,0.0181729146476279,0,0
"JP","JPN","Japan","2019","0.2974",0.0875,0.56077165,"8.469835",1.06555000432633,0.2032,0.0179284718669637,0,0
"JP","JPN","Japan","2020","0.2974",0.0875,0.56165275,"8.324279",1.06528665494636,0.2032,0.0164695544852951,0,0
"JP","JPN","Japan","2021","0.2974",0.0875,0.56077165,"8.575664",1.067265449367,0.2032,0.0180421879019325,0,0
"JP","JPN","Japan","2022","0.2974",0.0875,0.56077165,"8.445833",1.06230253633945,0.2032,0.0181971333371705,0,0
"JP","JPN","Japan","2023","0.2974",0.0875,0.56165275,"8.289439",1.08965558212861,0.2032,0.0159142127286602,0,0
"JP","JPN","Japan","2024","0.2974",0.0875,0.5620933,"7.898953",1.08696350717722,0.20315,0.0146000561101373,0,0
"JP","JPN","Japan","2025","0.2974",0.0875,0.56187302,"7.669291",1.11691733369185,0.20315,0.0142635284806194,0,0
"JP","JPN","Japan","2026","0.2974",0.0875,0.56187302,"7.669291",1.10289554978653,0.20315,0.0128417621381046,0,0
"KR","KOR","Korea","2014","0.242",0.165,0.43199462,"4.583659",1.17032042536795,0.35398,0,0,0
"KR","KOR","Korea","2015","0.242",0.1525,0.43224366,"4.456371",1.20163057443951,0.35398,0,0,0
"KR","KOR","Korea","2016","0.242",0.145,0.43239866,"4.27601",1.3242849238861,0.35398,0,0,0
"KR","KOR","Korea","2017","0.242",0.135,0.45309835,"12.88879",1.30359240194273,0.3784,0,0,0
"KR","KOR","Korea","2018","0.275",0.135,0.47428142,"12.244843",1.27746417340747,0.4028,0,0,0
"KR","KOR","Korea","2019","0.275",0.13,0.47531497,"11.903192",1.28614965320593,0.4028,0,0,0
"KR","KOR","Korea","2020","0.275",0.13,0.48608539,"11.736734",1.33802652558713,0.4028,0,0,0
"KR","KOR","Korea","2021","0.275",0.135,0.51835686,"21.796074",1.32508355373349,0.4395,0,0,0
"KR","KOR","Korea","2022","0.275",0.135,0.51910776,"20.665668",1.3089816485833,0.4395,0,0,0
"KR","KOR","Korea","2023","0.264",0.145,0.51974062,"20.074675",1.28200184186276,0.4395,0,0,0
"KR","KOR","Korea","2024","0.264",0.155,0.51976562,"19.508361",1.28981171159366,0.4445,0,0,0
"KR","KOR","Korea","2025","0.264",0.145,0.51976561,"18.991063",1.27460327314538,0.4445,0,0,0
"KR","KOR","Korea","2026","0.275",0.1475,0.51976561,"18.991063",1.2629928202336,0.4445,0,0,0
"LT","LTU","Lithuania","2014","0.15",0.28,0.15,"0.243957",1.06597852816577,0.15,0,0,0
"LT","LTU","Lithuania","2015","0.15",0.28,0.24,"0.231005",1.08299363752899,0.15,0,0,0
"LT","LTU","Lithuania","2016","0.15",0.28,0.24,"0.256148",1.0780887452249,0.15,0,0,0
"LT","LTU","Lithuania","2017","0.15",0.28,0.24,"0.364149",1.09515713943807,0.15,0,0.039647550515296,0
"LT","LTU","Lithuania","2018","0.15",0.28,0.24,"0.408492",1.13842225889773,0.15,0,0.037246543906522,0
"LT","LTU","Lithuania","2019","0.15",0.28,0.3398,"8.833456",1.1482050261628,0.15,0,0.0392902578920131,0
"LT","LTU","Lithuania","2020","0.15",0.28,0.3898,"6.190679",1.1609625080923,0.15,0,0.0412246177914175,0
"LT","LTU","Lithuania","2021","0.15",0.28,0.3898,"4.372888",1.20163109244151,0.15,0,0.0333618827608093,0
"LT","LTU","Lithuania","2022","0.15",0.28,0.3898,"4.257783",1.1806805430532,0.15,0,0.0287580095320392,0
"LT","LTU","Lithuania","2023","0.15",0.28,0.3898,"4.246472",1.16643371093485,0.15,0,0.0260619691927828,0
"LT","LTU","Lithuania","2024","0.15",0.28,0.3898,"4.39365",1.17169616910806,0.15,0,0.0304772194914669,0
"LT","LTU","Lithuania","2025","0.16",0.28,0.3898,"4.443889",1.23987675903441,0.15,0,0.0244299378113976,0
"LT","LTU","Lithuania","2026","0.17",0.305,0.3898,"4.443889",1.22529274525874,0.15,0,0.0215151939757457,0
"LU","LUX","Luxembourg","2014","0.2922",-0.01,0.45,"2.982644",1.37930186096313,0.2,0.00693376796359515,0,0
"LU","LUX","Luxembourg","2015","0.2922",-0.01,0.455,"2.932785",1.36679427462508,0.2,0.00683794766945752,0,0
"LU","LUX","Luxembourg","2016","0.2922",-0.01,0.455,"2.902134",1.36672204021544,0.2,0.00553493336355822,0,0
"LU","LUX","Luxembourg","2017","0.2708",-0.01,0.4718,"3.679296",1.36286520599058,0.21,0.0120731114013096,0,0
"LU","LUX","Luxembourg","2018","0.2601",-0.01,0.4718,"3.587221",1.39392084679436,0.21,0.0135836898594372,0,0
"LU","LUX","Luxembourg","2019","0.2494",-0.01,0.4718,"3.526601",1.40678040193172,0.21,0.00911594251529879,0,0
"LU","LUX","Luxembourg","2020","0.2494",-0.01,0.4718,"3.340764",1.39828136325109,0.21,0.00754532267993127,0,0
"LU","LUX","Luxembourg","2021","0.2494",-0.01,0.4718,"3.291102",1.38253316064479,0.21,0.0076669646470229,0,0
"LU","LUX","Luxembourg","2022","0.2494",-0.01,0.4718,"3.149519",1.37908421339685,0.21,0.00732811192189668,0,0
"LU","LUX","Luxembourg","2023","0.2494",-0.01,0.4718,"2.972912",1.40603191840911,0.21,0.00885906802205524,0,0
"LU","LUX","Luxembourg","2024","0.2494",-0.01,0.4718,"3.170297",1.38650205418208,0.21,0.00853398749083675,0,0
"LU","LUX","Luxembourg","2025","0.2387",-0.01,0.4718,"3.25869",1.38835897371381,0.21,0.00624318720516543,0,0
"LU","LUX","Luxembourg","2026","0.2387",-0.01,0.4718,"3.25869",1.38411150886131,0.21,0.00610768024148635,0,0
"LV","LVA","Latvia","2014","0.15",0,0.24,"0.113023",1.04186231521335,0.1,0,0.256126416242857,0
"LV","LVA","Latvia","2015","0.15",0.28,0.23,"0.104819",1.04660329015017,0.1,0,0.308489245509926,0
"LV","LVA","Latvia","2016","0.15",0.28,0.23,"0.13215",1.04188229989831,0.1,0,0.334141380175244,0
"LV","LVA","Latvia","2017","0.15",0.28,0.23,"0.140346",1.05716673103604,0.1,0,0.364503791479672,0
"LV","LVA","Latvia","2018","0.2",0.28,0.402,"4.625039",1.06348402670348,0,0,0.358331329120843,0
"LV","LVA","Latvia","2019","0.2",0,0.318,"4.904767",1.11543889354782,0,0,0.364138623145651,0
"LV","LVA","Latvia","2020","0.2",0,0.318,"4.598755",1.13329516276404,0,0,0.604131490459084,0
"LV","LVA","Latvia","2021","0.2",0,0.314,"4.111032",1.16330678527317,0,0,0.454857914276072,0
"LV","LVA","Latvia","2022","0.2",0,0.314,"4.733394",1.12407661177561,0,0,0.36443608410426,0
"LV","LVA","Latvia","2023","0.2",0,0.314,"4.245488",1.15791427642582,0,0,0.257283778987222,0
"LV","LVA","Latvia","2024","0.2",0,0.314,"3.906599",1.16288933964669,0,0,0.0408901675186371,0
"LV","LVA","Latvia","2025","0.2",0,0.105,"0",1.14796470015736,0,0,0,0
"LV","LVA","Latvia","2026","0.2",0,0.105,"0",1.15247743711117,0,0,0,0
"MX","MEX","Mexico","2014","0.3",-0.01,0.35,"29.08548",1.23755685038611,0.17142857,0.288649229349477,0,1
"MX","MEX","Mexico","2015","0.3",-0.01,0.35,"27.92276",1.21837419938503,0.17142857,0.262217527878114,0,1
"MX","MEX","Mexico","2016","0.3",-0.01,0.35,"26.87409",1.2311406759727,0.17142857,0.0510181022506363,0,1
"MX","MEX","Mexico","2017","0.3",-0.01,0.35,"25.660191",1.21344642090281,0.17142857,0.0462481995100994,0,1
"MX","MEX","Mexico","2018","0.3",0.0575,0.35,"28.201692",1.18568195311513,0.17142857,0.0595779718475781,0,1
"MX","MEX","Mexico","2019","0.3",0.055,0.35,"26.30794",1.21247564177471,0.17142857,0.0594877833137148,0,1
"MX","MEX","Mexico","2020","0.3",0.055,0.35,"25.31648",1.17971699677425,0.17142857,0.0662335872488695,0,1
"MX","MEX","Mexico","2021","0.3",0.055,0.35,"25.40676",1.12203922147444,0.17142857,0.0705484384175247,0,1
"MX","MEX","Mexico","2022","0.3",0.055,0.35,"22.723394",1.15197491689889,0.17142857,0.0708415003317981,0,1
"MX","MEX","Mexico","2023","0.3",0.055,0.35,"23.60615",1.17405120821698,0.17142857,0.0680787928017247,0,1
"MX","MEX","Mexico","2024","0.3",0.055,0.35,"21.48079",1.19421738601889,0.17142857,0.0635926767725759,0,1
"MX","MEX","Mexico","2025","0.3",0.055,0.35,"20.56753",1.24076826243948,0.17142857,0.0609979414593846,0,1
"MX","MEX","Mexico","2026","0.3",0.055,0.35,"20.56753",1.22446946949643,0.17142857,0.0647434873105904,0,1
"NL","NLD","Netherlands","2014","0.25",0.1975,0.52,"1.2394",1.27861525149859,0.22,0.0225504736625367,0.00247615897027884,0
"NL","NLD","Netherlands","2015","0.25",0.195,0.5265942,"1.223137",1.33425350124903,0.25,0.00965677864452532,0.00244925788287042,0
"NL","NLD","Netherlands","2016","0.25",0.195,0.526512,"1.393037",1.32000309249138,0.25,0.00192725270546654,0.00192725270546654,0
"NL","NLD","Netherlands","2017","0.25",0.225,0.52197272,"1.38825",1.39131894030725,0.25,0,0.00232595509247608,0
"NL","NLD","Netherlands","2018","0.25",0.225,0.52378095,"1.392983",1.41366469246815,0.25,0,0.00197909615822757,0
"NL","NLD","Netherlands","2019","0.25",0.215,0.540309,"1.364903",1.40723799457802,0.25,0,0.00247423293066377,0
"NL","NLD","Netherlands","2020","0.25",0.225,0.514818,"1.330203",1.44839945158077,0.2625,0,0.00257552461822934,0
"NL","NLD","Netherlands","2021","0.25",0.225,0.518592,"1.284229",1.44991053486428,0.269,0,0.00235834235085338,0
"NL","NLD","Netherlands","2022","0.258",0.265,0.5220448,"1.234923",1.48512246863272,0.269,0,0.00270586191586423,0
"NL","NLD","Netherlands","2023","0.258",0.2275,0.52727789,"1.232149",1.45124433849209,0.269,0,0.00214995174304213,0
"NL","NLD","Netherlands","2024","0.258",0.225,0.52576584,"1.198127",1.48791585519875,0.33,0.00122803695406623,0,0
"NL","NLD","Netherlands","2025","0.258",0.225,0.52542991,"1.169261",1.49766856592003,0.31,0.00149228186173234,0,0
"NL","NLD","Netherlands","2026","0.258",0.245,0.52542991,"1.169261",1.50013140131936,0.31,0.00152261480138678,0,0
"NO","NOR","Norway","2014","0.27",0.235,0.472,"1.593848",1.29353579334581,0.27,0,0,0
"NO","NOR","Norway","2015","0.27",0.2325,0.472,"1.59089",1.29377699895611,0.27,0,0.00326012744166012,0
"NO","NOR","Norway","2016","0.25",0.2325,0.469,"1.616283",1.29778346759071,0.2875,0,0,0
"NO","NOR","Norway","2017","0.24",0.225,0.4672,"1.632658",1.23797396923022,0.2976,0,0.00600618064826471,0
"NO","NOR","Norway","2018","0.23",0.2225,0.466,"1.628185",1.24332016785719,0.3059,0,0,0
"NO","NOR","Norway","2019","0.22",0.22,0.464,"1.574887",1.24454048711167,0.3168,0,0,0
"NO","NOR","Norway","2020","0.22",0.22,0.464,"1.589437",1.24408618123641,0.3168,0,0,0
"NO","NOR","Norway","2021","0.22",0.22,0.464,"1.550312",1.23960357550964,0.3168,0,0,0
"NO","NOR","Norway","2022","0.22",0.22,0.474,"2.901491",1.30435692910661,0.352,0,0,0
"NO","NOR","Norway","2023","0.22",0.22,0.474,"2.061817",1.29796107001384,0.3784,0,0,0
"NO","NOR","Norway","2024","0.22",0.22,0.474,"1.754441",1.30200731381933,0.3784,0,0,0
"NO","NOR","Norway","2025","0.22",0.22,0.474,"1.75971",1.29978154068789,0.3784,0,0,0
"NO","NOR","Norway","2026","0.22",0.22,0.474,"1.75971",1.29224843743234,0.3784,0,0,0
"NZ","NZL","New Zealand","2014","0.28",-0.015,0.33,"1.272312",1.51657566333512,0.06944444,0.205702808784415,0,0
"NZ","NZL","New Zealand","2015","0.28",-0.015,0.33,"1.240343",1.49457213175502,0.06944444,0.195645385910869,0,0
"NZ","NZL","New Zealand","2016","0.28",-0.02,0.33,"1.203228",1.47622772725371,0.06944444,0.217079121407686,0,0
"NZ","NZL","New Zealand","2017","0.28",-0.02,0.33,"1.174848",1.45548482823408,0.06944444,0.20927495301262,0,0
"NZ","NZL","New Zealand","2018","0.28",-0.02,0.33,"1.14233",1.44000730987065,0.06944444,0.172394734255259,0,0
"NZ","NZL","New Zealand","2019","0.28",-0.02,0.33,"1.108116",1.42268195448294,0.06944444,0.175978169935835,0,0
"NZ","NZL","New Zealand","2020","0.28",0.18,0.33,"1.07703",1.40489663896193,0.06944444,0.168234796552087,0,0
"NZ","NZL","New Zealand","2021","0.28",0.18,0.39,"2.72906",1.38912062469496,0.15277778,0.190625174717916,0,0
"NZ","NZL","New Zealand","2022","0.28",0.18,0.39,"2.550012",1.60278909301165,0.15277778,0.14348203277103,0,0
"NZ","NZL","New Zealand","2023","0.28",0.18,0.39,"2.368395",1.38884716803085,0.15277778,0.110656315801858,0,0
"NZ","NZL","New Zealand","2024","0.28",0.18,0.39,"2.249475",1.51919952490833,0.152771,0.17628925843084,0,0
"NZ","NZL","New Zealand","2025","0.28",0.18,0.39,"2.166774",1.55337551168553,0.15277778,0.27228727285684,0,0
"NZ","NZL","New Zealand","2026","0.28",0.18,0.39,"2.166774",1.5582612453546,0.15277778,0.238820254358261,0,0
"PL","POL","Poland","2014","0.19",-0.005,0.38751185,"2.261463",1.04749361676091,0.19,0,0,0
"PL","POL","Poland","2015","0.19",-0.005,0.38751185,"2.181915",1.04430579860227,0.19,0,0,0
"PL","POL","Poland","2016","0.19",-0.005,0.38751185,"2.110023",1.0426806657941,0.19,0,0,0
"PL","POL","Poland","2017","0.19",0.04,0.39908085,"1.973042",1.04157528156199,0.19,0,0,0
"PL","POL","Poland","2018","0.19",0.0875,0.39908085,"1.836534",1.03877149170029,0.19,0,0,0
"PL","POL","Poland","2019","0.19",0.195,0.39892022,"1.726467",1.03599266358838,0.19,0,0,0
"PL","POL","Poland","2020","0.19",0.195,0.39843792,"1.537408",1.03652386487163,0.19,0,0,0
"PL","POL","Poland","2021","0.19",0.195,0.39843792,"1.52857",1.14424782284841,0.19,0,0,0
"PL","POL","Poland","2022","0.19",0.195,0.4543866,"1.873822",1.14329936443973,0.19,0,0,0
"PL","POL","Poland","2023","0.19",0.32,0.4543866,"1.659162",1.13688208806502,0.19,0,0,0
"PL","POL","Poland","2024","0.19",0.32,0.4543866,"1.479211",1.26275188094196,0.19,0,0,0
"PL","POL","Poland","2025","0.19",0.32,0.4543866,"1.34808",1.22779399522684,0.19,0,0,0
"PL","POL","Poland","2026","0.19",0.32,0.4543866,"1.34808",1.20375878079325,0.19,0,0,0
"PT","PRT","Portugal","2014","0.315",0.365,0.61285,"17.952075",1.2924877491264,0.28,0.0292664430890323,0,0
"PT","PRT","Portugal","2015","0.295",0.36,0.61285,"17.79962",1.29529759786429,0.28,0.0246612360416672,0,0
"PT","PRT","Portugal","2016","0.295",0.35,0.61285,"15.980727",1.25733407121881,0.28,0.0469396206033982,0,0
"PT","PRT","Portugal","2017","0.295",0.35,0.610269,"15.622325",1.2444983874101,0.28,0.0474130758491753,0,0
"PT","PRT","Portugal","2018","0.315",0.35,0.5817,"15.037109",1.23407922313459,0.28,0.0558667002790156,0,0
"PT","PRT","Portugal","2019","0.315",0.35,0.5817,"14.351723",1.28225506784123,0.28,0.0332453059399279,0,0
"PT","PRT","Portugal","2020","0.315",0.35,0.5817,"14.13854",1.28058481607771,0.28,0.048027783110656,0,0
"PT","PRT","Portugal","2021","0.315",0.35,0.5817,"15.101345",1.2772858322999,0.28,0.0359825791259213,0,0
"PT","PRT","Portugal","2022","0.315",0.35,0.5817,"14.230982",1.25969945461589,0.28,0.0631764412747006,0,0
"PT","PRT","Portugal","2023","0.315",0.35,0.5817,"13.064419",1.24601230259505,0.28,0.0633665866518198,0,0
"PT","PRT","Portugal","2024","0.315",0.35,0.5817,"12.150613",1.22352610352406,0.28,0.0412817868068614,0,0
"PT","PRT","Portugal","2025","0.305",0.35,0.5817,"11.581589",1.20719895693274,0.28,0.03816046957274,0,0
"PT","PRT","Portugal","2026","0.295",0.35,0.5817,"11.581589",1.20329257233272,0.28,0.0270868091738793,0,0
"SK","SVK","Slovak Republic","2014","0.22",-0.01,0.3505,"3.766554",1.13151092379339,0,0.0888156289368263,0,0
"SK","SVK","Slovak Republic","2015","0.22",-0.01,0.3505,"3.680808",1.12814808905516,0,0.0774449128540555,0,0
"SK","SVK","Slovak Republic","2016","0.22",0.095,0.3505,"3.576551",1.12486423872124,0,0.0653344270676776,0,0
"SK","SVK","Slovak Republic","2017","0.21",0.095,0.3505,"3.443444",1.12083862560677,0.07,0.0526189756884676,0,0
"SK","SVK","Slovak Republic","2018","0.21",0.09,0.3505,"3.269759",1.11638131225735,0.07,0.0598016059038899,0,0
"SK","SVK","Slovak Republic","2019","0.21",0.245,0.3505,"3.182854",1.1103466971916,0.07,0.0574862123781445,0,0
"SK","SVK","Slovak Republic","2020","0.21",0.365,0.3505,"3.198286",1.1076062798088,0.07,0.0663592348159855,0,0
"SK","SVK","Slovak Republic","2021","0.21",0.49,0.3505,"3.050888",1.12007683657114,0.07,0.0786233479546377,0,0
"SK","SVK","Slovak Republic","2022","0.21",0.49,0.3505,"2.835669",1.13885697571633,0.07,0.0774608372848723,0,0
"SK","SVK","Slovak Republic","2023","0.21",0.25,0.3505,"2.776287",1.12840101460349,0.07,0.0738718348325239,0,0
"SK","SVK","Slovak Republic","2024","0.21",0.25,0.3505,"2.993728",1.1253738935045,0.07,0.0649192030494175,0,0
"SK","SVK","Slovak Republic","2025","0.24",0.25,0.3505,"2.855355",1.13045146316619,0.07,0.0874908128877215,0,0
"SK","SVK","Slovak Republic","2026","0.24",0.295,0.3505,"2.855355",1.12367615199656,0.07,0.0911608330346325,0,0
"SI","SVN","Slovenia","2014","0.17",0.17,0.6105,"5.307771",1.22095144329362,0.25,0.00797490388242338,0,0
"SI","SVN","Slovenia","2015","0.17",0.17,0.6105,"5.265523",1.21683195711397,0.25,0.00594314620485196,0,0
"SI","SVN","Slovenia","2016","0.17",0.17,0.6105,"5.194874",1.2147355215129,0.25,0.00400331269516681,0,0
"SI","SVN","Slovenia","2017","0.19",0.17,0.6105,"5.056709",1.21663366757661,0.25,0.00408847672239132,0,0
"SI","SVN","Slovenia","2018","0.19",0.19,0.6105,"4.868058",1.16336945933163,0.25,0.00426891961456957,0,0
"SI","SVN","Slovenia","2019","0.19",0.19,0.6105,"4.700871",1.31813715512507,0.25,0.00371450608730994,0,0
"SI","SVN","Slovenia","2020","0.19",0.19,0.6105,"4.603398",1.15014744995322,0.275,0.00278521794664049,0,0
"SI","SVN","Slovenia","2021","0.19",0.19,0.6105,"4.350842",1.11538443764543,0.275,0.00284071536330984,0,0
"SI","SVN","Slovenia","2022","0.19",0.19,0.57155,"4.272849",1.14375392248994,0.25,0.00258636130473394,0,0
"SI","SVN","Slovenia","2023","0.19",0.19,0.6105,"3.921356",1.15911354227844,0.25,0.00207900479825675,0,0
"SI","SVN","Slovenia","2024","0.22",0.19,0.6105,"3.617203",1.1533352701207,0.25,0.00221616432659084,0,0
"SI","SVN","Slovenia","2025","0.22",0.23,0.613,"3.589237",1.16072227377361,0.25,0.00210025942935374,0,0
"SI","SVN","Slovenia","2026","0.22",0.23,0.613,"3.589237",1.15554071451674,0.25,0.00179924106234835,0,0
"SE","SWE","Sweden","2014","0.22",-0.01,0.5686,"1.508153",1.19381191525703,0.3,0,0.0407990370800295,-0.000863461959579418
"SE","SWE","Sweden","2015","0.22",0.05,0.5699,"1.519275",1.20339295839062,0.3,0,0.0396813112760323,-0.00327458913642257
"SE","SWE","Sweden","2016","0.22",0.05,0.601,"1.503143",1.20270650277373,0.3,0,0.0358538652201536,-0.00109984182006592
"SE","SWE","Sweden","2017","0.22",0.05,0.6012,"1.49517",1.2102576759004,0.3,0,0.0303855222304081,-0.000515026888695481
"SE","SWE","Sweden","2018","0.22",0.05,0.6012,"1.50956",1.20764991059814,0.3,0,0.0350673692695979,-0.00218401145125267
"SE","SWE","Sweden","2019","0.214",0.05,0.6019,"1.544646",1.20732190752679,0.3,0,0.0204489809364814,-0.00188661266498046
"SE","SWE","Sweden","2020","0.214",0.05,0.5228,"1.127048",1.22157744214188,0.3,0,0.000928807358277266,-0.00109791041319681
"SE","SWE","Sweden","2021","0.206",0.105,0.5227,"1.127806",1.196829678758,0.3,0,0.000829565080030424,-0.00143084871494169
"SE","SWE","Sweden","2022","0.206",0.105,0.5224,"1.123706",1.21848487524366,0.3,0,0.000871180767561262,-0.00300379000959506
"SE","SWE","Sweden","2023","0.206",0.105,0.5224,"1.188518",1.22155470877004,0.3,0,0.0007493892111181,-0.00136729464200724
"SE","SWE","Sweden","2024","0.206",0.105,0.5237,"1.139588",1.21539635003086,0.3,0,0.000670831732637495,-0.00383435534947021
"SE","SWE","Sweden","2025","0.206",0.11,0.5241,"1.15434",1.22207023707619,0.3,0,0.000655309614168294,-0.00455523439665278
"SE","SWE","Sweden","2026","0.206",0.11,0.5241,"1.15434",1.21165225562806,0.3,0,0.000584697613454948,-0.00600957759611274
"TR","TUR","Turkey","2014","0.2",0.05,0.358,"3.998254",1.16838072167691,0.175,0,0,0
"TR","TUR","Turkey","2015","0.2",0.055,0.358,"3.862626",1.1559445608408,0.175,0,0,0
"TR","TUR","Turkey","2016","0.2",0.055,0.358,"3.460417",1.15099982891797,0.175,0,0,0
"TR","TUR","Turkey","2017","0.2",0.055,0.455,"3.125218",1.22322269573686,0.175,0,0,0
"TR","TUR","Turkey","2018","0.22",0.055,0.455,"2.880756",1.20596200754617,0.175,0,0,0
"TR","TUR","Turkey","2019","0.22",0.055,0.455,"2.815569",1.18811255927862,0.175,0,0,0
"TR","TUR","Turkey","2020","0.22",0.055,0.408,"8.771485",1.16679454771312,0.2,0,0,0
"TR","TUR","Turkey","2021","0.25",0.055,0.408,"8.026402",1.16793244798406,0.2,0,0,0
"TR","TUR","Turkey","2022","0.23",0.055,0.408,"6.35787",1.16069699543666,0.2,0,0,0
"TR","TUR","Turkey","2023","0.25",0.055,0.408,"6.62478",1.26341545781337,0.2,0,0,0
"TR","TUR","Turkey","2024","0.25",0.055,0.408,"5.48864",1.26459767434139,0.2,0,0,0
"TR","TUR","Turkey","2025","0.25",0.055,0.408,"5.582718",1.21937018163756,0.2,0,0,0
"TR","TUR","Turkey","2026","0.25",0.055,0.408,"5.582718",1.20438338261808,0.2,0,0,0
"US","USA","United States","2014","0.390755",0.055,0.486,"8.220619",1.25179536706257,0.28583863,0,0,0
"US","USA","United States","2015","0.389975",0.055,0.486,"8.20792",1.24584614509777,0.28535406,0,0,0
"US","USA","United States","2016","0.38923934",0.055,0.486,"8.088075",1.25434910763449,0.2851581,0,0,0
"US","USA","United States","2017","0.38906474",0.0575,0.486,"7.93496",1.25091528336118,0.28506064,0,0,0
"US","USA","United States","2018","0.2583858",0.0575,0.46,"9.299292",1.24641453866901,0.28881436,0,0,0
"US","USA","United States","2019","0.25886141",0.0675,0.46,"9.23521",1.24043144141255,0.28913494,0,0,0
"US","USA","United States","2020","0.25766571",0.0675,0.46,"8.918471",1.2394444223132,0.28872019,0,0,0
"US","USA","United States","2021","0.25754568",0.0675,0.46,"8.623598",1.41627200271428,0.28905211,0,0,0
"US","USA","United States","2022","0.25808085",0.0675,0.46,"8.525744",1.31402111278186,0.28940924,0,0,0
"US","USA","United States","2023","0.25767935",0.0275,0.458,"8.7403",1.23756706706397,0.2887222,0,0,0
"US","USA","United States","2024","0.25631375",0.0275,0.46,"8.825954",1.24659087064859,0.28726466,0,0,0
"US","USA","United States","2025","0.25569714",0.0275,0.46,"8.733675",1.24920901855389,0.28666715,0,0,0
"US","USA","United States","2026","0.255285",0.0675,0.46,"8.733675",1.25294334842886,0.28666715,0,0,0
