"corporate_rate","ISO_3","year"
"0.2","FIN","2021"
"0.2","FIN","2022"
"0.2","FIN","2023"
"0.2","FIN","2024"
"0.25","ESP","2016"
"0.25","ESP","2017"
"0.25","ESP","2018"
"0.3","AUS","2017"
"0.3","AUS","2018"
"0.3","AUS","2019"
"0.3","AUS","2020"
"0.3","AUS","2021"
"0.3","AUS","2022"
"0.3","AUS","2023"
"0.3","AUS","2024"
"0.3","AUS","2025"
"0.3","AUS","2026"
"0.3","CRI","2016"
"0.3","CRI","2017"
"0.3","CRI","2018"
"0.3","CRI","2019"
"0.3","CRI","2020"
"0.3","CRI","2021"
"0.3","CRI","2022"
"0.3","CRI","2023"
"0.3","CRI","2024"
"0.3","CRI","2025"
"0.3","CRI","2026"
"0.3","MEX","2014"
"0.3","MEX","2015"
"0.3","MEX","2016"
"0.3","MEX","2017"
"0.3","MEX","2018"
"0.3","MEX","2019"
"0.3","MEX","2020"
"0.3","MEX","2021"
"0.3","MEX","2022"
"0.3","MEX","2023"
"0.3","MEX","2024"
"0.3","MEX","2025"
"0.3","AUS","2014"
"0.3","AUS","2015"
"0.3","AUS","2016"
"0.24","AUT","2023"
"0.23","AUT","2024"
"0.23","AUT","2025"
"0.23","AUT","2026"
"0.3399","BEL","2014"
"0.3399","BEL","2015"
"0.3399","BEL","2016"
"0.3399","BEL","2017"
"0.2958","BEL","2018"
"0.2958","BEL","2019"
"0.26225272","CAN","2014"
"0.2668885","CAN","2015"
"0.26686924","CAN","2016"
"0.26644782","CAN","2017"
"0.26767004","CAN","2018"
"0.26607878","CAN","2019"
"0.26244757","CAN","2020"
"0.26168278","CAN","2021"
"0.25949263","CAN","2022"
"0.26015751","CAN","2023"
"0.2599","CAN","2024"
"0.26","CAN","2025"
"0.26","CAN","2026"
"0.21","CHL","2014"
"0.225","CHL","2015"
"0.24","CHL","2016"
"0.255","CHL","2017"
"0.27","CHL","2018"
"0.27","CHL","2019"
"0.27","CHL","2020"
"0.27","CHL","2021"
"0.3","CRI","2014"
"0.3","CRI","2015"
"0.21","EST","2014"
"0.38","FRA","2014"
"0.38","FRA","2015"
"0.34433333","FRA","2016"
"0.44433333","FRA","2017"
"0.34433333","FRA","2018"
"0.34433333","FRA","2019"
"0.32023","FRA","2020"
"0.284075","FRA","2021"
"0.25825","FRA","2022"
"0.25825","FRA","2023"
"0.25825","FRA","2024"
"0.3613","FRA","2025"
"0.3613","FRA","2026"
"0.2970721","DEU","2014"
"0.29780475","DEU","2015"
"0.29818844","DEU","2016"
"0.29889263","DEU","2017"
"0.29897059","DEU","2018"
"0.29937781","DEU","2019"
"0.29830331","DEU","2020"
"0.29941208","DEU","2021"
"0.29927068","DEU","2022"
"0.30058462","DEU","2023"
"0.30133026","DEU","2024"
"0.30133026","DEU","2025"
"0.30133026","DEU","2026"
"0.26","GRC","2014"
"0.29","GRC","2015"
"0.29","GRC","2016"
"0.29","GRC","2017"
"0.29","GRC","2018"
"0.24","GRC","2019"
"0.24","GRC","2020"
"0.09","HUN","2017"
"0.09","HUN","2018"
"0.09","HUN","2019"
"0.09","HUN","2020"
"0.09","HUN","2021"
"0.09","HUN","2022"
"0.09","HUN","2023"
"0.09","HUN","2024"
"0.09","HUN","2025"
"0.09","HUN","2026"
"0.21","ISL","2024"
"0.125","IRL","2014"
"0.125","IRL","2015"
"0.125","IRL","2016"
"0.125","IRL","2017"
"0.125","IRL","2018"
"0.125","IRL","2019"
"0.125","IRL","2020"
"0.125","IRL","2021"
"0.125","IRL","2022"
"0.125","IRL","2023"
"0.125","IRL","2024"
"0.125","IRL","2025"
"0.125","IRL","2026"
"0.265","ISR","2014"
"0.265","ISR","2015"
"0.24","ISR","2017"
"0.23","ISR","2018"
"0.23","ISR","2019"
"0.23","ISR","2020"
"0.23","ISR","2021"
"0.23","ISR","2022"
"0.23","ISR","2023"
"0.23","ISR","2024"
"0.23","ISR","2025"
"0.3","MEX","2026"
"0.3","ESP","2014"
"0.242","KOR","2014"
"0.242","KOR","2015"
"0.242","KOR","2016"
"0.242","KOR","2017"
"0.275","KOR","2018"
"0.275","KOR","2019"
"0.275","KOR","2020"
"0.275","KOR","2021"
"0.275","KOR","2022"
"0.264","KOR","2023"
"0.264","KOR","2024"
"0.264","KOR","2025"
"0.275","KOR","2026"
"0.16","LTU","2025"
"0.17","LTU","2026"
"0.2922","LUX","2014"
"0.2922","LUX","2015"
"0.2922","LUX","2016"
"0.2708","LUX","2017"
"0.2601","LUX","2018"
"0.2494","LUX","2019"
"0.2494","LUX","2020"
"0.2494","LUX","2021"
"0.2494","LUX","2022"
"0.2494","LUX","2023"
"0.2494","LUX","2024"
"0.2387","LUX","2025"
"0.2387","LUX","2026"
"0.258","NLD","2022"
"0.258","NLD","2023"
"0.258","NLD","2024"
"0.258","NLD","2025"
"0.258","NLD","2026"
"0.27","NOR","2014"
"0.27","NOR","2015"
"0.24","NOR","2017"
"0.23","NOR","2018"
"0.315","PRT","2014"
"0.295","PRT","2015"
"0.295","PRT","2016"
"0.295","PRT","2017"
"0.315","PRT","2018"
"0.315","PRT","2019"
"0.315","PRT","2020"
"0.315","PRT","2021"
"0.315","PRT","2022"
"0.315","PRT","2023"
"0.315","PRT","2024"
"0.305","PRT","2025"
"0.295","PRT","2026"
"0.21","SVK","2017"
"0.21","SVK","2018"
"0.21","SVK","2019"
"0.21","SVK","2020"
"0.21","SVK","2021"
"0.21","SVK","2022"
"0.21","SVK","2023"
"0.21","SVK","2024"
"0.24","SVK","2025"
"0.24","SVK","2026"
"0.17","SVN","2014"
"0.17","SVN","2015"
"0.17","SVN","2016"
"0.214","SWE","2019"
"0.214","SWE","2020"
"0.206","SWE","2021"
"0.206","SWE","2022"
"0.206","SWE","2023"
"0.206","SWE","2024"
"0.206","SWE","2025"
"0.206","SWE","2026"
"0.21148581","CHE","2014"
"0.21148581","CHE","2015"
"0.21148581","CHE","2016"
"0.21148581","CHE","2017"
"0.21148581","CHE","2018"
"0.21148581","CHE","2019"
"0.21148581","CHE","2020"
"0.19698516","CHE","2021"
"0.19653352","CHE","2022"
"0.19653352","CHE","2023"
"0.19608138","CHE","2024"
"0.19607821","CHE","2025"
"0.19471871","CHE","2026"
"0.23","TUR","2022"
"0.27","CHL","2022"
"0.27","CHL","2023"
"0.27","CHL","2024"
"0.27","CHL","2025"
"0.27","CHL","2026"
"0.34","COL","2014"
"0.39","COL","2015"
"0.4","COL","2016"
"0.4","COL","2017"
"0.37","COL","2018"
"0.32","COL","2020"
"0.31","COL","2021"
"0.21","CZE","2024"
"0.21","CZE","2025"
"0.21","CZE","2026"
"0.245","DNK","2014"
"0.235","DNK","2015"
"0.19","POL","2019"
"0.19","POL","2020"
"0.19","POL","2021"
"0.19","POL","2022"
"0.19","POL","2023"
"0.19","POL","2024"
"0.19","POL","2025"
"0.19","POL","2026"
"0.19","SVN","2017"
"0.19","SVN","2018"
"0.19","SVN","2019"
"0.19","SVN","2020"
"0.19","SVN","2021"
"0.19","SVN","2022"
"0.19","SVN","2023"
"0.19","GBR","2017"
"0.19","GBR","2018"
"0.19","GBR","2019"
"0.19","GBR","2020"
"0.19","GBR","2021"
"0.19","GBR","2022"
"0.33","COL","2019"
"0.22","DNK","2016"
"0.22","DNK","2017"
"0.22","DNK","2018"
"0.22","DNK","2019"
"0.22","DNK","2020"
"0.22","DNK","2021"
"0.22","DNK","2022"
"0.22","DNK","2023"
"0.22","DNK","2024"
"0.22","DNK","2025"
"0.22","DNK","2026"
"0.22","EST","2025"
"0.22","EST","2026"
"0.22","GRC","2021"
"0.22","GRC","2022"
"0.22","GRC","2023"
"0.22","GRC","2024"
"0.22","GRC","2025"
"0.22","GRC","2026"
"0.22","NOR","2019"
"0.22","NOR","2020"
"0.22","NOR","2021"
"0.22","NOR","2022"
"0.22","NOR","2023"
"0.22","NOR","2024"
"0.22","NOR","2025"
"0.22","NOR","2026"
"0.22","SVK","2014"
"0.22","SVK","2015"
"0.22","SVK","2016"
"0.22","SVN","2024"
"0.22","SVN","2025"
"0.22","SVN","2026"
"0.22","SWE","2014"
"0.22","SWE","2015"
"0.22","SWE","2016"
"0.22","SWE","2017"
"0.22","SWE","2018"
"0.22","TUR","2018"
"0.22","TUR","2019"
"0.22","TUR","2020"
"0.28","NZL","2014"
"0.28","NZL","2015"
"0.28","NZL","2016"
"0.28","NZL","2017"
"0.28","NZL","2018"
"0.28","NZL","2019"
"0.28","NZL","2020"
"0.28","NZL","2021"
"0.28","NZL","2022"
"0.28","NZL","2023"
"0.28","NZL","2024"
"0.28","NZL","2025"
"0.28","NZL","2026"
"0.3129275","ITA","2014"
"0.3129275","ITA","2015"
"0.3129275","ITA","2016"
"0.278064","ITA","2017"
"0.278064","ITA","2018"
"0.278064","ITA","2019"
"0.2781","ITA","2020"
"0.2781","ITA","2021"
"0.2781","ITA","2022"
"0.2781","ITA","2023"
"0.2781","ITA","2024"
"0.2781","ITA","2025"
"0.2781","ITA","2026"
"0.3462","JPN","2014"
"0.3211","JPN","2015"
"0.2997","JPN","2016"
"0.2997","JPN","2017"
"0.2974","JPN","2018"
"0.2974","JPN","2019"
"0.2974","JPN","2020"
"0.2974","JPN","2021"
"0.2974","JPN","2022"
"0.2974","JPN","2023"
"0.2974","JPN","2024"
"0.2974","JPN","2025"
"0.2974","JPN","2026"
"0.2","FIN","2025"
"0.2","FIN","2026"
"0.25","ESP","2019"
"0.2","ISL","2014"
"0.2","ISL","2015"
"0.2","ISL","2016"
"0.2","ISL","2017"
"0.2","ISL","2018"
"0.2","ISL","2019"
"0.2","ISL","2020"
"0.2","ISL","2021"
"0.2","ISL","2022"
"0.2","ISL","2023"
"0.2","ISL","2025"
"0.2","ISL","2026"
"0.2","LVA","2018"
"0.2","LVA","2019"
"0.2","LVA","2020"
"0.2","LVA","2021"
"0.2","LVA","2022"
"0.2","LVA","2023"
"0.2","LVA","2024"
"0.2","LVA","2025"
"0.2","LVA","2026"
"0.2","TUR","2014"
"0.2","TUR","2015"
"0.2","TUR","2016"
"0.2","TUR","2017"
"0.2","GBR","2015"
"0.2","GBR","2016"
"0.25","AUT","2014"
"0.25","AUT","2015"
"0.25","AUT","2016"
"0.25","AUT","2017"
"0.25","AUT","2018"
"0.25","AUT","2019"
"0.25","AUT","2020"
"0.25","AUT","2021"
"0.25","AUT","2022"
"0.25","BEL","2020"
"0.25","BEL","2021"
"0.25","BEL","2022"
"0.25","BEL","2023"
"0.25","BEL","2024"
"0.25","BEL","2025"
"0.25","BEL","2026"
"0.25","ISR","2016"
"0.25","NLD","2014"
"0.25","NLD","2015"
"0.25","NLD","2016"
"0.25","NLD","2017"
"0.25","NLD","2018"
"0.25","NLD","2019"
"0.25","NLD","2020"
"0.25","NLD","2021"
"0.25","NOR","2016"
"0.21","GBR","2014"
"0.390755","USA","2014"
"0.389975","USA","2015"
"0.38923934","USA","2016"
"0.38906474","USA","2017"
"0.2583858","USA","2018"
"0.25886141","USA","2019"
"0.25766571","USA","2020"
"0.25754568","USA","2021"
"0.25808085","USA","2022"
"0.25767935","USA","2023"
"0.25631375","USA","2024"
"0.25569714","USA","2025"
"0.255285","USA","2026"
"0.19","CZE","2014"
"0.19","CZE","2015"
"0.19","CZE","2016"
"0.19","CZE","2017"
"0.19","CZE","2018"
"0.19","CZE","2019"
"0.19","CZE","2020"
"0.19","CZE","2021"
"0.19","CZE","2022"
"0.19","CZE","2023"
"0.19","HUN","2014"
"0.19","HUN","2015"
"0.19","HUN","2016"
"0.2","FIN","2020"
"0.19","POL","2014"
"0.19","POL","2015"
"0.19","POL","2016"
"0.19","POL","2017"
"0.19","POL","2018"
"0.25","ESP","2020"
"0.25","ESP","2021"
"0.25","ESP","2022"
"0.25","ESP","2023"
"0.25","ESP","2024"
"0.25","ESP","2025"
"0.25","ESP","2026"
"0.25","TUR","2021"
"0.25","TUR","2023"
"0.25","TUR","2024"
"0.25","TUR","2025"
"0.25","GBR","2023"
"0.25","GBR","2024"
"0.25","GBR","2025"
"0.25","GBR","2026"
"0.28","ESP","2015"
"0.15","LVA","2014"
"0.15","LVA","2015"
"0.15","LVA","2016"
"0.15","LVA","2017"
"0.15","LTU","2014"
"0.15","LTU","2015"
"0.15","LTU","2016"
"0.15","LTU","2017"
"0.15","LTU","2018"
"0.15","LTU","2019"
"0.15","LTU","2020"
"0.15","LTU","2021"
"0.15","LTU","2022"
"0.15","LTU","2023"
"0.15","LTU","2024"
"0.35","COL","2022"
"0.35","COL","2023"
"0.35","COL","2024"
"0.35","COL","2025"
"0.2","EST","2015"
"0.2","EST","2016"
"0.2","EST","2017"
"0.2","EST","2018"
"0.2","EST","2019"
"0.2","EST","2020"
"0.2","EST","2021"
"0.2","EST","2022"
"0.2","EST","2023"
"0.2","EST","2024"
"0.2","FIN","2014"
"0.2","FIN","2015"
"0.2","FIN","2016"
"0.2","FIN","2017"
"0.2","FIN","2018"
"0.2","FIN","2019"
"0.35","COL","2026"
"0.23","COL","2026"
"0.25","TUR","2026"
