"ISO_3","country","year","property_tax_collections"
"AUS","Australia","2012",0.719402688141774
"AUS","Australia","2013",0.72522956852849
"AUS","Australia","2014",0.721190088552973
"AUS","Australia","2015",0.716954050016526
"AUS","Australia","2016",0.745729849488504
"AUS","Australia","2017",0.762226130771449
"AUS","Australia","2018",0.791838813178023
"AUS","Australia","2019",0.821347070664859
"AUS","Australia","2020",0.841871904238577
"AUS","Australia","2021",0.883042283725395
"AUS","Australia","2022",0.950530610838711
"AUS","Australia","2023",1.03544611993641
"AUS","Australia","2024",0.999633745062167
"AUT","Austria","2012",0.0913282337649062
"AUT","Austria","2013",0.0921961495082854
"AUT","Austria","2014",0.0914684145442239
"AUT","Austria","2015",0.0911920736227969
"AUT","Austria","2016",0.09036615304777
"AUT","Austria","2017",0.0919626145124217
"AUT","Austria","2018",0.0892523790026802
"AUT","Austria","2019",0.0920624671569807
"AUT","Austria","2020",0.0963664220311211
"AUT","Austria","2021",0.0990687586926586
"AUT","Austria","2022",0.098762354878432
"AUT","Austria","2023",0.100815862799541
"AUT","Austria","2024",0.102380393734953
"BEL","Belgium","2012",0.531828068764649
"BEL","Belgium","2013",0.551877459576398
"BEL","Belgium","2014",0.561096321996512
"BEL","Belgium","2015",0.560770807770072
"BEL","Belgium","2016",0.570242685258736
"BEL","Belgium","2017",0.560710860781437
"BEL","Belgium","2018",0.53393784104846
"BEL","Belgium","2019",0.579871157844335
"BEL","Belgium","2020",0.576285694554268
"BEL","Belgium","2021",0.59366183216384
"BEL","Belgium","2022",0.624906712449855
"BEL","Belgium","2023",0.698091986340888
"BEL","Belgium","2024",0.693560284133438
"CAN","Canada","2012",1.54870621673407
"CAN","Canada","2013",1.53539892148189
"CAN","Canada","2014",1.50218467776038
"CAN","Canada","2015",1.47134547936459
"CAN","Canada","2016",1.47343879669396
"CAN","Canada","2017",1.46095738362358
"CAN","Canada","2018",1.45283290558111
"CAN","Canada","2019",1.51971049871112
"CAN","Canada","2020",1.53028560515907
"CAN","Canada","2021",1.55466981267718
"CAN","Canada","2022",1.57582940187892
"CAN","Canada","2023",1.57933982554391
"CAN","Canada","2024",1.58050003101815
"CHE","Switzerland","2012",0.0612195435395502
"CHE","Switzerland","2013",0.061514187740255
"CHE","Switzerland","2014",0.0601984279725905
"CHE","Switzerland","2015",0.0658775517689275
"CHE","Switzerland","2016",0.0691833809877439
"CHE","Switzerland","2017",0.0667828502740446
"CHE","Switzerland","2018",0.0665997883264517
"CHE","Switzerland","2019",0.0716866507421846
"CHE","Switzerland","2020",0.0748422491239628
"CHE","Switzerland","2021",0.078849674202106
"CHE","Switzerland","2022",0.0802228331280186
"CHE","Switzerland","2023",0.0787115084524323
"CHE","Switzerland","2024",0.0801210805019748
"CHL","Chile","2012",0.461132569765365
"CHL","Chile","2013",0.412201693834037
"CHL","Chile","2014",0.385163624751765
"CHL","Chile","2015",0.387689248251899
"CHL","Chile","2016",0.39754734508681
"CHL","Chile","2017",0.401820413514895
"CHL","Chile","2018",0.415271079455709
"CHL","Chile","2019",0.442553692410374
"CHL","Chile","2020",0.506280856064651
"CHL","Chile","2021",0.553403214432187
"CHL","Chile","2022",0.590715943439605
"CHL","Chile","2023",0.684453518100027
"CHL","Chile","2024",0.687193469207797
"COL","Colombia","2012",0.412846043029416
"COL","Colombia","2013",0.458548263142363
"COL","Colombia","2014",0.474505962630269
"COL","Colombia","2015",0.468504992095575
"COL","Colombia","2016",0.45504342934108
"COL","Colombia","2017",0.467599710462458
"COL","Colombia","2018",0.468860098582933
"COL","Colombia","2019",0.504682511983515
"COL","Colombia","2020",0.529847533658971
"COL","Colombia","2021",0.551573989859263
"COL","Colombia","2022",0.544336194799848
"COL","Colombia","2023",0.5868687309362
"COL","Colombia","2024",0.643977387673191
"CRI","Costa Rica","2012",0.150760381451363
"CRI","Costa Rica","2013",0.164852969806491
"CRI","Costa Rica","2014",0.171928353478852
"CRI","Costa Rica","2015",0.182757267445319
"CRI","Costa Rica","2016",0.192392439948093
"CRI","Costa Rica","2017",0.196075437184129
"CRI","Costa Rica","2018",0.193978028173937
"CRI","Costa Rica","2019",0.215550800789551
"CRI","Costa Rica","2020",0.221731321605421
"CRI","Costa Rica","2021",0.259388306448514
"CRI","Costa Rica","2022",0.261592227956547
"CRI","Costa Rica","2023",0.266500132570522
"CRI","Costa Rica","2024",0.279776935313253
"CZE","Czech Republic","2012",0.0918800616810772
"CZE","Czech Republic","2013",0.0929843403462759
"CZE","Czech Republic","2014",0.0908814429083962
"CZE","Czech Republic","2015",0.0921559795228965
"CZE","Czech Republic","2016",0.0926637802192891
"CZE","Czech Republic","2017",0.0911956699156395
"CZE","Czech Republic","2018",0.0886674210757596
"CZE","Czech Republic","2019",0.0887250275407008
"CZE","Czech Republic","2020",0.0933141236291442
"CZE","Czech Republic","2021",0.0936870123141293
"CZE","Czech Republic","2022",0.0946752698210986
"CZE","Czech Republic","2023",0.0907221512980261
"CZE","Czech Republic","2024",0.161737779969034
"DEU","Germany","2012",0.195897707778587
"DEU","Germany","2013",0.196555987382251
"DEU","Germany","2014",0.196817506885249
"DEU","Germany","2015",0.199935635882316
"DEU","Germany","2016",0.202330266822142
"DEU","Germany","2017",0.200482948204758
"DEU","Germany","2018",0.195869453422584
"DEU","Germany","2019",0.201150080000289
"DEU","Germany","2020",0.206633547395101
"DEU","Germany","2021",0.211800967989517
"DEU","Germany","2022",0.214278761621412
"DEU","Germany","2023",0.214794054264204
"DEU","Germany","2024",0.220491859632615
"DNK","Denmark","2012",0.66622719497477
"DNK","Denmark","2013",0.69945526769419
"DNK","Denmark","2014",0.713651985591067
"DNK","Denmark","2015",0.725590794155527
"DNK","Denmark","2016",0.713566615593007
"DNK","Denmark","2017",0.694549034895502
"DNK","Denmark","2018",0.693913967682179
"DNK","Denmark","2019",0.7160614916955
"DNK","Denmark","2020",0.734892054371281
"DNK","Denmark","2021",0.737907321242416
"DNK","Denmark","2022",0.728568497368226
"DNK","Denmark","2023",0.718146380664015
"DNK","Denmark","2024",0.549796344648911
"ESP","Spain","2012",0.468337797538682
"ESP","Spain","2013",0.513909238640511
"ESP","Spain","2014",0.543271486763564
"ESP","Spain","2015",0.549121374924143
"ESP","Spain","2016",0.555048249742934
"ESP","Spain","2017",0.558633022547583
"ESP","Spain","2018",0.553787753063345
"ESP","Spain","2019",0.561031085025209
"ESP","Spain","2020",0.560858615955669
"ESP","Spain","2021",0.596461814504747
"ESP","Spain","2022",0.584252365909288
"ESP","Spain","2023",0.582418207061601
"ESP","Spain","2024",0.580571672229028
"EST","Estonia","2012",0.16364460579987
"EST","Estonia","2013",0.150702940466045
"EST","Estonia","2014",0.148080069889965
"EST","Estonia","2015",0.139462590345645
"EST","Estonia","2016",0.13759745432411
"EST","Estonia","2017",0.128055794542678
"EST","Estonia","2018",0.120957148826803
"EST","Estonia","2019",0.116152647304699
"EST","Estonia","2020",0.110704340521249
"EST","Estonia","2021",0.105874198636073
"EST","Estonia","2022",0.099380669210134
"EST","Estonia","2023",0.0949517217589341
"EST","Estonia","2024",0.0901103771233143
"FIN","Finland","2012",0.269080288104485
"FIN","Finland","2013",0.281299882190186
"FIN","Finland","2014",0.308748028308603
"FIN","Finland","2015",0.325023586083372
"FIN","Finland","2016",0.333776843777665
"FIN","Finland","2017",0.34500709654085
"FIN","Finland","2018",0.339829825342968
"FIN","Finland","2019",0.352250917893441
"FIN","Finland","2020",0.368553553400163
"FIN","Finland","2021",0.370097299324927
"FIN","Finland","2022",0.382673919544738
"FIN","Finland","2023",0.387523915565379
"FIN","Finland","2024",0.416258751923891
"FRA","France","2012",1.11930796898712
"FRA","France","2013",1.15309534887437
"FRA","France","2014",1.15662826534133
"FRA","France","2015",1.18910959023568
"FRA","France","2016",1.21405991540471
"FRA","France","2017",1.21531442673539
"FRA","France","2018",1.15624766550963
"FRA","France","2019",1.13144409487628
"FRA","France","2020",1.09406282591165
"FRA","France","2021",1.0240339520194
"FRA","France","2022",1.01315718632939
"FRA","France","2023",1.03576682115089
"FRA","France","2024",1.08421277099217
"GBR","United Kingdom","2012",1.73996559619767
"GBR","United Kingdom","2013",1.76205430388324
"GBR","United Kingdom","2014",1.76600344852385
"GBR","United Kingdom","2015",1.77128241982673
"GBR","United Kingdom","2016",1.77214108654731
"GBR","United Kingdom","2017",1.77643537770578
"GBR","United Kingdom","2018",1.79919786292277
"GBR","United Kingdom","2019",1.86748067784134
"GBR","United Kingdom","2020",1.68349243350049
"GBR","United Kingdom","2021",1.76677216932453
"GBR","United Kingdom","2022",1.92726279444927
"GBR","United Kingdom","2023",1.97565726617707
"GBR","United Kingdom","2024",2.03694032190385
"GRC","Greece","2012",0.694996431901783
"GRC","Greece","2013",0.669905152561012
"GRC","Greece","2014",0.894387508783943
"GRC","Greece","2015",1.01480789438925
"GRC","Greece","2016",1.08957264663241
"GRC","Greece","2017",1.1194166563592
"GRC","Greece","2018",1.1347238564114
"GRC","Greece","2019",1.08208467984926
"GRC","Greece","2020",1.06196585034116
"GRC","Greece","2021",1.13528017814717
"GRC","Greece","2022",1.12290501510305
"GRC","Greece","2023",1.10268162149771
"GRC","Greece","2024",1.08311654767364
"HUN","Hungary","2012",0.205339775020412
"HUN","Hungary","2013",0.296463733463678
"HUN","Hungary","2014",0.290242310517407
"HUN","Hungary","2015",0.294573994339444
"HUN","Hungary","2016",0.300380589245405
"HUN","Hungary","2017",0.299035507020923
"HUN","Hungary","2018",0.277369935080025
"HUN","Hungary","2019",0.267446825586057
"HUN","Hungary","2020",0.260865552542027
"HUN","Hungary","2021",0.258864170278381
"HUN","Hungary","2022",0.241681986290722
"HUN","Hungary","2023",0.251216265663274
"HUN","Hungary","2024",0.238650011376456
"IRL","Ireland","2012",0.429691173163581
"IRL","Ireland","2013",0.494496667922909
"IRL","Ireland","2014",0.523497254729482
"IRL","Ireland","2015",0.472668020076424
"IRL","Ireland","2016",0.415208624259299
"IRL","Ireland","2017",0.375481623170412
"IRL","Ireland","2018",0.348987494569279
"IRL","Ireland","2019",0.286916141183477
"IRL","Ireland","2020",0.161722298589385
"IRL","Ireland","2021",0.218321026407333
"IRL","Ireland","2022",0.260088669976186
"IRL","Ireland","2023",0.266967801071235
"IRL","Ireland","2024",0.277964071886069
"ISL","Iceland","2012",0.731562640088295
"ISL","Iceland","2013",0.790189488128798
"ISL","Iceland","2014",0.824067605225514
"ISL","Iceland","2015",0.892716619526522
"ISL","Iceland","2016",1.02707628122378
"ISL","Iceland","2017",1.13198066974763
"ISL","Iceland","2018",1.12376353596251
"ISL","Iceland","2019",1.21110745815622
"ISL","Iceland","2020",1.24360367579661
"ISL","Iceland","2021",1.3004918415192
"ISL","Iceland","2022",1.3518127120563
"ISL","Iceland","2023",1.39520305475148
"ISL","Iceland","2024",1.4324015332775
"ISR","Israel","2012",1.21165000271552
"ISR","Israel","2013",1.20935452872823
"ISR","Israel","2014",1.19844900264017
"ISR","Israel","2015",1.21113627174583
"ISR","Israel","2016",1.2026892297197
"ISR","Israel","2017",1.20428904937781
"ISR","Israel","2018",1.16960680877391
"ISR","Israel","2019",1.17482927682111
"ISR","Israel","2020",1.0460099965352
"ISR","Israel","2021",1.1720586502927
"ISR","Israel","2022",1.19277154659845
"ISR","Israel","2023",1.14814541621054
"ISR","Israel","2024",1.14441349058715
"ITA","Italy","2012",0.597996823738978
"ITA","Italy","2013",0.523120244738885
"ITA","Italy","2014",0.64040281676422
"ITA","Italy","2015",0.649059186650405
"ITA","Italy","2016",0.560262163182504
"ITA","Italy","2017",0.560894665382504
"ITA","Italy","2018",0.560291733884721
"ITA","Italy","2019",0.578076867776268
"ITA","Italy","2020",0.58049693951297
"ITA","Italy","2021",0.613524113541447
"ITA","Italy","2022",0.618230650217462
"ITA","Italy","2023",0.625032455899724
"ITA","Italy","2024",0.611265955040742
"JPN","Japan","2012",0.80748440782705
"JPN","Japan","2013",0.807110876981277
"JPN","Japan","2014",0.800895970382202
"JPN","Japan","2015",0.788106089541076
"JPN","Japan","2016",0.802300721688643
"JPN","Japan","2017",0.802886490134588
"JPN","Japan","2018",0.794238962825182
"JPN","Japan","2019",0.807700006702748
"JPN","Japan","2020",0.815395231024362
"JPN","Japan","2021",0.807183599147345
"JPN","Japan","2022",0.829432037654974
"JPN","Japan","2023",0.837197070478641
"JPN","Japan","2024",0.840087379182047
"KOR","Korea","2012",0.304618634229138
"KOR","Korea","2013",0.309500940113759
"KOR","Korea","2014",0.321530434101263
"KOR","Korea","2015",0.33042058563119
"KOR","Korea","2016",0.331765291574061
"KOR","Korea","2017",0.343298845612978
"KOR","Korea","2018",0.351025650610022
"KOR","Korea","2019",0.390618393187178
"KOR","Korea","2020",0.43019909871715
"KOR","Korea","2021",0.508113767954818
"KOR","Korea","2022",0.530044085710647
"KOR","Korea","2023",0.433350540897405
"KOR","Korea","2024",0.416380217715524
"LTU","Lithuania","2012",0.194083206402717
"LTU","Lithuania","2013",0.188257804762392
"LTU","Lithuania","2014",0.202475128876953
"LTU","Lithuania","2015",0.226023743654466
"LTU","Lithuania","2016",0.215870196049933
"LTU","Lithuania","2017",0.207964549544714
"LTU","Lithuania","2018",0.207916326977711
"LTU","Lithuania","2019",0.211420684687379
"LTU","Lithuania","2020",0.205218298590825
"LTU","Lithuania","2021",0.217497010915601
"LTU","Lithuania","2022",0.234822096997247
"LTU","Lithuania","2023",0.242060317067903
"LTU","Lithuania","2024",0.241526422080246
"LUX","Luxembourg","2012",0.0519675653960096
"LUX","Luxembourg","2013",0.0488656860114262
"LUX","Luxembourg","2014",0.0490990183781264
"LUX","Luxembourg","2015",0.0478543583234027
"LUX","Luxembourg","2016",0.0473912346038307
"LUX","Luxembourg","2017",0.0469662152183834
"LUX","Luxembourg","2018",0.0454905365128309
"LUX","Luxembourg","2019",0.0446832029385943
"LUX","Luxembourg","2020",0.0450982660707662
"LUX","Luxembourg","2021",0.0457565019692466
"LUX","Luxembourg","2022",0.0481129082154395
"LUX","Luxembourg","2023",0.0476427712388653
"LUX","Luxembourg","2024",0.0469298589002213
"LVA","Latvia","2012",0.385493050612391
"LVA","Latvia","2013",0.382310120350886
"LVA","Latvia","2014",0.408427572615081
"LVA","Latvia","2015",0.405497761881585
"LVA","Latvia","2016",0.449163017563437
"LVA","Latvia","2017",0.453668893081021
"LVA","Latvia","2018",0.42229562437469
"LVA","Latvia","2019",0.423167780557343
"LVA","Latvia","2020",0.410556302473793
"LVA","Latvia","2021",0.409157725150701
"LVA","Latvia","2022",0.40255603637454
"LVA","Latvia","2023",0.393482715291729
"LVA","Latvia","2024",0.381629242210817
"MEX","Mexico","2012",0.0959301251029516
"MEX","Mexico","2013",0.0931841229840583
"MEX","Mexico","2014",0.106231450138275
"MEX","Mexico","2015",0.095980029507108
"MEX","Mexico","2016",0.0904683169932924
"MEX","Mexico","2017",0.0909555662076681
"MEX","Mexico","2018",0.0923609234953965
"MEX","Mexico","2019",0.0955057184680444
"MEX","Mexico","2020",0.101787801190872
"MEX","Mexico","2021",0.108806245678934
"MEX","Mexico","2022",0.124075297361167
"MEX","Mexico","2023",0.130748695316706
"MEX","Mexico","2024",0.11947799929021
"NLD","Netherlands","2012",0.346578646357588
"NLD","Netherlands","2013",0.396320689755922
"NLD","Netherlands","2014",0.492242318009189
"NLD","Netherlands","2015",0.481683941459032
"NLD","Netherlands","2016",0.487261305310382
"NLD","Netherlands","2017",0.499389055007957
"NLD","Netherlands","2018",0.510140013590205
"NLD","Netherlands","2019",0.508171703727711
"NLD","Netherlands","2020",0.541382340335993
"NLD","Netherlands","2021",0.527326755091046
"NLD","Netherlands","2022",0.500305977494324
"NLD","Netherlands","2023",0.465551652887634
"NLD","Netherlands","2024",0.400388273404623
"NOR","Norway","2012",0.142963973933058
"NOR","Norway","2013",0.150750165658457
"NOR","Norway","2014",0.153294056848831
"NOR","Norway","2015",0.168856847682842
"NOR","Norway","2016",0.180349897587768
"NOR","Norway","2017",0.194589586595361
"NOR","Norway","2018",0.194295759818345
"NOR","Norway","2019",0.196780037593058
"NOR","Norway","2020",0.193596023146081
"NOR","Norway","2021",0.198370195381552
"NOR","Norway","2022",0.198867969430229
"NOR","Norway","2023",0.211010255035102
"NOR","Norway","2024",0.203230974359002
"NZL","New Zealand","2012",1.23739065364448
"NZL","New Zealand","2013",1.25652687961475
"NZL","New Zealand","2014",1.25882177956604
"NZL","New Zealand","2015",1.24397266845235
"NZL","New Zealand","2016",1.22177910582921
"NZL","New Zealand","2017",1.20794683269831
"NZL","New Zealand","2018",1.20476756778816
"NZL","New Zealand","2019",1.21545546538284
"NZL","New Zealand","2020",1.22046222478738
"NZL","New Zealand","2021",1.2751327138157
"NZL","New Zealand","2022",1.29015047901501
"NZL","New Zealand","2023",1.34123916437985
"NZL","New Zealand","2024",1.45179736470797
"POL","Poland","2012",0.827461180651124
"POL","Poland","2013",0.87463275437691
"POL","Poland","2014",0.886232396140753
"POL","Poland","2015",0.884786137084212
"POL","Poland","2016",0.864227054878312
"POL","Poland","2017",0.876637662337195
"POL","Poland","2018",0.861688598378332
"POL","Poland","2019",0.857738803857743
"POL","Poland","2020",0.872220146777573
"POL","Poland","2021",0.895875077314275
"POL","Poland","2022",0.917918110957488
"POL","Poland","2023",0.964573843377113
"POL","Poland","2024",1.01190478589717
"PRT","Portugal","2012",0.286643150854973
"PRT","Portugal","2013",0.342436214977415
"PRT","Portugal","2014",0.372596845199998
"PRT","Portugal","2015",0.394856750278093
"PRT","Portugal","2016",0.388171217373408
"PRT","Portugal","2017",0.394070422497757
"PRT","Portugal","2018",0.403824079379951
"PRT","Portugal","2019",0.424078707527954
"PRT","Portugal","2020",0.413668807652237
"PRT","Portugal","2021",0.409186921716789
"PRT","Portugal","2022",0.407455790649296
"PRT","Portugal","2023",0.401646972845713
"PRT","Portugal","2024",0.392523875694821
"SVK","Slovak Republic","2012",0.214837333476132
"SVK","Slovak Republic","2013",0.218489366419464
"SVK","Slovak Republic","2014",0.218778848455961
"SVK","Slovak Republic","2015",0.219593818071552
"SVK","Slovak Republic","2016",0.225667717299815
"SVK","Slovak Republic","2017",0.225930007889627
"SVK","Slovak Republic","2018",0.221560377226481
"SVK","Slovak Republic","2019",0.22464427266427
"SVK","Slovak Republic","2020",0.261185495071656
"SVK","Slovak Republic","2021",0.276463872502375
"SVK","Slovak Republic","2022",0.27237716234867
"SVK","Slovak Republic","2023",0.28588112713574
"SVK","Slovak Republic","2024",0.344071332872819
"SVN","Slovenia","2012",0.218174650134289
"SVN","Slovenia","2013",0.231697310403401
"SVN","Slovenia","2014",0.22461848053301
"SVN","Slovenia","2015",0.228998163399597
"SVN","Slovenia","2016",0.242324406425567
"SVN","Slovenia","2017",0.253015416804209
"SVN","Slovenia","2018",0.249527906074537
"SVN","Slovenia","2019",0.264135081313022
"SVN","Slovenia","2020",0.26973258760591
"SVN","Slovenia","2021",0.284310592377801
"SVN","Slovenia","2022",0.288344590806941
"SVN","Slovenia","2023",0.298360417185017
"SVN","Slovenia","2024",0.309793725498917
"SWE","Sweden","2012",0.363384601777319
"SWE","Sweden","2013",0.391477114946734
"SWE","Sweden","2014",0.38295105378459
"SWE","Sweden","2015",0.373191007842291
"SWE","Sweden","2016",0.370414634551008
"SWE","Sweden","2017",0.344638938310206
"SWE","Sweden","2018",0.328688564407244
"SWE","Sweden","2019",0.338871259303834
"SWE","Sweden","2020",0.338224910184742
"SWE","Sweden","2021",0.346850429488006
"SWE","Sweden","2022",0.361069847197912
"SWE","Sweden","2023",0.361012162743297
"SWE","Sweden","2024",0.364976761193864
"TUR","Turkey","2012",0.103781824736701
"TUR","Turkey","2013",0.101472897061447
"TUR","Turkey","2014",0.113874275237482
"TUR","Turkey","2015",0.117323504355126
"TUR","Turkey","2016",0.117035995381575
"TUR","Turkey","2017",0.0988879049696244
"TUR","Turkey","2018",0.0997900306464053
"TUR","Turkey","2019",0.108967697364083
"TUR","Turkey","2020",0.120646257977975
"TUR","Turkey","2021",0.132710213348479
"TUR","Turkey","2022",0.136952620525004
"TUR","Turkey","2023",0.152069459525779
"TUR","Turkey","2024",0.135743097308342
"USA","United States","2012",1.57727334999075
"USA","United States","2013",1.56742350334384
"USA","United States","2014",1.56355814270321
"USA","United States","2015",1.56340539187263
"USA","United States","2016",1.58627415720788
"USA","United States","2017",1.59645086647821
"USA","United States","2018",1.57988860708332
"USA","United States","2019",1.6503031126155
"USA","United States","2020",1.67743163090996
"USA","United States","2021",1.72483615432331
"USA","United States","2022",1.76494883200868
"USA","United States","2023",1.82839591642734
"USA","United States","2024",1.88236665694233
