ISO_2,ISO_3,Country,Year,Final Rank,Final Score,Corporate Rank,Corporate Score,Income Rank,Income Score,Consumption Rank,Consumption Score,Property Rank,Property Score,Cross-Border Rank,Cross-Border Score,,,,,,,,
CA,CAN,Canada,2014,25,65.82465073,20,61.99543459,29,52.91659165,13,63.45960561,26,59.55321101,20,67.80127566,,,,,,,,
CA,CAN,Canada,2015,16,71.47313007,21,60.40878816,22,59.67415021,9,82.31943099,25,60.35288045,18,68.17099854,,,,,,,,
CA,CAN,Canada,2016,18,70.88124264,23,61.01314852,26,56.06751213,9,78.59963248,25,61.79458579,19,70.18287643,,,,,,,,
CA,CAN,Canada,2017,15,70.24941431,23,62.2333823,29,54.38610932,6,85.11384801,25,61.98008206,20,69.91582793,,,,,,,,
CA,CAN,Canada,2018,15,69.90322711,25,59.92995737,28,52.75607628,6,86.35688617,24,59.39633958,21,69.26024824,,,,,,,,
CA,CAN,Canada,2019,15,72.01589468,23,62.08037844,27,52.14869507,8,81.39693846,25,59.12686846,18,77.84328851,,,,,,,,
CA,CAN,Canada,2020,14,71.08239276,24,57.78176254,27,53.1066409,8,81.67278016,23,59.79589092,18,77.70519521,,,,,,,,
CA,CAN,Canada,2021,14,69.67967232,26,56.23658771,28,54.51495833,8,82.85860282,25,59.24214642,18,77.78298845,,,,,,,,
CA,CAN,Canada,2022,14,70.68148765,23,57.92795748,25,57.07573988,8,79.21158635,25,58.73855441,17,78.41247434,,,,,,Growth regressions,,
CA,CAN,Canada,2023,14,70.92449241,21,59.90897869,26,57.26316759,9,82.29578725,25,58.68533282,17,77.86363415,,,,,,https://taxfoundation.org/research/all/eu/european-economic-growth-investment-tax-policy/,,
CA,CAN,Canada,2024,14,69.84278249,25,53.26589553,26,58.46682432,9,83.11870814,25,58.39212708,16,74.3288645,,Machinery,Buildings,Intangibles,,Corporate Score,GDP 1yr,GDP 3yrs
CA,CAN,Canada,2025,13,73.8989546,22,61.56272825,27,58.06778308,7,83.54328351,25,58.68194732,18,74.30485748,Baseline 2025,96.70%,62.50%,51.90%,,0,,
,,,,,,,,,,,,,,,,,,,,,,,
CA,CAN,Canada,2026,13,75.25685496,19,65.79303321,27,58.06778308,7,83.54328351,25,58.68194732,18,74.30485748,Baseline 2026,100.00%,63.60%,100.00%,,4.230304958,0.30,0.68
,,,,,,,,,,,,,,,,,,,,,,,
CA,CAN,Canada,2026,12,76.08420313,14,68.35424244,27,58.06778308,7,83.54328351,25,58.68194732,18,74.30485748,Full expensing 2026,100.00%,100.00%,100.00%,,6.791514189,0.48,1.09
,,,,,,,,,,,,,,,,,,,,,,,
