"country","year","corporate","consumption","property","income","cross_border","final"
"Austria",2025,0.0647467845077397,-0.0283302102686934,0.0465468230158164,-0.213584768675189,0.0993067117977618,-0.00626293192451284
"Australia",2025,-0.294170599407466,0.715969891264213,0.848153647408633,0.0821072777396518,-0.30070314274155,0.210271414852696
"Belgium",2025,0.0844474413927317,-0.295100016269368,-0.534777850353346,0.16833287560985,-0.1676159575063,-0.148942701425286
"Canada",2025,-0.099852218812256,0.773928181625419,-0.0780667703391925,-0.219979701503692,0.0246144061273245,0.0801287794195207
"Switzerland",2025,0.22911952418791,1.09768914259232,-0.777734115182599,0.457437933879592,0.736646895955884,0.348631876286621
"Chile",2025,-0.307193878729894,0.558871509279353,0.340781874307151,-0.17730859273121,-1.03443129229541,-0.123856076034001
"Colombia",2025,-0.824590300312076,-0.0203903593392344,-0.584625438586269,0.204811585107781,-0.848565447938381,-0.414671992213636
"Costa Rica",2025,-0.562212453600726,0.791091152046263,0.300962141769748,-0.156282950583171,-0.232023569648026,0.0283068639968174
"Czech Republic",2025,0.306465826667345,-0.573436392528589,0.50444791183,0.340522483126461,0.219466905487331,0.15949334691651
"Germany",2025,-0.420273433878891,0.101147273224203,0.210665189719543,-0.442841823153232,0.336849233399627,-0.0428907121377501
"Denmark",2025,0.082415767933284,-0.152263578228763,0.247443428465347,-0.461804523887845,-0.350538306605343,-0.126949442464664
"Estonia",2025,1.09615352637442,-0.21858024922899,1.21606758753718,0.833107676816344,0.35552148978752,0.656454006257296
"Spain",2025,-0.393669766140263,-0.094211170823522,-0.777139524463374,-0.0933318146203186,0.0271388838042193,-0.266242678448652
"Finland",2025,0.287890047214449,-0.418527817493177,-0.0155513781787281,-0.240516125939777,-0.0337367822045666,-0.0840884113203598
"France",2025,-1.23890540702403,-0.552453551847997,-0.646183655615514,-0.408283454660699,0.19221205256375,-0.530722803316898
"United Kingdom",2025,-0.224585756842273,-0.621912857793503,-0.819657694192351,-0.20851008610972,0.668930194439897,-0.24114724009959
"Greece",2025,0.104523093757346,-0.506027083466212,-0.418496424963691,0.601097093483164,-0.114446960722815,-0.0666700563824416
"Hungary",2025,0.677167474777425,-0.93908628464306,-0.0529283494803254,0.651287696316718,0.603795729905678,0.188047253375287
"Ireland",2025,0.56888933771661,-0.802549989587383,0.0207073912276988,-0.575180283687741,-0.167944998972587,-0.19121570866068
"Israel",2025,0.209905947141306,0.329160687013603,0.53007936198856,-0.414688017850469,0.304619609490203,0.191815517556641
"Iceland",2025,0.118575176946429,-0.288003679402879,-0.277136607064074,-0.117631700292005,-0.131609225834356,-0.139161207129377
"Italy",2025,-0.209796193223702,-0.929329844971577,-0.916060559536192,-0.0281493336084842,-0.07598370618875,-0.431863927505741
"Japan",2025,-0.56501728710502,0.96055877977553,-0.07304056887517,-0.448122279142488,-0.129755467983083,-0.0510753646660464
"Korea",2025,-0.119707281666579,1.0791441464942,-0.464677124152529,-0.698040516444144,-0.18198186242513,-0.0770525276388369
"Lithuania",2025,0.762614456815055,-0.290080039906051,0.41814585083405,0.364849164388644,0.101933652716767,0.271492616969693
"Luxembourg",2025,-0.0274415384975709,0.748872172531462,0.099545659733165,-0.148872916645524,0.515847103692424,0.237590096162791
"Latvia",2025,1.27752040713778,-0.198150290145699,0.501232219444759,0.480400314775074,0.439553686758153,0.500111267594013
"Mexico",2025,-0.190981405162202,0.196520904968098,0.63212578600304,0.110358874455061,-0.738408710895877,0.00192308987362395
"Netherlands",2025,-0.111080330716397,-0.0203900582519771,-0.0391086669016483,-0.296154677100034,0.60973911758537,0.0286010769230627
"Norway",2025,0.152159571217651,-0.260891256796814,0.117854999560766,-0.287874575357824,0.13960333220968,-0.0278295858333083
"New Zealand",2025,-0.363418326709644,1.30834947835559,0.58947043368251,0.503432892079173,-0.106549476892914,0.386257000102942
"Poland",2025,0.137451389596581,-0.776097922365446,-0.312460214585642,-0.452864542514259,-0.279260691469939,-0.336646396267741
"Portugal",2025,-0.648424991033623,-0.203700776256466,-0.016919881967113,-0.131191696436674,-0.290122247146948,-0.258071918568165
"Sweden",2025,0.39800801771774,-0.290266730691761,0.458807403852938,-0.0991274002416061,0.190118325441521,0.131507923215766
"Slovenia",2025,0.155073649535146,-0.464130211955832,-0.208907330955167,0.250264789433418,-0.0935897314209063,-0.0722577670726684
"Slovak Republic",2025,-0.124817844356879,-0.681301077459238,0.432931886226032,0.847365449829612,-0.119878150921892,0.070860052663527
"Turkey",2025,-0.0725875592844023,-0.0686756599062772,-0.0771675864845794,0.510370916950799,0.338896472496806,0.126167316754469
"United States",2025,0.085599131866942,1.03258379045826,-0.425329854729436,-0.0854052428052405,-0.507648073845145,0.0199599501890767
