"country","year","corporate_rank","corporate","consumption_rank","consumption","property_rank","property","income_rank","income","cross_border_rank","cross_border","final_rank","final","ISO_2","ISO_3"
"Australia",2017,23,53.8421148329993,27,49.9657222236472,2,89.5738359255823,23,61.9347383119649,21,70.0499683236438,11,68.5811818120023,"AU","AUS"
"Austria",2017,18,55.852310815098,14,64.8841874868014,30,47.9082009905192,36,43.9116337274376,5,90.5980458515872,21,62.9663556453867,"AT","AUT"
"Belgium",2017,11,58.8346567599865,24,53.4244217570633,25,54.5602901375837,4,95.7648809577217,4,92.6520453331557,6,72.6074931963751,"BE","BEL"
"Canada",2017,20,55.0394457246723,13,64.9323903417394,12,63.7513054936126,19,64.0478730917292,14,77.924105230431,12,68.3723125929888,"CA","CAN"
"Chile",2017,36,36.7983481457028,2,82.8478097761361,10,65.3128504463243,29,52.2799768242744,38,32.8835136238334,28,56.1460426105142,"CL","CHL"
"Colombia",2017,37,35.7034617192672,23,59.2095989989731,31,46.1250833069619,2,99.0543773170864,37,38.2528283739868,36,52.4401080077321,"CO","COL"
"Costa Rica",2017,29,48.5419445264429,18,61.6778407427773,11,64.0141090178951,22,62.3996844970665,27,64.3287229204779,22,61.8025812920311,"CR","CRI"
"Czech Republic",2017,10,59.0785741059754,28,49.8536806253158,13,63.6877127835721,1,100,7,84.1463533790286,5,72.9843124457026,"CZ","CZE"
"Denmark",2017,19,55.1791718342172,8,71.6229484651508,13,63.6877127835721,31,49.749356704398,22,69.2344336261954,16,65.6837270731463,"DK","DNK"
"Estonia",2017,1,100,4,78.9572056299111,1,100,12,80.0983924251448,15,77.6100773429741,1,100,"EE","EST"
"Finland",2017,16,56.8238320420761,9,67.9063303997044,22,58.9608033434165,27,56.4961909530577,25,66.6911832022255,19,64.1242234915109,"FI","FIN"
"France",2017,35,38.1289483432757,37,33.2348496562672,35,36.734857136691,38,42.3006447264139,9,80.698505846764,38,41.1098182238066,"FR","FRA"
"Germany",2017,14,57.2277053547077,15,64.8332892220249,13,63.6877127835721,37,43.532162453259,8,82.4911503656257,15,66.0933805597729,"DE","DEU"
"Greece",2017,24,53.7286188534973,26,51.7320769937851,27,54.2974866133012,17,67.5814035628987,34,53.6278917898405,29,55.2781243297692,"GR","GRC"
"Hungary",2017,38,29.0384792578718,16,62.1001632111208,17,59.2871995777394,9,86.9519268521114,13,79.1014611382827,20,63.4333654064583,"HU","HUN"
"Iceland",2017,32,45.7800964697484,11,65.5680075523993,33,44.4800329787927,28,53.3686219187082,33,58.6945385291662,33,53.1501516602547,"IS","ISL"
"Ireland",2017,27,50.1309231570942,34,36.9413616254499,22,58.9608033434165,30,51.8689323190083,17,73.7040476223787,34,52.7007832271261,"IE","IRL"
"Israel",2017,12,57.7182751381,6,72.423720183861,5,73.1415316638835,34,46.6261921968321,12,79.4519224720566,7,71.5277794734359,"IL","ISR"
"Italy",2017,6,60.885274429969,31,42.2674083796705,38,26.7204128932195,24,58.6195323395304,19,71.8090922206499,37,48.449411029162,"IT","ITA"
"Japan",2017,30,48.5183996432905,22,59.3278457602878,24,58.697999819134,32,47.4055751822157,23,68.6031699168764,25,57.5265359111341,"JP","JPN"
"Korea",2017,26,50.3842873696843,10,65.6132703835181,37,33.1382729114467,15,67.8330678710121,32,59.8547459143899,30,54.0806014111038,"KR","KOR"
"Latvia",2017,3,62.8986846148168,32,40.0157794909404,5,73.1415316638835,10,85.5960647289133,18,73.141384918325,13,68.1250012741027,"LV","LVA"
"Lithuania",2017,2,65.2933995952588,33,37.0995499714119,8,69.7133636521571,11,84.3845755436855,26,66.6341292195552,17,64.9078743432998,"LT","LTU"
"Luxembourg",2017,13,57.2854988454618,3,82.2241080925739,17,59.2871995777394,16,67.6550684197624,6,87.941674154176,3,76.6383508169153,"LU","LUX"
"Mexico",2017,8,60.5378419688128,30,47.8188691838509,5,73.1415316638835,35,45.3933010568424,35,51.0991378992131,26,56.7474147026488,"MX","MEX"
"Netherlands",2017,25,50.9304792195447,12,65.024925924296,17,59.2871995777394,25,58.3477834578978,1,100,9,70.2780821634424,"NL","NLD"
"New Zealand",2017,28,49.8736189945839,1,100,3,79.1671825324684,7,89.5559248094005,24,68.5320416394088,2,86.0209035004926,"NZ","NZL"
"Norway",2017,21,54.3424359507149,7,71.7526503415754,16,60.305811627429,21,62.6605943707276,20,70.9456311612044,14,67.387088607982,"NO","NOR"
"Poland",2017,15,56.9088504047036,36,33.9430372444122,29,49.5705771731456,13,79.5005522224512,29,61.9484549077474,32,53.1566172260342,"PL","POL"
"Portugal",2017,31,47.1014761655487,17,61.9048522481327,17,59.2871995777394,33,46.8299114815591,30,61.7298878330763,27,56.340269824046,"PT","PRT"
"Slovak Republic",2017,22,54.2028142674077,35,36.848727554743,4,74.7666693266357,3,96.4399539357974,28,62.032555843904,18,64.4311574977511,"SK","SVK"
"Slovenia",2017,17,56.5951164568312,29,49.7944498981052,34,38.4543821102078,6,91.9605960447111,36,45.7708683753227,31,53.3391480627118,"SI","SVN"
"Spain",2017,33,45.2416833546991,19,60.3602740901882,32,45.8622797826795,14,72.9008607263309,16,75.4472952819622,23,59.6621081549872,"ES","ESP"
"Sweden",2017,4,62.4126965606894,5,73.3856252372894,9,68.7410184580507,20,63.3226093874175,11,79.4809428093414,4,75.0779635786463,"SE","SWE"
"Switzerland",2017,5,61.3267538795463,20,59.9112540596579,35,36.734857136691,8,89.3616242258243,3,92.8749358779397,10,68.81430419446,"CH","CHE"
"Turkey",2017,9,59.1144023998633,21,59.4374741693728,28,53.9710903789783,5,93.6687027854145,10,80.2399061514589,8,71.0106812802953,"TR","TUR"
"United Kingdom",2017,34,41.4370543901552,38,24.5214455715216,25,54.5602901375837,18,66.9704381431903,2,93.2554042408977,35,52.5445462155841,"GB","GBR"
"United States",2017,7,60.8586794708752,25,53.1510855405935,17,59.2871995777394,26,56.6357013588495,31,59.8832836243353,24,58.7446144323064,"US","USA"
