"ISO_2","ISO_3","Country","Year","Final Rank","Final Score","Corporate Rank","Corporate Score","Income Rank","Income Score","Consumption Rank","Consumption Score","Property Rank","Property Score","Cross-Border Rank","Cross-Border Score"
"AU","AUS","Australia",2014,10,77.5989097818762,25,59.5600464163424,18,67.5902409999417,8,78.7671934811129,2,87.0639101837966,28,58.2752597746532
"AU","AUS","Australia",2015,9,77.4343776385413,23,58.4524450532427,19,65.4271687347718,8,78.7178206623012,2,86.9239835681842,27,58.1894222826709
"AU","AUS","Australia",2016,10,76.8298314201363,25,58.177001991686,19,60.4400658368148,7,79.7020751969592,2,87.3122464081988,27,61.4276247238682
"AU","AUS","Australia",2017,9,73.5281527208616,31,57.2148405240331,17,64.5642820042413,7,82.4324911904871,3,82.0879539570056,26,61.2342881663131
"AU","AUS","Australia",2018,10,74.7046654265905,33,54.2296709129328,17,78.3455940396303,7,83.7141017087906,3,80.5334655386765,27,60.7536166326534
"AU","AUS","Australia",2019,9,78.5476345158786,32,56.2158200908781,16,69.3081442979952,6,82.9284012770785,3,80.269371859607,26,72.661817843479
"AU","AUS","Australia",2020,7,78.6280555134291,31,51.7364450525682,17,77.3529610379731,7,82.2549885433407,3,80.2111226765789,26,73.0674793280652
"AU","AUS","Australia",2021,9,76.081416609529,30,49.1606932976674,15,65.3587419708237,7,81.9159256436687,3,80.0473204700939,26,73.0822579430941
"AU","AUS","Australia",2022,6,78.5563905068014,30,52.1523093994866,15,75.44834117783,6,82.0061539646857,4,79.1832382275608,22,73.7242596447296
"AU","AUS","Australia",2023,10,75.9000872497565,32,48.4492016080801,14,75.626632430077,9,81.5707593846567,4,79.4226354131968,21,72.1813767175989
"AT","AUT","Austria",2014,15,71.4997847163438,15,65.3297631352457,24,62.1858086151828,18,58.9915461045314,23,60.1955382524554,4,81.771121893856
"AT","AUT","Austria",2015,13,71.5991300519914,16,64.2385077189938,24,62.3138372783122,17,57.8198141667827,23,60.2480356731082,4,82.3596250240669
"AT","AUT","Austria",2016,13,72.1357961375226,16,65.2853452209756,25,57.0012619074498,17,57.0492952011645,17,65.8758921046425,5,83.371357741651
"AT","AUT","Austria",2017,16,68.9725398502776,18,64.8497611025983,32,49.7194325120252,17,61.2063714983615,16,65.6626141547276,6,83.2506851465799
"AT","AUT","Austria",2018,15,70.5438348838475,20,63.7853365439342,29,66.05166895066,16,63.1264261940246,16,63.243453368343,6,83.7242431726771
"AT","AUT","Austria",2019,15,72.1818865461073,21,64.665205970553,31,53.61719037452,16,61.9360781025407,16,63.0766615826814,6,94.0347914460556
"AT","AUT","Austria",2020,16,71.6478048569557,25,56.7551370896981,29,66.8448830436631,16,60.8048382229786,15,63.3725346183582,6,94.2427562996305
"AT","AUT","Austria",2021,15,69.4954860065092,22,58.7159861644692,26,56.6694422240504,15,61.4329573109805,16,63.2453317987501,7,87.2467753240065
"AT","AUT","Austria",2022,17,67.353845448825,23,60.8368618233053,30,58.165217080105,17,57.3678159484321,17,62.8215123865782,8,86.039786422315
"AT","AUT","Austria",2023,20,65.3366797429352,20,62.5807192483205,30,58.1369156581489,17,58.824078652436,16,62.897138664973,16,76.8804694084349
"BE","BEL","Belgium",2014,18,68.8500297256802,31,52.6514073769204,13,80.207864780086,19,56.5846062592372,27,56.4135219975044,9,76.3791244181408
"BE","BEL","Belgium",2015,18,68.3833902839766,31,52.0694453784928,13,77.9392967580922,19,55.6189867542076,26,56.2748122477165,10,76.7267993076522
"BE","BEL","Belgium",2016,23,65.5962024419745,33,52.5026627358143,12,71.3121140050983,20,50.2489697286086,27,56.4689496364581,10,77.658796041587
"BE","BEL","Belgium",2017,23,63.7200980542672,32,54.8480311277634,14,72.2574198368968,21,51.2705676976204,27,56.350093579521,12,75.4833883205818
"BE","BEL","Belgium",2018,23,65.4501252942251,22,60.746216006281,12,89.3534187421141,22,53.533715847551,31,45.0797696805006,12,75.8594580102567
"BE","BEL","Belgium",2019,24,65.3014720210136,26,59.6450745499231,13,73.9556191857005,25,52.4117398747492,31,45.065276683791,10,84.9911526365222
"BE","BEL","Belgium",2020,21,69.1117457894638,20,61.6750851186376,12,88.4555768632867,24,52.3722702748096,26,53.7388120052088,19,77.7533334451259
"BE","BEL","Belgium",2021,24,63.942311982554,14,64.8993078474265,14,71.0071217881309,24,52.151468859357,31,45.2216810171673,19,77.7155933125191
"BE","BEL","Belgium",2022,22,64.4236864576581,14,68.3103177611238,11,77.7430084690256,24,49.3861069055012,30,45.1273270225074,18,76.5206664958487
"BE","BEL","Belgium",2023,27,59.9524868083004,15,66.5636686274258,11,77.8947400619751,22,52.1636700606765,30,45.119233170393,33,59.7741008639491
"CA","CAN","Canada",2014,27,65.0774414738316,26,59.4221320026975,28,60.2895041112628,14,63.4322152970752,28,55.8395506392183,21,64.1607680006237
"CA","CAN","Canada",2015,25,65.3867685059888,24,57.9435930809815,23,62.4483745393802,15,62.1495817853593,27,56.0702086238042,19,64.2181975574522
"CA","CAN","Canada",2016,18,68.7243426677159,24,58.9646809942314,27,56.0000271181278,9,78.5296943908211,26,56.5983778668904,21,66.9314436533348
"CA","CAN","Canada",2017,15,69.3164170693273,25,60.0290614214165,27,55.7816174075592,6,90.3868340831494,26,56.8492714088794,21,66.6509086018285
"CA","CAN","Canada",2018,16,68.8820424966854,25,57.9746549403916,27,70.5756816091196,6,86.4095659312936,25,53.9158770962247,21,65.984646883402
"CA","CAN","Canada",2019,16,71.1504359299118,25,60.5628298129654,26,58.3741281274907,8,81.2993851358852,25,53.8495709842148,18,79.078601852987
"CA","CAN","Canada",2020,15,72.3818765959012,24,57.3101066950418,27,70.613177922995,8,81.4556198922172,25,54.1463265758589,16,79.7168023852219
"CA","CAN","Canada",2021,16,69.3763181427937,26,55.3521475545434,29,54.5670554483654,8,81.5297081435754,25,53.9610720479522,16,79.737815324358
"CA","CAN","Canada",2022,15,69.9681200161527,27,57.2810723637203,27,63.9419692075508,8,78.7824688400875,25,52.8318382958631,16,80.1424749687799
"CA","CAN","Canada",2023,15,69.8060905635498,24,58.010953781178,24,64.1790918685809,8,81.6968452609203,25,52.9191925592384,15,78.7691368212494
"CL","CHL","Chile",2014,20,67.7879071120365,17,63.8619079128577,15,70.9139097222171,10,74.059494371676,14,69.6835740780682,36,35.5976590221366
"CL","CHL","Chile",2015,22,66.9865621121752,20,60.4776435376387,15,71.5338671150023,9,72.1892171628056,13,69.880597424826,36,34.8644065430024
"CL","CHL","Chile",2016,28,61.570248888622,22,60.5046323088365,21,58.9600829557847,10,70.8755288758355,14,70.0898164194787,38,30.6117737072321
"CL","CHL","Chile",2017,31,58.7664202581343,33,50.7488883609617,20,61.785675900484,10,76.4181277113506,12,70.2217758498353,38,30.4701398058412
"CL","CHL","Chile",2018,32,57.4259719183949,34,46.8993372507445,23,73.6956362289683,11,76.5288370694058,13,68.0258137152887,38,30.6342662571606
"CL","CHL","Chile",2019,30,60.7415825316715,34,48.7837014192409,18,66.1502701162294,11,75.5717109749936,13,67.8602145899477,38,35.5070207785854
"CL","CHL","Chile",2020,31,58.6818861712757,34,40.6783593765337,23,71.6423508184232,10,76.5130807388181,13,67.5411403643491,38,35.5938073692197
"CL","CHL","Chile",2021,25,63.5394006933583,18,61.6305390580536,16,62.8958176274035,10,75.607903835258,13,67.260194783148,38,35.5972700226106
"CL","CHL","Chile",2022,31,57.5802186335231,12,70.5848923352434,38,36.1358665039906,11,71.4261185558427,13,67.3463510541623,37,38.6414754865638
"CL","CHL","Chile",2023,35,50.4668505874427,35,40.1446229998195,38,36.3032234078973,10,79.8077969182161,13,67.3504214004327,37,38.0483771087107
"CO","COL","Colombia",2014,24,65.9279638230891,37,39.9055475851723,8,91.5815838939286,11,72.2001385288898,8,73.3734281414099,37,34.4181794971684
"CO","COL","Colombia",2015,33,58.9169109762147,37,31.6169731781589,6,91.9184346703134,11,68.3186998320248,24,58.4643918792393,37,33.9045884483745
"CO","COL","Colombia",2016,34,58.4392424794036,38,29.9271881495252,4,89.7701437287819,11,69.6180488107422,25,58.56825750035,36,39.5649336231484
"CO","COL","Colombia",2017,33,57.4751333103607,37,33.5198764296872,4,93.8399333588562,13,70.0488637733124,25,58.4843633758851,37,37.8891961583891
"CO","COL","Colombia",2018,35,52.9660865525861,38,29.6675441994585,6,96.4897786294854,18,60.2928641323324,24,54.8147761403566,36,41.8863647536909
"CO","COL","Colombia",2019,34,60.4530080407906,37,41.8403647146825,5,94.6574124979411,18,58.6508698797148,24,54.5461002812936,36,50.7275126323601
"CO","COL","Colombia",2020,34,57.5176273123059,37,37.6227299229192,4,97.0384787180393,17,59.2530680415838,24,54.5301759627642,36,43.07921541065
"CO","COL","Colombia",2021,35,53.9947072444184,35,36.8493901174013,10,79.8680481496468,16,59.987530070613,24,54.4966340984743,36,43.0964420403966
"CO","COL","Colombia",2022,38,47.2593317597989,38,31.957255490049,13,76.8316533183478,18,56.3105773567096,27,47.8744141343892,36,42.1647611541025
"CO","COL","Colombia",2023,38,46.3759631791939,38,31.6600431840586,15,74.6673823153893,18,58.1545620493525,27,48.2483378531783,36,39.9149538577505
"CR","CRI","Costa Rica",2014,17,70.0519152193423,32,51.364178722551,19,67.3630944128362,7,81.0219527043845,11,70.9385655708197,32,52.2739547829121
"CR","CRI","Costa Rica",2015,14,71.2033490533261,33,48.2018922815654,16,66.7093937888332,7,79.5114411750693,10,70.7905494829135,25,60.2070581641182
"CR","CRI","Costa Rica",2016,16,70.3022215346323,34,49.3366047010257,18,60.7089336689626,8,79.5804916727579,10,70.8875455252576,25,63.3153065565339
"CR","CRI","Costa Rica",2017,17,68.6255053003613,34,50.5982856477514,18,62.8148489504539,9,80.8740649338506,10,70.5098517694549,23,63.8309430427286
"CR","CRI","Costa Rica",2018,22,66.0973936526541,35,45.8583451635865,30,66.0052270969332,9,82.0043623577406,11,68.324152954656,24,63.1259368370175
"CR","CRI","Costa Rica",2019,20,69.0308513814059,35,44.6561835603534,27,56.1621587951096,9,79.9633747840575,12,67.9740674086802,19,77.427543797657
"CR","CRI","Costa Rica",2020,24,66.629512328916,35,39.1780945652793,36,56.6179240916786,9,79.4240083526261,12,68.2707557663461,18,78.4480720000947
"CR","CRI","Costa Rica",2021,21,66.0753021750939,37,35.5737679340906,33,48.344019743689,9,81.0912452370201,12,68.079723988081,17,78.5377638881973
"CR","CRI","Costa Rica",2022,23,63.4594476229147,37,36.2684169622909,33,54.3118631112751,7,79.8937028174325,9,73.6399210387027,30,64.0687148888635
"CR","CRI","Costa Rica",2023,22,64.8014284541458,36,39.1924426350204,33,55.1619956460307,5,86.0092763877358,9,73.6298039983223,31,61.5973331993959
"CZ","CZE","Czech Republic",2014,6,80.7720367599368,7,76.2238781099381,2,98.5872404712658,27,47.4630009602306,9,71.5891507864563,8,76.7043585064822
"CZ","CZE","Czech Republic",2015,6,80.3629950682529,7,74.6031469011207,2,98.0002444208345,26,46.5637126857393,8,71.5805713804582,9,76.9306187028088
"CZ","CZE","Czech Republic",2016,6,80.11594365409,7,75.6906440931953,3,91.8673624277998,26,45.7645695632605,8,71.9130573827115,8,79.5428205949569
"CZ","CZE","Czech Republic",2017,5,78.3700479144914,5,74.5525759848521,3,95.6477707331612,27,49.4108387243474,8,71.6279271566707,9,80.0660186510168
"CZ","CZE","Czech Republic",2018,4,80.1042740451025,5,76.5624513187707,2,99.2854437215261,25,52.6915793622142,9,69.6168387754272,8,79.8131348567607
"CZ","CZE","Czech Republic",2019,5,82.2614320562775,6,77.1467673588669,2,98.0390780975056,24,52.4995506455605,9,69.4914571152532,12,82.6421514291337
"CZ","CZE","Czech Republic",2020,5,83.7160886507573,6,75.343116732227,2,99.3403940818736,26,51.6953188533703,5,76.5849372416865,12,82.708517103296
"CZ","CZE","Czech Republic",2021,5,81.9721307463695,6,74.8367168262214,4,92.1265144543797,25,52.0334032938687,5,76.503504175519,12,82.6996914645561
"CZ","CZE","Czech Republic",2022,5,81.8044436210357,6,76.2309867739617,4,93.5639970255502,25,48.965676034478,6,76.6963855194428,11,82.8616350295082
"CZ","CZE","Czech Republic",2023,5,81.2399160011751,6,75.6146290088915,4,94.364434150889,25,50.4378684055826,6,76.7225353518013,10,81.6523876729889
"DK","DNK","Denmark",2014,33,60.8730908327218,19,63.3004360886685,35,49.1071755766054,22,50.3479751243589,18,65.2430276723295,29,55.6396924244014
"DK","DNK","Denmark",2015,30,61.3931135921225,14,66.1473309388812,35,46.1906229595598,24,48.4417932738313,16,64.9138892224117,28,56.998509491946
"DK","DNK","Denmark",2016,31,60.7147775635119,14,66.8449208241174,34,44.0189768375395,25,47.4444134494959,18,65.0516387307868,28,60.2857762241158
"DK","DNK","Denmark",2017,27,60.5949740969156,12,69.2306057748811,34,45.3088572101948,23,50.8356529280448,17,64.7304327061472,27,59.9147397232537
"DK","DNK","Denmark",2018,26,61.262145294912,15,68.1038363588236,35,62.4555057539591,20,54.0921327679628,17,62.44459321872,29,59.3802135966603
"DK","DNK","Denmark",2019,32,60.53739578541,13,69.6075983303242,38,39.349297568169,20,53.4590888217165,17,62.5680524824213,30,64.6815838164953
"DK","DNK","Denmark",2020,28,61.7430914563648,10,68.8425860056831,37,53.9331478466339,20,54.1603774388946,17,62.8208784165536,31,64.0698887276503
"DK","DNK","Denmark",2021,30,58.298538959434,17,61.9369468098633,38,41.2289119212524,21,53.6638170254351,17,62.678001457682,31,64.0459814045182
"DK","DNK","Denmark",2022,29,58.5400580762823,18,64.9677233462168,36,50.2197336573229,20,52.8375541700916,18,62.1540942971684,32,62.2044696383049
"DK","DNK","Denmark",2023,29,58.5206969016323,17,65.3959914208174,36,50.2436601737054,20,53.463398096049,18,62.2805063320704,29,62.0360333553888
"EE","EST","Estonia",2014,1,100,1,100,1,100,12,66.9056976571762,1,100,10,76.2601340558569
"EE","EST","Estonia",2015,1,100,1,100,1,100,13,64.0894149072689,1,100,8,76.9701568503897
"EE","EST","Estonia",2016,1,100,1,100,2,94.2396474772259,14,64.1466558694491,1,100,9,79.0054398456345
"EE","EST","Estonia",2017,1,100,1,100,2,97.9331224529741,12,72.1560985656961,1,100,3,84.9279406018285
"EE","EST","Estonia",2018,1,100,1,100,3,98.8947675989122,14,64.8840227269345,1,100,5,84.7190826232199
"EE","EST","Estonia",2019,1,100,2,98.6904565065545,3,96.3098635392038,14,64.1574838585847,1,100,15,82.1097205038837
"EE","EST","Estonia",2020,1,100,2,98.5853425619299,5,95.4655636350676,14,64.7788988436948,1,100,13,82.073594337084
"EE","EST","Estonia",2021,1,100,2,98.4681833917453,2,96.38995061049,14,64.3960969019945,1,100,13,82.0812858006055
"EE","EST","Estonia",2022,1,100,2,98.5162260484306,2,99.5615884217592,15,59.8193545813231,1,100,12,81.9321829153809
"EE","EST","Estonia",2023,1,100,2,98.5542419536815,1,100,15,64.2270076072186,1,100,11,80.827556728429
"FI","FIN","Finland",2014,26,65.4269369285918,12,70.0172861288448,25,61.9390773168096,21,51.6152501138264,24,59.3170560403449,24,61.3010467193692
"FI","FIN","Finland",2015,23,66.131273843403,12,69.0878021909735,27,58.6808927545365,21,50.4222503081485,18,64.2071366331661,23,61.5015826572368
"FI","FIN","Finland",2016,19,67.6254514958053,11,72.7463395839489,28,54.5275434177044,21,48.7456614515362,12,70.5708583799662,23,64.4289858174587
"FI","FIN","Finland",2017,22,64.2676951676705,11,71.944275311294,26,56.2079524189969,22,50.9807458851882,19,63.8192931964332,22,63.9434671595682
"FI","FIN","Finland",2018,21,66.210171622669,10,73.7219819767181,24,72.6005776781014,23,53.3416378924591,19,61.1909251643534,22,64.2237141823048
"FI","FIN","Finland",2019,21,68.4235252102507,9,74.350197163484,25,58.5711798238469,22,52.8833176306649,19,60.9329134995751,22,75.5542549530967
"FI","FIN","Finland",2020,20,69.7153403825621,9,72.1771070493858,22,71.9326675252227,21,53.5069372614583,19,61.2448732480419,21,75.2675767221482
"FI","FIN","Finland",2021,19,67.1103691388231,9,73.0639192171749,28,55.1218542252047,20,53.6804050264671,20,61.1940707075394,21,75.2461315461396
"FI","FIN","Finland",2022,18,67.0513701943678,9,74.4197595185871,25,64.256815141829,23,50.7619283949748,19,60.8813670198288,21,73.7286781655025
"FI","FIN","Finland",2023,19,66.5322372682878,9,74.2478554653143,25,64.1132615594337,24,51.6095504296016,19,61.0025298104731,20,72.7098030818154
"FR","FRA","France",2014,38,41.1147596981853,38,31.0040738429475,38,39.8961425958975,30,41.4144628984478,38,30.1336555884106,18,65.9257903141649
"FR","FRA","France",2015,38,41.271649923407,38,30.6986641149137,38,41.2085068401502,32,39.6561138856886,38,29.9789922891957,16,66.2945096029399
"FR","FRA","France",2016,38,41.9836774522322,37,37.7317826013318,38,39.530282128186,32,39.2339429932888,38,30.0465506800278,16,68.8273995148678
"FR","FRA","France",2017,38,39.0367432713295,38,28.3622684058032,38,40.5791746679116,31,41.0451906082541,38,29.8069753002696,17,68.1887692725292
"FR","FRA","France",2018,38,43.5401624032754,37,37.2940861384989,32,63.2750200806824,32,43.4105045785261,38,31.8861420316363,17,68.0434919981456
"FR","FRA","France",2019,38,44.557765791824,38,29.7059970358796,33,49.7684647195251,33,42.7822355561373,36,37.577693661064,17,79.0841307444408
"FR","FRA","France",2020,38,46.7135316446475,38,32.0904268338029,32,62.487109307595,33,41.3772053260428,36,38.3102131906967,15,80.679869314772
"FR","FRA","France",2021,37,47.1259883184064,36,36.0589321501585,32,49.0725371908418,33,42.2760781838527,34,39.1875095817118,15,81.5388893442197
"FR","FRA","France",2022,36,48.1235336413685,35,45.9913776080129,32,55.4266216182052,33,39.097810039515,35,39.4060111883502,15,80.4321185307746
"FR","FRA","France",2023,36,49.1492180227318,34,46.2939464091098,32,55.9048535065585,32,41.192642941401,33,40.6521006130364,14,79.9068056578271
"DE","DEU","Germany",2014,19,68.3369919263868,28,57.4314685700323,36,47.8804465362306,15,63.3754230197775,12,70.4396504051202,13,73.6352360737772
"DE","DEU","Germany",2015,19,67.9149432150322,26,56.2755823989731,36,45.3782884511006,16,62.0906063053006,11,70.442051429615,12,74.0549975154409
"DE","DEU","Germany",2016,20,67.4710446285213,27,57.2041309723069,36,42.844458605269,16,61.8276378363642,11,70.7458992799219,12,76.0287578592947
"DE","DEU","Germany",2017,19,66.826977269234,27,59.0912409092564,36,44.6637225487735,14,65.5709845840061,11,70.4541458585838,11,75.8367128276006
"DE","DEU","Germany",2018,18,67.1158613319183,30,56.9045775769963,36,59.3074490784628,12,66.9197738653934,10,68.3500464071195,11,75.909284722457
"DE","DEU","Germany",2019,18,70.0736202780847,31,56.5332848039681,35,48.0056135205292,12,65.9012185774222,10,68.2373992269463,7,90.2286052307515
"DE","DEU","Germany",2020,18,70.3652868294748,28,53.3185143178331,35,59.068560110985,13,65.0205206206326,11,68.5635585093845,7,90.4148700313458
"DE","DEU","Germany",2021,18,67.6383941943271,32,48.5321308682359,35,45.6597397013698,13,65.3329798761856,11,68.444283656451,6,90.3933334425613
"DE","DEU","Germany",2022,20,66.3998967243537,32,51.7225251632589,35,52.2073404664048,14,60.2273969656498,12,68.1908546277325,6,89.1153267267736
"DE","DEU","Germany",2023,18,66.6138372477045,31,50.9230410042638,35,52.2942831546913,14,65.1438770843089,12,68.2250968393138,6,87.542003277342
"GR","GRC","Greece",2014,29,63.1199775314097,18,63.5862698755903,12,83.7088477452442,28,44.8004677740273,29,54.6109886974125,31,53.1042265783127
"GR","GRC","Greece",2015,32,60.5244965390535,29,55.0239211980931,12,82.9732070416755,28,44.134958129038,28,54.9774999580052,32,51.4436285241961
"GR","GRC","Greece",2016,35,55.4607582849599,30,55.8742933551213,15,62.3300442168528,28,42.9478288801833,30,52.6642028503096,32,55.1257776932036
"GR","GRC","Greece",2017,35,56.3022633717179,28,58.3021883692752,12,74.9013234374949,29,43.4919571253016,30,51.2746651144771,33,53.3771617629285
"GR","GRC","Greece",2018,34,55.387435613971,31,55.6833780352749,14,87.6318271279161,30,45.7945537385573,29,47.0685564287612,34,52.8900638941684
"GR","GRC","Greece",2019,29,60.8936254031222,20,64.894148833431,12,79.4360632167865,31,43.3808929067167,30,46.4765299763364,29,64.770410858486
"GR","GRC","Greece",2020,26,64.4545314118104,19,61.8800451822175,9,92.1090175635718,31,44.2277347103154,31,46.4967555948797,25,73.349815320298
"GR","GRC","Greece",2021,27,62.4367944941279,16,62.3169932926194,9,81.0089337749185,32,43.7485055052542,29,47.3001627240377,25,73.342462938372
"GR","GRC","Greece",2022,25,62.9150112251824,19,64.8448686552368,7,89.0830190652393,32,40.0981276722319,28,47.1528621938985,24,72.1963416605599
"GR","GRC","Greece",2023,25,61.4364336931311,19,64.2188253626356,8,89.1710448189259,33,38.2117938830284,28,47.1309036474209,23,70.4075230428752
"HU","HUN","Hungary",2014,14,71.570531911323,16,64.3862494374882,9,90.5979905217525,36,32.6923751067947,17,65.3520637175269,5,81.0004382543395
"HU","HUN","Hungary",2015,16,70.638602640657,17,61.6326127306959,9,89.6231277740048,36,32.4028276071699,17,64.385946328897,5,81.4077722676248
"HU","HUN","Hungary",2016,15,70.892699919478,19,62.9527729525935,9,85.4884530936628,36,33.0867643653612,19,64.7682989460057,4,83.3805809838215
"HU","HUN","Hungary",2017,12,71.6677888861116,14,67.9103436496189,8,89.2095173049874,35,38.1411462147491,18,64.5217628799002,5,83.7941911984579
"HU","HUN","Hungary",2018,12,73.7796476743975,8,73.9170145106153,8,94.2023712466541,36,35.7366892835659,18,61.9661927475946,3,88.7364424035718
"HU","HUN","Hungary",2019,10,78.0538183070665,5,78.925474923608,7,91.2557947717366,36,34.4618022096239,18,61.8502979653072,3,98.6087114364089
"HU","HUN","Hungary",2020,8,78.1910190126482,5,81.4183904576647,7,93.8406384491418,37,31.703952154227,18,62.3558051267498,3,98.7138774638189
"HU","HUN","Hungary",2021,7,77.2869336072675,5,81.782666333555,6,89.5564210558716,38,31.3941052915216,18,62.4311199729451,3,98.7350413073963
"HU","HUN","Hungary",2022,11,75.549638355487,4,82.6222566723272,6,90.8034425120937,37,31.1691589361547,23,56.8696363165178,3,97.8744711248881
"HU","HUN","Hungary",2023,11,75.0358011797447,4,82.0750991724729,6,91.0632746196422,38,31.7560234140873,23,57.0401305297141,3,96.7422018014504
"IS","ISL","Iceland",2014,34,58.0702353658668,13,67.8148899066859,21,64.5030942832564,31,40.4072808006719,36,40.3020917987329,20,64.3480812141725
"IS","ISL","Iceland",2015,31,61.3694691075688,13,66.1695478409353,21,62.8311033811125,31,40.0763216575115,29,54.5381608926299,21,63.719217722616
"IS","ISL","Iceland",2016,26,61.652041338689,15,65.759449361545,20,59.8063092348489,27,44.7379844842349,28,53.9274735459401,22,66.5284806811656
"IS","ISL","Iceland",2017,32,58.2211795940775,17,65.0262352341292,21,61.0927512001009,26,50.0429767757819,28,53.8249240949776,32,55.2127126166589
"IS","ISL","Iceland",2018,29,59.1420361828463,14,69.0747725977837,20,74.6000565390468,27,51.7549027780642,28,49.8360774228633,32,54.915667752854
"IS","ISL","Iceland",2019,28,61.482436297838,14,69.5346259633565,21,62.112165244769,23,52.6943957126969,28,48.7280181557219,31,64.248957933396
"IS","ISL","Iceland",2020,30,60.7744820852656,12,67.1669141972988,24,71.3970263566618,27,51.3344873143456,29,48.7752375504823,32,63.613682657919
"IS","ISL","Iceland",2021,32,57.1977683885008,15,64.3965723966534,23,59.582409535658,28,48.7045138799092,28,47.7568820266584,32,63.5925546726094
"IS","ISL","Iceland",2022,34,55.1135085032932,17,66.7490802341976,18,69.6957196475537,28,45.2724201091623,34,39.9551329162703,33,61.7629389624191
"IS","ISL","Iceland",2023,32,55.4831892322058,12,67.1542454381853,18,69.1522413810725,28,47.4447586993296,34,40.2113358894355,32,61.3080100868161
"IE","IRL","Ireland",2014,28,63.7203628719944,4,84.7644078130768,37,46.9179913873524,37,32.1881383373236,21,62.5258599388064,16,67.6340581378849
"IE","IRL","Ireland",2015,27,62.8550907538531,4,82.6077403504083,37,44.2641247373259,37,32.2199726112874,21,61.8635532167834,15,66.9967858946628
"IE","IRL","Ireland",2016,27,61.6305081693265,4,79.8103717655738,37,41.197401422313,37,32.6361086094155,22,61.831370244817,15,70.0952392293124
"IE","IRL","Ireland",2017,28,60.3054220505277,4,77.3751207483943,37,42.3556219309921,37,33.8863300885518,22,62.211587649378,14,70.8459863089595
"IE","IRL","Ireland",2018,25,61.7621140413036,4,81.4728607871355,37,58.953474180162,35,36.6299125323435,21,60.2502808502731,15,69.6771972957737
"IE","IRL","Ireland",2019,27,63.5119004932076,4,83.1467593967055,37,46.2732595460068,35,34.8447256655963,21,60.5832221135135,20,77.1927925985224
"IE","IRL","Ireland",2020,25,64.5425989723623,4,82.3895594980966,34,59.3572161402274,35,35.8118042160848,20,61.1392811420718,20,76.7916769843118
"IE","IRL","Ireland",2021,26,62.6515718461353,4,82.2646133888723,36,43.5744073170636,35,36.7027778342932,19,61.9341332835291,20,76.8677267128837
"IE","IRL","Ireland",2022,30,58.1614423329262,5,81.2041841583625,31,56.2114753893224,36,31.3646466467715,15,63.2612893332511,34,60.7924136863412
"IE","IRL","Ireland",2023,28,58.8787049723711,5,80.5497083341776,31,56.457729623152,34,36.0943709142406,17,62.7476584438373,34,59.2335136091728
"IL","ISR","Israel",2014,13,72.165199305725,14,66.4036284672276,32,51.2889568052327,9,74.988587465601,13,69.8779391858742,19,65.3363957969777
"IL","ISR","Israel",2015,15,71.1647193372799,15,65.6042518577788,31,50.6226701046349,10,70.7998202487034,12,69.9155001057235,18,64.2892100308011
"IL","ISR","Israel",2016,14,71.3025046958696,12,69.2128007183085,29,48.5581452225802,12,68.009142789891,13,70.3409766506368,19,67.7459501642978
"IL","ISR","Israel",2017,13,71.1745450486323,15,67.4440841931177,28,52.9407671911563,11,75.7628190038473,13,69.9891710113472,16,68.458572659012
"IL","ISR","Israel",2018,14,72.0249516172051,16,66.7687867974227,31,64.7052272804931,10,77.5018236878992,12,68.0760630920365,16,68.1833509701623
"IL","ISR","Israel",2019,12,74.4336066591425,19,65.0457524837469,32,52.8408404481537,10,75.7607505033956,11,68.011027655776,14,82.25350553015
"IL","ISR","Israel",2020,11,76.6588663491337,15,65.0133105685267,30,64.9544261570621,11,75.9427246030892,10,68.6534365156048,11,83.1691447084444
"IL","ISR","Israel",2021,10,75.0259564965597,12,65.3237140597019,30,51.7641118385189,11,75.4949589099245,10,68.8459141915457,11,83.2501681412952
"IL","ISR","Israel",2022,8,78.0207697068357,16,66.7503704102771,24,66.3613113911297,10,73.0923449954163,11,69.455775512283,9,85.6812038679133
"IL","ISR","Israel",2023,8,78.3378653664813,13,66.7133354785831,23,67.9532170830783,11,77.828936537021,11,68.607151860463,8,84.7898329728932
"IT","ITA","Italy",2014,35,55.6539993667287,23,60.9034201599033,16,68.3662718147264,29,44.3813708039775,37,36.3508187756156,26,59.0796075179569
"IT","ITA","Italy",2015,37,52.9341390026164,27,55.9436310280321,18,66.3158269331057,29,40.8524661817227,37,37.3583220831662,29,56.2799510200375
"IT","ITA","Italy",2016,37,51.5633621694992,29,56.0944336036714,16,62.2728757624997,30,40.5257444146117,37,36.1656849917692,29,59.8786916032995
"IT","ITA","Italy",2017,37,52.4071675767845,21,62.4980608099646,16,64.6075793899049,32,40.6266575800328,37,36.1078392017329,28,59.6094856575019
"IT","ITA","Italy",2018,37,50.0009432877706,21,62.9813377101032,16,79.6406310989973,37,33.071084405633,37,32.2350063468659,28,60.0681522852759
"IT","ITA","Italy",2019,37,51.378284523804,22,62.489273289261,17,66.4472907451919,37,32.5132713030468,38,31.916378959123,27,69.8426678230575
"IT","ITA","Italy",2020,37,49.7431124688067,26,54.289811903557,16,78.7534725330092,38,31.6659510549793,38,31.9879859916383,28,69.3149917194554
"IT","ITA","Italy",2021,38,46.8626132687209,27,53.5104024476069,17,62.8723169482705,37,32.2399651544283,38,32.0324303479038,28,69.2869455048957
"IT","ITA","Italy",2022,37,47.3670835671748,25,58.4615296009508,16,70.6968106994771,38,30.2935858354412,38,31.9377997838092,27,67.3557770523246
"IT","ITA","Italy",2023,37,48.3535824598412,21,59.0095873244241,16,70.8416772095626,37,32.8822753993073,38,31.8073663871888,24,67.1593512459948
"JP","JPN","Japan",2014,22,67.2534009463819,33,46.2869328897262,31,53.2228320749932,2,97.3528785671041,26,58.3515161609048,30,55.0914687205738
"JP","JPN","Japan",2015,17,68.5177357330306,32,51.0398929083842,30,51.2542525408936,2,96.2081397302925,25,58.4271155026706,30,54.9748246222257
"JP","JPN","Japan",2016,17,69.1350102847115,31,55.8345979881842,35,43.6653450169444,1,100,24,58.6425384418241,30,58.4137335516243
"JP","JPN","Japan",2017,18,67.2765200471615,30,57.5659379944696,33,45.712409580136,4,94.696810738531,24,58.6452564531342,24,62.9873848203259
"JP","JPN","Japan",2018,20,66.6666494521706,32,55.0359165077775,34,62.6897380929114,4,94.4746143203769,26,50.3869255328894,23,63.4267360804048
"JP","JPN","Japan",2019,19,69.2390220945244,33,55.3002847664715,34,48.9419586003736,4,93.4954139602835,26,50.1086741638731,21,76.7438403557554
"JP","JPN","Japan",2020,22,68.598906709288,33,50.6117748516234,31,62.542468207355,4,94.7968055900655,27,50.4227014853606,27,69.9364276134
"JP","JPN","Japan",2021,23,64.8185359259031,31,48.853254945422,34,47.2750205154486,5,90.5065941377307,26,50.3192678296786,27,69.5433967602532
"JP","JPN","Japan",2022,26,62.8085322127472,33,51.560093852881,34,53.2222219308809,5,83.2201912785518,26,49.8492752156167,26,68.2533870571853
"JP","JPN","Japan",2023,24,61.5426483570634,30,50.9955760378358,34,53.0375357242999,6,85.7178421926572,26,50.2686531381924,25,64.3663475361033
"KR","KOR","Korea",2014,25,65.501467617088,20,62.8404267073038,33,50.9314019628204,3,94.8163665239414,33,46.8301089331755,33,47.613176565396
"KR","KOR","Korea",2015,24,65.3949898733221,19,60.9286738740341,32,49.5268289761639,4,92.0622220255135,34,46.9070741374017,33,50.2372722828758
"KR","KOR","Korea",2016,24,64.9279745903166,20,62.221309975014,33,44.7465997291597,4,92.8315335346688,34,46.8956347192959,33,54.5805357502938
"KR","KOR","Korea",2017,24,63.516283168404,22,62.2709764886476,35,44.7913209199024,3,94.9358514582253,34,46.736437898908,30,55.8968865697497
"KR","KOR","Korea",2018,31,57.730018428867,26,57.3280558154412,38,35.6938021205616,2,99.2505488512143,33,43.0025696232685,31,55.1730467003903
"KR","KOR","Korea",2019,25,64.1514815923112,30,56.6465038756462,36,47.1271179395504,1,100,33,42.5505685966247,33,57.6129048468271
"KR","KOR","Korea",2020,33,57.8032784418621,30,52.5837606456835,38,35.6630932964013,2,98.5461465796358,33,42.6725471171135,33,57.8565399116317
"KR","KOR","Korea",2021,28,61.2651536807615,29,50.2681097571429,37,41.3752497984942,1,100,33,42.2707474028501,33,57.8077098603786
"KR","KOR","Korea",2022,24,63.3282333470408,29,52.8625828613521,37,49.5283031465973,3,91.257383613299,32,41.7136406924406,25,72.0118077748264
"KR","KOR","Korea",2023,23,61.6265690222736,26,55.0122924439799,37,49.2756762379025,2,94.9610561455935,32,41.0256996492681,26,63.8453232142868
"LV","LVA","Latvia",2014,4,82.4781847450979,2,89.6562765940343,4,94.9143869992463,35,34.4539379813486,4,79.0063798583267,7,77.5616385050605
"LV","LVA","Latvia",2015,4,81.9518487208995,3,84.2077078145,5,93.1915895214102,34,35.3433451333611,4,79.0068546139688,6,80.3475500728118
"LV","LVA","Latvia",2016,2,82.6187430046572,3,85.2612295486046,6,88.5340667066568,33,37.5309967117218,4,79.0450938189117,6,82.1254786515107
"LV","LVA","Latvia",2017,3,79.9902894545349,3,82.2387840928573,6,91.7283299200191,33,40.3348501990022,4,78.7617976953189,7,82.3600765345536
"LV","LVA","Latvia",2018,2,84.0892365298021,2,90.3157979047139,4,98.6860384562501,28,48.5416790148723,4,76.7802833218817,9,77.357173818944
"LV","LVA","Latvia",2019,3,88.7224648165765,1,100,8,90.4436522109185,28,47.0923924502151,4,76.6243003530244,9,86.0538071980446
"LV","LVA","Latvia",2020,2,90.3237998328871,1,100,6,94.6980996210802,28,49.8723640570391,4,77.2702748422942,8,86.4535807944721
"LV","LVA","Latvia",2021,2,90.0202502759522,1,100,3,92.4087298352221,27,50.904068022598,4,77.3248735782854,8,86.4735519261433
"LV","LVA","Latvia",2022,2,89.6864136697206,1,100,3,94.271911670632,26,48.7374338643157,5,76.9821216275964,10,85.3156347541863
"LV","LVA","Latvia",2023,2,88.5135341952262,1,100,3,94.6102743491294,27,48.3124134448037,5,77.0887591688301,9,83.875379338251
"LT","LTU","Lithuania",2014,9,77.9450022456476,3,87.0168887039974,6,93.036969504639,33,36.2323303119889,5,77.255241843011,23,63.9029841728087
"LT","LTU","Lithuania",2015,8,77.5019550250238,2,85.3810145150933,8,91.5489478733208,33,35.7271151044582,5,77.2937545255189,20,64.0552838597025
"LT","LTU","Lithuania",2016,8,77.9397219141636,2,86.382949904096,7,86.644137699526,34,37.2531569863019,5,77.0570393152148,20,67.6765843640831
"LT","LTU","Lithuania",2017,8,75.5204951676191,2,83.8536473688742,7,89.3713933323002,34,39.6874033057072,5,76.8919297996897,20,67.4738491237178
"LT","LTU","Lithuania",2018,7,75.9096903156222,3,83.6403507366517,9,92.490733987162,33,43.3594269876677,5,75.3842034150299,19,67.2464920385701
"LT","LTU","Lithuania",2019,8,78.7938047148061,3,84.8356121095052,9,87.3209270323165,32,42.8022690302649,5,75.3489284493074,25,73.6694809731626
"LT","LTU","Lithuania",2020,10,77.0337876762086,3,84.2391186493235,13,84.1427555784216,32,43.1076982111763,6,75.209943043471,24,73.7340488919239
"LT","LTU","Lithuania",2021,8,76.5882815075254,3,84.1218266701889,11,79.1127476663431,31,44.4093914368088,7,75.127140075715,24,73.729672434964
"LT","LTU","Lithuania",2022,9,76.6515054724866,3,84.6927056992197,10,83.8028861948474,30,42.6022640320852,7,75.4072504793675,23,72.587654232093
"LT","LTU","Lithuania",2023,9,76.5941889065682,3,84.2651694545121,10,84.0097883968728,30,45.7684946580854,7,75.3084769778669,22,71.0954282145507
"LU","LUX","Luxembourg",2014,3,82.6308941140974,29,55.957049277369,22,63.8823718940896,1,100,16,67.0467164301847,3,85.2572649250893
"LU","LUX","Luxembourg",2015,2,83.2667515876604,28,55.2709795267518,22,62.486349712531,1,100,15,67.1076884703473,3,86.967833330049
"LU","LUX","Luxembourg",2016,4,81.2324065372079,28,56.5207850637959,23,57.6544907509862,2,93.8379740665348,15,67.4251122891775,3,87.9710808960676
"LU","LUX","Luxembourg",2017,6,77.3472419625147,19,62.8047765247577,23,59.6823239788193,8,82.15147210399,14,67.2083018615501,2,89.27592979429
"LU","LUX","Luxembourg",2018,6,78.3320098888281,23,59.9962251200102,26,70.7595110516,8,83.1053567026861,14,64.8885530025584,2,89.7019733738025
"LU","LUX","Luxembourg",2019,7,79.3128149733688,23,61.9174032651445,23,60.8862040479308,7,82.3319262298819,14,64.7427616611507,5,94.4377019767829
"LU","LUX","Luxembourg",2020,6,80.5022516712746,22,59.4317316628806,26,70.8602606062271,6,82.3076671834292,14,65.0294801953975,5,94.9862424112084
"LU","LUX","Luxembourg",2021,6,78.0897740530424,24,56.0555444786493,25,59.0639795221399,6,82.4248173708598,14,64.9278860106443,5,94.9945779004385
"LU","LUX","Luxembourg",2022,7,78.1891841093589,24,58.4629772694963,19,68.202125704071,9,77.4503673723875,14,64.7829779307041,5,93.7982239188301
"LU","LUX","Luxembourg",2023,6,78.8815821136645,23,58.0450510404776,21,68.6613226499641,7,84.5270120936712,14,64.8511696646404,5,92.6021366058798
"MX","MEX","Mexico",2014,32,61.7789607173407,30,54.5885132359783,20,66.9030117101529,13,64.2088980733291,10,71.5444005005382,38,32.7951874193792
"MX","MEX","Mexico",2015,34,57.6020466570612,30,53.0153695617295,34,47.6589827046866,14,62.1513309981089,9,71.578375249201,38,33.0844800511606
"MX","MEX","Mexico",2016,33,59.5970774011545,23,59.2245520130678,31,46.3281677416375,13,65.0425081069366,9,71.7439375912878,37,38.4442368564636
"MX","MEX","Mexico",2017,29,58.8505856749182,24,60.927009319307,30,51.089231235257,15,64.13878706923,9,71.5862869388131,36,38.1060755621759
"MX","MEX","Mexico",2018,30,57.8080734741115,27,57.1754463265532,33,62.7220670127814,13,66.0960048090244,8,69.6421992647561,37,39.5261681687357
"MX","MEX","Mexico",2019,33,60.5248291730274,29,57.4195275068903,30,54.0373439986703,13,64.4937895266405,8,69.4942122787153,37,45.8612324956104
"MX","MEX","Mexico",2020,32,58.0885773349352,29,52.941833969474,33,62.460479342028,12,65.6415551790383,9,69.7570590033498,37,38.6494775185441
"MX","MEX","Mexico",2021,29,58.3611995239635,28,50.5384469380532,20,60.8024018885438,12,65.3636818558655,9,69.6212666088113,37,38.5949137090403
"MX","MEX","Mexico",2022,28,60.8593349782481,28,53.7411634681173,28,61.9086820244155,12,66.552794179592,3,80.446160774557,38,35.4991677876771
"MX","MEX","Mexico",2023,26,60.1152112951096,27,53.5175337308953,28,60.3045672468242,12,67.5927490409003,2,80.4922812608232,38,35.4991613601021
"NL","NLD","Netherlands",2014,11,75.0386096745303,21,62.7155380891558,30,54.8818921241742,17,59.7150338692406,20,63.7914756822311,1,100
"NL","NLD","Netherlands",2015,11,73.5359253784413,21,59.4966715556495,29,53.7633183551749,18,56.6175028424304,20,63.2882604170857,1,100
"NL","NLD","Netherlands",2016,11,74.6018592321896,21,60.9009453630806,22,58.3328821168631,18,56.2305483400758,21,62.5427495341115,1,100
"NL","NLD","Netherlands",2017,10,72.9957667498391,23,61.2703479231467,22,60.462081381714,18,59.0693662298574,21,62.4843159436945,1,100
"NL","NLD","Netherlands",2018,9,75.0953056780269,24,59.8745041630538,18,75.4771944281619,17,62.0985804514204,22,59.8074743342594,1,100
"NL","NLD","Netherlands",2019,14,73.4772222922226,24,61.2591637615673,20,62.9597677689838,17,61.3036911526894,22,59.5512659835638,2,99.4682130685518
"NL","NLD","Netherlands",2020,14,72.8979623874878,23,57.3942748922255,19,73.9394341725833,18,57.2192218332374,22,59.6718601005105,2,99.3641278180192
"NL","NLD","Netherlands",2021,14,71.0898187342637,25,55.9259413178182,21,60.2870528059352,18,59.3945511340301,22,59.7373479651945,2,99.3728891987419
"NL","NLD","Netherlands",2022,14,71.0230897880423,26,58.1065011670753,20,67.6547851498817,16,58.0856343299537,21,59.1069557017189,4,96.8188820130576
"NL","NLD","Netherlands",2023,14,70.6451100168517,25,57.6371419367873,19,68.9875957894032,16,59.713783148912,21,59.1868087536152,4,95.2766359177904
"NZ","NZL","New Zealand",2014,2,83.4332697969365,27,57.6008595530928,3,94.9870091640667,5,92.2207455823076,6,76.3888858468375,27,58.9446160790706
"NZ","NZL","New Zealand",2015,3,83.1437997139107,25,56.5996477372797,3,94.6186363577825,6,90.2643134335286,6,76.1574387503157,26,59.4400948797609
"NZ","NZL","New Zealand",2016,3,82.1531224181507,26,57.6955775179532,5,88.573820779939,6,88.4483099773846,6,76.0492885828992,26,62.5888024629911
"NZ","NZL","New Zealand",2017,2,82.5869375340887,26,59.1557776317773,5,92.6674789812968,1,100,6,76.3533078508249,25,62.6604202470775
"NZ","NZL","New Zealand",2018,3,83.6291225709792,28,56.9933299667743,5,97.2424515865769,1,100,6,75.0461109021744,25,62.2808069281634
"NZ","NZL","New Zealand",2019,2,88.7605319361138,27,58.1853118855904,4,95.2322603337618,2,99.7336495700435,6,75.1664347129054,24,74.4311284124652
"NZ","NZL","New Zealand",2020,3,87.8389857328592,32,51.0584622955814,3,97.4812630545451,1,100,7,75.0333074283989,23,74.6374204906043
"NZ","NZL","New Zealand",2021,3,85.2878529467945,33,48.3353551298803,5,89.6251789010905,2,98.4076404664765,6,75.1965485466191,23,74.6707367377184
"NZ","NZL","New Zealand",2022,3,87.8488138167897,31,51.7926397280064,5,93.2147195400435,1,100,8,74.8276220023463,20,75.3262249714819
"NZ","NZL","New Zealand",2023,3,86.1342411891572,29,52.4990135339301,5,93.8052484807745,1,100,8,74.6222628103963,19,73.7899227661836
"NO","NOR","Norway",2014,21,67.6469545873035,24,60.1349042389442,17,68.0938754251691,24,49.8005306707538,15,67.2108079478765,15,68.8153346605142
"NO","NOR","Norway",2015,21,67.4063466902214,22,59.338071427582,17,66.4664971503178,23,49.045542577145,14,67.151248557972,14,69.0596867019759
"NO","NOR","Norway",2016,21,66.9877351232072,17,63.3899461592836,17,60.7172080738115,24,47.6729273195512,16,67.4225441981989,14,71.1223732211246
"NO","NOR","Norway",2017,20,66.2624514677193,16,65.5355264258308,19,62.6842246203828,24,50.7134823257938,15,67.0201730139943,15,70.7311320196983
"NO","NOR","Norway",2018,19,66.9219733108796,17,66.5799423744294,21,74.1210287642608,24,52.8300648916807,15,63.6285883746425,14,70.9604005383708
"NO","NOR","Norway",2019,17,70.1987467880479,16,69.0122637377496,19,63.2913718585528,26,51.7757804321803,15,63.3249465397369,11,83.329806733543
"NO","NOR","Norway",2020,17,70.5500126927668,14,66.3301429123009,21,72.703465948304,25,52.178345863007,16,63.3547844473265,10,83.3091379742418
"NO","NOR","Norway",2021,17,68.4354550440141,13,65.050695306399,19,60.8839550061477,26,51.9433499350768,15,63.4775359223724,10,83.3076759492166
"NO","NOR","Norway",2022,16,68.5428333018965,15,67.534512690467,23,66.9568327349224,22,50.8561357595602,16,63.0929453979337,13,81.7576188549206
"NO","NOR","Norway",2023,17,66.6186642787381,14,66.6075322236561,27,62.5654842236361,23,51.6463641907305,15,63.1316976492062,12,80.7034299162731
"PL","POL","Poland",2014,23,66.4916487063267,6,76.454153563071,11,84.4361105043401,38,32.0432442833766,30,52.800066363648,17,67.369670627401
"PL","POL","Poland",2015,28,62.6233859789504,6,74.9207089026267,11,83.7178170888241,38,31.6349307335238,31,52.3815151726295,31,53.7530307120598
"PL","POL","Poland",2016,30,60.8040112627736,6,75.9240912222635,11,79.03883218724,38,31.7727672957808,32,47.4387406575649,31,57.2485034274776
"PL","POL","Poland",2017,30,58.8313736598334,8,72.9761285286282,10,82.1078520691223,38,32.2403476467083,32,47.4175464674578,29,56.6486583415287
"PL","POL","Poland",2018,33,56.9793820417435,7,74.2125860083981,13,88.4377858802003,38,31.0489510891428,32,44.030854674532,30,56.1328241707909
"PL","POL","Poland",2019,35,60.0213646829644,12,70.6952729767551,11,84.0769401736224,38,31.6504573767571,32,43.6162995230806,28,66.5150836926448
"PL","POL","Poland",2020,35,56.9427986631291,11,67.5981843153851,15,79.5567903298131,36,33.3933437443977,32,43.9862198685209,30,65.8889112638266
"PL","POL","Poland",2021,33,56.2773527822806,11,66.9178132037799,12,74.5113002271569,36,33.3050668924076,32,44.2601257706112,30,65.8571865345814
"PL","POL","Poland",2022,33,55.3300338534152,13,69.106621272944,14,75.5547120660561,35,32.9666741814033,31,43.8721540852252,29,64.2680995415564
"PL","POL","Poland",2023,33,55.2981951473533,16,66.0283722497212,12,77.0859233884103,36,35.2090290716894,31,43.8943411337383,27,63.6719071578622
"PT","PRT","Portugal",2014,37,51.2659736183287,35,43.5408618021849,34,50.240319687294,26,48.5189490323127,19,64.4537198344555,35,40.0247075780619
"PT","PRT","Portugal",2015,36,53.4802294752206,34,46.0310712426667,33,49.4058134664461,25,47.2232250828533,19,63.8805899938106,34,46.7956394206081
"PT","PRT","Portugal",2016,36,53.5236872012081,35,48.3315004928551,30,47.6518183334021,23,47.7164182487419,20,63.860952023436,34,51.1441002268943
"PT","PRT","Portugal",2017,36,53.7410126035756,35,50.4650128781953,31,49.8389794822759,25,50.26607573071,20,63.429780346409,34,51.7919864794659
"PT","PRT","Portugal",2018,36,52.7446660655801,36,43.3743380538445,28,68.2536363148396,26,51.8104560241047,20,60.9520953637754,33,53.6604628240701
"PT","PRT","Portugal",2019,36,54.2985159191589,36,42.3526550392996,29,54.5353562551282,27,51.6026834058739,20,60.7597841653357,32,62.7919300006886
"PT","PRT","Portugal",2020,36,56.1431917268262,36,37.6861713646567,28,68.8933543717325,23,52.4013889643734,21,60.8977312527613,29,66.4792034528664
"PT","PRT","Portugal",2021,36,53.3068440837879,38,33.2775691706449,27,55.7481843892614,23,52.7697378547737,21,60.6734535285412,29,66.4498440255393
"PT","PRT","Portugal",2022,35,51.2993761367508,36,36.5438941147759,29,59.4553242588208,27,48.014515265767,20,60.548927576686,28,64.9472684941955
"PT","PRT","Portugal",2023,34,52.0755900828407,37,38.7895370196951,29,59.5129150438283,26,50.2894296063468,20,60.5913747315221,28,63.5706160066861
"SK","SVK","Slovak Republic",2014,7,78.54823848752,11,70.4623019096792,5,94.2391305995117,32,38.9888292122712,3,82.7039265048462,12,74.0804776615366
"SK","SVK","Slovak Republic",2015,10,75.7138337429853,11,69.2844479347194,4,94.1340674437147,30,40.4182318909344,3,82.6102916415225,24,61.3869798044883
"SK","SVK","Slovak Republic",2016,9,76.9134999190576,13,67.9996025314376,1,100,31,39.8495346792905,3,82.5597494660101,24,64.2888308303147
"SK","SVK","Slovak Republic",2017,11,72.6439686650858,13,68.7873040656341,1,100,30,43.1585672751899,2,82.605778707992,31,55.3311795955249
"SK","SVK","Slovak Republic",2018,11,74.2854944405072,13,70.5313545068648,1,100,31,44.7324056225307,2,81.3012661423269,26,61.5846008052702
"SK","SVK","Slovak Republic",2019,11,74.8569778866029,15,69.0298452112835,1,100,30,44.4393642488033,2,81.1787323993138,34,57.1127415263774
"SK","SVK","Slovak Republic",2020,13,73.3995957075502,17,64.5727827155285,1,100,30,45.8002879116094,2,81.1021184376468,34,56.2924868938943
"SK","SVK","Slovak Republic",2021,11,73.940560522638,20,60.3031193744013,1,100,29,46.5551770829286,2,86.3079516290187,34,56.2602126853327
"SK","SVK","Slovak Republic",2022,12,73.8959691655769,21,62.2070007788029,1,100,29,45.0395691688661,2,80.5793399986615,31,62.6996336213929
"SK","SVK","Slovak Republic",2023,12,74.3068443946887,18,65.1093682129779,2,99.9459103161888,29,46.2535526060047,3,80.4459869649201,30,61.9604676377183
"SI","SVN","Slovenia",2014,16,70.2262784515315,5,79.0042715094402,14,74.4922558006324,25,49.2734356243464,25,58.4466944612056,22,63.9609702007508
"SI","SVN","Slovenia",2015,20,67.845002152485,5,77.3457137323767,14,73.4312733080554,27,45.0787106439814,30,53.4111970832093,17,65.130984957134
"SI","SVN","Slovenia",2016,22,66.4051570118439,5,78.4112846555853,14,68.3451506556577,29,41.2719774778697,29,53.778278345711,18,67.7945352961978
"SI","SVN","Slovenia",2017,21,64.5568395983032,6,74.239491550959,15,71.0286118095588,28,44.8441219117119,29,53.616178237903,19,67.7073787332608
"SI","SVN","Slovenia",2018,17,67.4062308711865,6,75.9231344285717,10,90.5226873958849,29,47.0741620046598,27,50.2066551034667,18,67.5135980318616
"SI","SVN","Slovenia",2019,23,67.1747736614839,7,76.6724086428162,15,72.2972632986749,29,46.138842979436,27,49.9364224851174,23,75.2171551141118
"SI","SVN","Slovenia",2020,19,70.0303855730556,7,75.2267541612255,11,89.6517133711781,29,46.8272666836603,28,50.2069715838269,22,75.1909897672003
"SI","SVN","Slovenia",2021,22,65.6971164341253,7,74.5786846913905,13,71.9452208825705,30,45.7076686571772,27,49.9848565227764,22,75.22961688126
"SI","SVN","Slovenia",2022,19,66.6681128429357,7,76.0151728011126,12,76.9990389886727,31,41.2869692780003,24,55.0194989752231,19,75.617934586953
"SI","SVN","Slovenia",2023,16,66.6445756441354,7,75.4357675930011,13,77.0610937036961,31,43.9975353229987,24,55.0084842557812,18,74.3457570011461
"ES","ESP","Spain",2014,36,54.5465040569555,36,40.3350186143162,26,61.1907047438299,20,53.8215347240164,32,47.6234985641646,25,60.3876773858587
"ES","ESP","Spain",2015,35,56.9395998633242,36,43.8402411230853,20,64.6043107229427,20,52.5920416504783,33,47.2491107890332,22,63.5596567193512
"ES","ESP","Spain",2016,29,61.3775621596113,32,53.9250480290644,13,69.9491277405644,19,53.7411983037924,33,47.0474332268033,17,68.1136890962233
"ES","ESP","Spain",2017,26,61.1900088799835,29,57.8126392140959,13,72.5855221769694,19,55.583425423016,33,46.9291535051172,18,67.7322670115358
"ES","ESP","Spain",2018,27,60.07593343339,29,56.9460647213426,15,81.5792625880481,19,57.3150416625619,34,42.2374200001821,20,66.5495126888399
"ES","ESP","Spain",2019,26,63.5446115424874,28,57.639576016496,14,73.9341860090208,19,56.7200943126527,34,41.8954186320287,16,79.1007773116451
"ES","ESP","Spain",2020,27,63.4734580467168,27,53.6871952891542,14,82.2352827817174,19,57.1563068933498,34,41.9187964864484,17,79.1157277245315
"ES","ESP","Spain",2021,34,55.4819165477138,34,47.4133680529742,24,59.5024822244045,19,57.0821796277746,37,36.5381695681391,18,78.2796694466772
"ES","ESP","Spain",2022,32,56.454950954503,34,50.6070420703089,17,69.9722885026501,19,54.3382663282129,37,36.4769643224256,17,77.7028331819722
"ES","ESP","Spain",2023,31,55.7629065934916,33,48.2908998032413,17,69.5473820209818,19,57.3364301159413,37,36.5589927180296,17,76.1615584095142
"SE","SWE","Sweden",2014,12,73.7423201216063,8,74.4554073036502,23,62.8123756382917,23,49.9632901754897,7,74.267223565014,11,74.4725931873734
"SE","SWE","Sweden",2015,12,72.9653442483083,9,72.1606132579702,25,60.590717599868,22,49.1093784258499,7,73.9482247717836,11,74.6714070514166
"SE","SWE","Sweden",2016,12,72.6086467385858,10,73.0279869922519,24,57.0744994041209,22,48.2709293743558,7,74.3774972488869,11,76.9148143951472
"SE","SWE","Sweden",2017,14,71.0556093674048,9,72.8050585333788,25,58.0122533063907,20,52.1818360025509,7,74.2115598515411,10,76.3968132286492
"SE","SWE","Sweden",2018,13,73.5507954158481,9,73.7771575210922,19,74.9512762737583,21,54.0554387398782,7,72.4386875694665,10,76.4626315544479
"SE","SWE","Sweden",2019,13,74.1814361531043,8,75.3097800895103,24,60.7117528603854,21,52.9828593418088,7,72.619182556618,13,82.304773910033
"SE","SWE","Sweden",2020,12,75.730483285369,8,73.0855637447903,18,74.2075874475936,22,53.2902606026723,8,73.0815911718276,14,81.9784607717002
"SE","SWE","Sweden",2021,13,73.2786482563327,8,73.1529737408402,22,59.6567916896637,22,53.3186650664288,8,72.982091694367,14,81.9730651110289
"SE","SWE","Sweden",2022,13,73.7299737747138,8,74.926742644283,21,67.4838658637374,21,51.3482023071727,10,72.5315626502535,14,81.4423842545831
"SE","SWE","Sweden",2023,13,73.2650048302635,8,74.270138252179,20,68.7108659344325,21,52.383769157399,10,72.531883577874,13,80.2245105425526
"CH","CHE","Switzerland",2014,5,81.592361508468,10,73.9612077456512,10,85.3476565134747,4,94.3145366774063,35,41.8077031514729,6,77.7134204936679
"CH","CHE","Switzerland",2015,5,81.2595127922143,10,71.9543419723369,10,84.9334633099958,3,92.601820557242,36,41.9608796807775,7,78.4097174400609
"CH","CHE","Switzerland",2016,5,80.3289538396405,9,73.4231552463499,10,79.3384669996324,5,89.7127383986126,36,42.1061272802639,7,80.3663356826705
"CH","CHE","Switzerland",2017,4,78.5547383448641,10,72.3429217432804,11,81.9867343073946,2,95.07434003741,36,42.0162553779679,8,80.5327271036731
"CH","CHE","Switzerland",2018,5,79.8931733788416,11,72.7440109865059,11,90.3519276397201,3,95.1262954036756,36,36.9578157325458,7,80.1894058586845
"CH","CHE","Switzerland",2019,4,84.2718120856118,11,72.0678303327768,10,84.5466239705224,3,95.4926636996537,37,36.6370259663949,4,97.2168497423885
"CH","CHE","Switzerland",2020,4,84.1454213428957,13,66.9961325158634,10,89.8655655521015,3,95.4855303697903,37,36.6095233021705,4,98.3184968919779
"CH","CHE","Switzerland",2021,4,83.3769094733566,10,68.2427214921456,8,82.5161998334927,3,95.409116579793,36,36.7596995829322,4,98.37016019452
"CH","CHE","Switzerland",2022,4,85.2980859028997,10,72.5897946142309,8,88.8991433071026,4,90.7921950451663,36,36.7475796615659,1,100
"CH","CHE","Switzerland",2023,4,84.6906524811647,10,70.9728304175989,9,89.0639006407547,3,94.9143919215123,36,36.8756762909045,1,100
"TR","TUR","Turkey",2014,8,78.5151832582552,9,74.14000284587,7,91.7052675183231,16,63.064885018461,22,60.7962032370743,14,71.3430225140989
"TR","TUR","Turkey",2015,7,78.8000930177344,8,72.59569893564,7,91.7533905293559,12,64.1683658870248,22,60.8805392577209,13,71.2421937584903
"TR","TUR","Turkey",2016,7,78.3560394465287,8,74.6063048022259,8,86.1799409367975,15,62.5240584149853,23,60.8965369914978,13,73.7168651520712
"TR","TUR","Turkey",2017,7,75.8389401974114,7,73.3585940703657,9,88.9022258538259,16,64.0659184847085,23,60.6765019039682,13,73.8802161920045
"TR","TUR","Turkey",2018,8,75.7984434020974,12,71.6403765756377,7,94.6127249271625,15,64.2478991708106,23,57.9131388514496,13,73.6005733544665
"TR","TUR","Turkey",2019,6,80.1826214140906,10,72.1347298228701,6,91.5329548067488,15,63.7897820387958,23,57.7971039444587,8,86.5650590409769
"TR","TUR","Turkey",2020,9,78.1834793966621,16,64.7932123534793,8,93.8136687344728,15,63.3573637077657,23,58.0392730592056,9,86.3756521352326
"TR","TUR","Turkey",2021,12,73.4489282177566,23,57.2165066041334,7,85.6436744531885,17,59.9612519758009,23,57.938267608872,9,86.4160446952185
"TR","TUR","Turkey",2022,10,75.6751743849873,20,63.6301514467946,9,87.8979187323648,13,61.0240299366869,22,57.7538051439738,7,86.3295133168596
"TR","TUR","Turkey",2023,7,78.6083995132801,11,69.1814293394238,7,89.4223001934666,13,66.8215947360718,22,57.7287976902511,7,86.5100746987212
"GB","GBR","United Kingdom",2014,31,62.218372800367,22,61.9566880690722,29,57.0515384048572,34,35.4403596615349,34,43.0648303130716,2,95.2905271004932
"GB","GBR","United Kingdom",2015,29,61.617130722233,18,61.011417812763,28,54.0704830371268,35,35.163690864703,35,42.9677369582613,2,95.2111214786406
"GB","GBR","United Kingdom",2016,32,60.142882199423,18,63.2685805428276,32,46.2555244774645,35,33.5267798835444,35,43.1936841529181,2,95.8052380561942
"GB","GBR","United Kingdom",2017,34,56.9046924268539,20,62.7436164314388,29,52.1558963105771,36,34.8169512482606,35,43.1689015364095,4,84.5206898805701
"GB","GBR","United Kingdom",2018,28,59.4117676521409,18,64.3707382178186,22,73.7011175670633,34,37.8857273652664,35,39.3246803686974,4,85.2760487856453
"GB","GBR","United Kingdom",2019,31,60.6246560943888,17,65.783976714296,28,55.0347333857248,34,36.8666010949818,35,39.2512295207517,1,100
"GB","GBR","United Kingdom",2020,29,61.7315063293232,21,60.6708419068516,20,73.3201498002324,34,36.5748976754077,35,39.0118120668714,1,100
"GB","GBR","United Kingdom",2021,31,57.5581515504163,19,60.6463007445051,31,50.6100094866276,34,36.964246554973,35,38.7870419397657,1,100
"GB","GBR","United Kingdom",2022,27,61.6791675924526,11,71.1020737926458,26,64.1438069923804,34,35.1511816799538,33,40.3926828361382,2,98.4148866161563
"GB","GBR","United Kingdom",2023,30,56.0908248299851,28,53.3591518447711,26,64.1060362504432,35,35.6000705519684,35,40.0935442241017,2,97.4082688345756
"US","USA","United States",2014,30,63.0557783887886,34,45.3092748016904,27,60.9852360322876,6,92.0218326016856,31,50.1931835366902,34,47.3386919421985
"US","USA","United States",2015,26,63.1544271358131,35,44.9649692744687,26,60.1210201075296,5,91.5324104357568,32,50.3542803170956,35,46.7053357318386
"US","USA","United States",2016,25,63.0427687855567,36,46.0098467779011,26,56.9977385079397,3,93.0076646626033,31,50.6819715274354,35,50.7755948820913
"US","USA","United States",2017,25,62.0161530617017,36,49.9258444688393,24,59.15688187793,5,92.8395909501779,31,50.6679281695432,35,50.480240349625
"US","USA","United States",2018,24,65.3438616438405,19,64.1314299374934,25,72.1163178252709,5,92.9842163575222,30,47.0672953721687,35,45.9507793721641
"US","USA","United States",2019,22,68.3320096758552,18,65.6367888956141,22,61.8031085993909,5,92.7716905339394,29,46.9369973904906,35,53.510013310441
"US","USA","United States",2020,23,68.2118481602183,18,62.4149517459921,25,71.1616067997183,5,92.7383311256571,30,47.3199747725538,35,52.5339526609185
"US","USA","United States",2021,20,66.3012472072357,21,59.6160357356632,18,61.2934906348764,4,93.3852192168762,30,46.5515507168171,35,52.4811427193821
"US","USA","United States",2022,21,66.0168949700734,22,61.2331886071509,22,67.4501546560106,2,91.6777118891745,29,45.748816692601,35,50.2277273896562
"US","USA","United States",2023,21,65.0038461529193,22,58.4364387960807,22,68.4247529808528,4,93.5601936718127,29,46.0771488393671,35,50.1351681783895
