"ISO_2","ISO_3","country","year","final_rank","final","corporate_rank","corporate","income_rank","income","consumption_rank","consumption","property_rank","property","cross_border_rank","cross_border"
"AU","AUS","Australia",2014,7,80.4247537994968,24,59.8962804824831,20,63.7214233011727,8,78.4486827071126,2,88.6051134286245,18,69.5106202867407
"AU","AUS","Australia",2015,7,80.352112085022,23,58.6791078520995,19,61.1446991318903,8,84.0409707316764,2,89.0120591402125,17,69.5487508995039
"AU","AUS","Australia",2016,7,80.1289872739461,25,56.757725439888,20,61.6871505123433,8,79.591727590324,2,89.8900563534875,17,69.8198410059397
"AU","AUS","Australia",2017,7,77.0806310306539,28,59.0581834105373,19,63.3522328369302,7,82.4066400570676,2,84.8008223558479,17,70.4331161291926
"AU","AUS","Australia",2018,8,77.7408000411853,31,54.4916963998867,18,64.0504283603254,7,83.2248504172915,2,83.428078187949,17,69.9386870845764
"AU","AUS","Australia",2019,6,81.3690914011129,31,58.5941981885729,16,64.1047322252152,6,82.5843708798224,2,83.0279370023514,16,79.4744771954038
"AU","AUS","Australia",2020,6,80.1831810350553,32,52.5588320476982,17,62.9129259644587,7,82.5955334595367,2,83.4532779763166,15,79.7879591188988
"AU","AUS","Australia",2021,6,78.9252301743027,33,49.0927119158812,15,66.5556952771872,7,83.3371158959767,3,83.4665974160176,15,79.9181245672355
"AU","AUS","Australia",2022,6,80.848442322496,32,50.8813551891983,15,67.4352071927376,6,82.2824753931519,2,82.8697526411814,15,81.3586746656975
"AU","AUS","Australia",2023,9,77.1715604582556,31,49.2948484499746,15,65.8859763614551,9,82.6699040670287,2,82.4354832147975,19,73.2750076694704
"AU","AUS","Australia",2024,7,78.7788889758288,30,49.9252258232696,14,69.6424596974486,8,84.5921158452623,2,82.0295284222269,20,67.7677204262506
"AU","AUS","Australia",2025,7,80.9924510876862,29,56.5375355043234,14,69.658710403707,9,82.0935659157559,2,81.891245913599,22,68.4158025331288
"AU","AUS","Australia",2026,7,80.7565325413059,29,56.2713659648067,14,68.8904278231749,9,82.9440164635882,2,82.214076155746,22,68.5514743196832
"AT","AUT","Austria",2014,15,71.7411187958356,16,65.7969736451815,23,60.346632136139,18,59.3684920340998,24,60.09805820839,5,83.3067288814498
"AT","AUT","Austria",2015,16,71.5482096445816,17,64.3935227378368,21,60.1647586363788,17,61.8111940507787,26,60.3020770932133,5,83.8822994949761
"AT","AUT","Austria",2016,17,70.0517067876327,16,63.6837229979547,31,49.0879715635486,17,57.529036659416,20,65.878794244872,5,83.6989003320555
"AT","AUT","Austria",2017,17,68.817958551321,17,65.7625426320611,31,48.6827680297077,16,61.4678366928017,19,65.2726258452908,6,83.8122145406164
"AT","AUT","Austria",2018,17,69.3425931800576,20,63.7945686201063,30,47.352050923643,16,63.3891073013472,18,63.0919251312511,5,84.281643757685
"AT","AUT","Austria",2019,16,72.2654243017506,20,66.64765623146,26,53.8230435702521,16,62.2940277870319,18,63.0196497240238,7,88.3844504612422
"AT","AUT","Austria",2020,17,70.3506210080329,23,60.4076726442906,26,53.7935621962003,16,61.1954852517196,18,63.3531347121851,7,88.2642165518502
"AT","AUT","Austria",2021,17,68.4038389381643,22,58.5690993822198,27,58.2933586856866,15,62.9237677684401,18,63.2177797589595,11,83.2064138302668
"AT","AUT","Austria",2022,18,67.8034926727015,22,59.5925134748117,27,56.5622334952449,16,57.9483843844358,18,62.9713228525791,12,83.1580934168767
"AT","AUT","Austria",2023,17,68.8596490515766,19,62.3369198199597,26,56.8221712144312,16,60.3382451952778,17,62.9514621273917,10,82.1449065233125
"AT","AUT","Austria",2024,15,69.9488802824898,17,62.611035852469,24,58.6527049646159,14,62.5539019208847,17,62.767691831357,12,76.9044624623963
"AT","AUT","Austria",2025,18,70.9117377161725,18,67.1209684656037,25,58.143265622717,17,58.3938170298529,17,62.7191010394123,12,76.7415258283633
"AT","AUT","Austria",2026,18,70.4482213905559,18,66.4252907312652,27,57.3363659127826,17,59.7203538110807,17,62.5485090602612,12,76.9753221482035
"BE","BEL","Belgium",2014,19,69.5708868331358,31,55.8868426299767,14,77.212014056486,19,56.3755377305154,29,56.5523645310611,11,77.4098234873095
"BE","BEL","Belgium",2015,19,69.2561257987485,29,55.2348192111968,13,76.5890305193975,19,58.8290840373443,28,56.4245362504265,11,77.7806222022218
"BE","BEL","Belgium",2016,23,66.6693496979711,31,53.7234513147825,13,75.0271295351194,20,50.1024434660771,27,56.6113797577993,11,77.069341829632
"BE","BEL","Belgium",2017,23,64.6207904142667,29,58.3259004396934,14,72.6630491946664,22,50.876346015024,27,56.4505689762683,13,74.9986312907334
"BE","BEL","Belgium",2018,22,64.0742625897631,22,61.9544030232544,14,71.1722830809729,23,53.172264867997,32,45.1699374674988,12,75.3744986841139
"BE","BEL","Belgium",2019,25,65.61983353341,25,63.3448435975817,13,70.2208951106941,25,52.0587702549533,32,45.0865346888172,12,82.3569722001465
"BE","BEL","Belgium",2020,24,65.3104752442975,22,62.0138076069981,13,69.193126802837,25,52.2016040448363,27,53.7300368120451,22,72.8497994114253
"BE","BEL","Belgium",2021,23,63.6885591287177,13,67.9237584323255,13,72.6058985847098,25,53.0467115773374,32,45.2185382321281,22,72.7921000053248
"BE","BEL","Belgium",2022,24,63.8623638235347,13,68.9704240297886,13,72.8291957489057,24,49.3845184660398,31,44.945619829786,23,72.8552436659004
"BE","BEL","Belgium",2023,23,64.454499192319,13,67.8920752215551,13,71.9198653489047,23,53.3485178338793,31,45.0330951606396,22,72.2842600103024
"BE","BEL","Belgium",2024,29,62.4624360563376,15,62.991111612827,13,73.2752819111118,25,51.352073735636,31,44.8882206672968,21,66.5879633060784
"BE","BEL","Belgium",2025,29,64.1514068385271,16,67.5140860686043,13,72.8877402928272,26,50.2829958112794,31,44.1616235280928,25,66.5588094789488
"BE","BEL","Belgium",2026,31,63.014842805837,16,67.3593596641512,15,67.3273454633104,25,52.252859484517,31,44.2169224789039,25,66.7750815359529
"CA","CAN","Canada",2014,23,67.8915505520746,20,62.9955550544949,21,60.4955397471929,14,63.3913008778602,26,59.5119415607282,22,66.4497853221324
"CA","CAN","Canada",2015,15,71.5652328524717,20,61.3323337817539,23,59.4776595573811,9,82.2270215407834,25,60.3115899671112,20,66.6374069493079
"CA","CAN","Canada",2016,16,71.0370451818285,22,60.3743859793446,25,56.1676276174129,9,78.5709443797536,25,61.7760359295372,20,66.9425811298049
"CA","CAN","Canada",2017,16,70.3882933239948,23,63.3807383728623,27,54.5012291684317,6,84.9430754879894,25,61.9394338958371,21,67.1865755622089
"CA","CAN","Canada",2018,16,70.2300091345657,25,59.8328719144806,27,52.662375722146,6,86.1654156188582,24,59.347260637412,23,66.4069845452279
"CA","CAN","Canada",2019,15,72.6865224493196,23,64.5462791047967,27,52.7616908973816,8,81.2025912098786,25,59.0843014731263,19,75.6371232978748
"CA","CAN","Canada",2020,14,71.8306269716389,25,59.7888599653006,28,52.2656698683087,8,81.9138753445515,23,59.7335114006492,18,75.7103362377058
"CA","CAN","Canada",2021,15,70.3439636648592,26,56.5086621644545,28,56.2036249932471,8,83.3196371453828,25,59.1823928056974,18,75.8124367682498
"CA","CAN","Canada",2022,15,70.4671008411595,27,55.1147938350619,26,57.3042827140036,9,79.5827972259467,25,58.6794133901147,18,76.5564475484707
"CA","CAN","Canada",2023,14,71.6723268062124,26,57.2094857567906,25,57.2840156900423,8,83.3590266000872,25,58.5860804118233,17,76.442741642422
"CA","CAN","Canada",2024,16,69.5963536297715,25,54.3561567470476,25,58.3991465521975,9,84.3079830544169,25,58.144233918918,24,64.5282091664273
"CA","CAN","Canada",2025,15,74.4274177415197,17,67.2101923736868,26,57.6109426408824,7,83.9590590503839,25,58.8469099254701,27,64.3425357941403
"CA","CAN","Canada",2026,15,74.3055728345294,17,66.7139578938072,28,57.1395735483908,8,85.1549792060866,23,59.1954141384547,27,64.4680129101067
"CL","CHL","Chile",2014,17,71.5076233705064,13,69.1466754641429,16,69.4134721262913,9,74.1099363735966,10,74.4398962524258,37,37.388072418307
"CL","CHL","Chile",2015,18,70.5398348300771,14,65.2130023280561,16,70.0935488973192,10,76.6932902043853,10,74.5639727063427,37,37.3628826632202
"CL","CHL","Chile",2016,24,66.4269562782945,19,62.3615185559051,19,61.6895072922512,11,70.9591421973618,10,74.3306048154373,38,34.7602615801275
"CL","CHL","Chile",2017,24,63.7303853255667,32,55.7226288960494,17,65.047940629559,10,76.2854620269441,10,74.0494104779306,38,34.0426374876742
"CL","CHL","Chile",2018,25,62.8907625104772,33,50.2904787524173,17,64.386930725958,11,76.4414153766094,10,72.4631670533334,37,34.3496601696685
"CL","CHL","Chile",2019,26,65.4281370658225,33,54.1468320155267,17,63.3600179289113,11,75.6081266757562,10,72.4285903129214,37,38.6142411679064
"CL","CHL","Chile",2020,18,69.53367320342,16,66.8569450067313,16,63.2081015391308,10,76.4732200585517,11,72.3351281262329,38,38.4438018555257
"CL","CHL","Chile",2021,21,66.5228935098859,15,65.6261572802414,25,59.6297370836439,11,77.008285795448,11,72.204768136801,37,38.5083634534855
"CL","CHL","Chile",2022,29,61.9760190798628,15,67.6523037456987,37,39.7463612413837,11,71.7828359841774,11,72.4286555332095,37,38.2134259043094
"CL","CHL","Chile",2023,28,63.3200732931682,33,46.8082392413207,21,60.3243174303179,10,80.0590551273167,11,72.3725716898883,37,38.4176321126463
"CL","CHL","Chile",2024,26,63.6405200398116,33,45.5554265390831,20,61.7249904689276,10,78.9085425785491,11,72.1311074339334,38,37.3983158104631
"CL","CHL","Chile",2025,24,66.4906423254219,32,54.367710742524,20,61.5515665885229,10,76.762200350401,11,72.0959792244882,38,38.1555757622655
"CL","CHL","Chile",2026,25,65.9358089718572,32,52.4012181897221,23,59.1095022699609,10,80.0574759853142,11,71.9322276013519,38,38.2199977450845
"CO","COL","Colombia",2014,26,65.5512622285326,35,43.935349210694,8,87.3413172880617,10,72.1647390830894,17,67.3927526795909,38,34.9867535781355
"CO","COL","Colombia",2015,34,58.5828604352486,37,35.309524949654,7,87.5845369059094,12,72.8108598934466,31,53.2266074156826,38,35.1089201620079
"CO","COL","Colombia",2016,34,57.4701166700998,38,31.0027523174753,9,87.202909454643,12,69.6894584254335,31,53.2607096835036,37,36.5328458730124
"CO","COL","Colombia",2017,37,52.6421717725053,37,35.6578395822615,9,81.7851414654627,17,60.8127336138103,31,52.5480888946432,37,36.7165366775897
"CO","COL","Colombia",2018,35,52.0704038939189,38,31.1871275021367,9,81.0652051831941,18,60.1809374842908,30,48.6948088668079,36,41.2976846689998
"CO","COL","Colombia",2019,36,52.4042604241343,37,46.3014478433783,21,58.1440576797613,18,58.5813081991299,30,48.6865414373642,36,47.3707109756764
"CO","COL","Colombia",2020,36,52.4352440159659,37,41.881426370893,19,60.0726888437227,17,59.5375758058166,31,48.7529823754779,35,49.1342089431627
"CO","COL","Colombia",2021,36,51.9384236334843,35,39.7087289237883,16,65.4482964096495,17,61.3495497437702,29,48.8916332321287,35,49.0199811281876
"CO","COL","Colombia",2022,38,46.8584206676117,38,33.2409704895584,23,59.804798236992,18,56.8519033563692,32,43.0003845097739,35,50.4826465221035
"CO","COL","Colombia",2023,38,44.231795490565,38,32.3759939947571,24,58.5941095112612,18,58.6399968287564,32,43.0028077410517,38,37.0006965006027
"CO","COL","Colombia",2024,38,46.0864665379564,38,32.426994013871,23,58.9056055119326,15,60.8097210599021,32,42.6617315345028,37,40.3642268531979
"CO","COL","Colombia",2025,37,48.8246050466442,37,41.6302277508374,22,58.6878092609942,15,59.0304982382082,32,42.6992470035148,37,42.8360986004537
"CO","COL","Colombia",2026,37,48.7733929649095,37,41.4684551989145,25,58.6018482350392,16,60.1221475137217,32,42.4522552384758,36,43.0924391380324
"CR","CRI","Costa Rica",2014,13,74.4633582771963,32,54.5759122644459,13,79.2694903854532,7,80.9171029200831,11,73.0890020211651,31,51.5511106131328
"CR","CRI","Costa Rica",2015,11,75.5072351342439,32,50.817145937694,12,78.6415867231505,7,84.8443508820678,11,73.2232010110901,27,60.2600800698789
"CR","CRI","Costa Rica",2016,11,74.8666634444521,33,49.7328611523797,12,78.0215687758228,7,79.6308096820564,11,73.3827660340225,26,60.816438645084
"CR","CRI","Costa Rica",2017,11,73.2677398326053,34,54.1902621179656,12,78.2019882809949,9,80.9437600171926,11,72.6963658901941,25,62.1438685368897
"CR","CRI","Costa Rica",2018,13,73.2150292875514,34,49.1370891579317,12,77.0546816189287,9,81.7394627122232,11,71.0253272752041,26,61.5430707124564
"CR","CRI","Costa Rica",2019,17,72.1927427808416,34,51.2557423267973,15,66.9153375251265,9,79.8259408016842,16,65.0268863787697,23,71.997305888578
"CR","CRI","Costa Rica",2020,16,70.6000131532826,34,44.8450550001428,15,63.6784087449226,9,79.9182908459629,16,65.3517775606569,21,73.2684954959046
"CR","CRI","Costa Rica",2021,14,70.3483794851709,34,41.7220424367791,14,68.4897089330163,9,82.7871639696029,16,65.3018161631927,20,73.6428205505672
"CR","CRI","Costa Rica",2022,16,69.9588746863065,35,40.9696150538598,14,68.2273067575366,8,80.4908213608592,12,71.161600710719,31,64.0136306792237
"CR","CRI","Costa Rica",2023,16,70.5617654907339,35,43.0092913858659,14,67.9544370566447,7,85.0653231894061,12,71.1083131603343,33,61.1253270573001
"CR","CRI","Costa Rica",2024,14,71.125823937391,35,41.1507885517559,15,69.2554751984012,7,85.0467121722379,12,70.8622859465102,29,59.7744226683179
"CR","CRI","Costa Rica",2025,14,74.4347098652169,34,49.0942764132844,15,69.3599200960324,8,83.9138446680743,12,70.8818728944223,29,62.6717591152053
"CR","CRI","Costa Rica",2026,13,74.7385026580504,35,48.8637039509474,13,68.9508208882539,6,86.6487486384589,12,70.7133064794468,28,62.6024664730064
"CZ","CZE","Czech Republic",2014,5,82.2716769658631,6,76.693001923697,1,100,26,46.9914907125761,12,72.5755569955391,10,77.8264244526033
"CZ","CZE","Czech Republic",2015,5,81.8461448221176,6,74.9996220512288,1,100,26,48.9601467294542,12,72.7139776942804,10,78.0946388501959
"CZ","CZE","Czech Republic",2016,5,81.6781772285637,6,75.0169726736993,1,100,26,45.361885833234,12,72.8680386152276,9,79.2472117350453
"CZ","CZE","Czech Republic",2017,4,79.6540747743829,5,75.1250120226113,1,100,26,48.5720898681003,12,72.1905037246728,9,80.1868878676402
"CZ","CZE","Czech Republic",2018,4,81.7359274070915,5,76.1848161205351,1,100,25,51.7738354798082,12,70.5076132227002,9,79.8965784501193
"CZ","CZE","Czech Republic",2019,5,83.6978119276932,6,78.5549454193485,1,100,26,51.3127702384377,11,70.4741000247463,14,81.5691389851592
"CZ","CZE","Czech Republic",2020,4,85.5645007363779,6,78.2072341592832,1,100,27,50.3962805014617,7,77.5917072891747,13,81.7674316219673
"CZ","CZE","Czech Republic",2021,5,82.703876019105,6,76.9801094905976,4,93.3555995449506,26,51.5203877231752,7,77.4488431947921,12,83.1971950000863
"CZ","CZE","Czech Republic",2022,5,82.7647905613046,6,77.6431977707423,4,92.4067516842746,27,47.7683161038299,7,77.6301792768398,10,83.4800943167918
"CZ","CZE","Czech Republic",2023,7,79.3200694584893,6,78.0540179206314,4,92.0973285609592,36,38.4277551638951,7,77.564433144668,9,83.7089077760249
"CZ","CZE","Czech Republic",2024,9,77.6983596889901,9,70.1900734438836,5,91.1471356796085,34,40.1007965724258,7,77.3414247119906,10,78.4448386507252
"CZ","CZE","Czech Republic",2025,8,77.6886851017281,9,73.1343627551778,10,80.089560236027,33,41.546195504734,6,77.3050543050806,11,78.6882476120021
"CZ","CZE","Czech Republic",2026,8,80.1810864616555,9,73.0531459743735,4,91.0417736948699,32,43.106371491313,7,77.1289437829404,11,78.8392730108402
"DK","DNK","Denmark",2014,30,63.1882438480671,18,63.5060304654551,34,46.9540680762858,22,50.2317423119404,13,71.6259458236187,28,58.8305645327868
"DK","DNK","Denmark",2015,29,63.3217912570315,15,65.1743147820618,35,44.8709922599369,23,50.6117186597109,13,71.6952282899935,26,60.4757102877764
"DK","DNK","Denmark",2016,28,63.4155726121946,15,65.3289247601433,33,46.902860860785,24,47.3144213596657,13,71.8561725448787,27,60.8106241679295
"DK","DNK","Denmark",2017,27,62.7062160418357,13,68.7146086047275,34,46.0801756178688,24,50.4275161350365,13,71.2534810523407,26,61.0949615410078
"DK","DNK","Denmark",2018,26,62.5937849316912,16,67.0076295973533,33,44.062897346732,20,53.8905767285908,13,69.4728650400975,27,60.4029864726759
"DK","DNK","Denmark",2019,27,64.1581924013029,16,70.3979795128293,37,43.1537425044143,21,52.7718267408923,12,69.4407481985012,31,62.6316952355493
"DK","DNK","Denmark",2020,26,63.5529412632383,13,68.5231044760715,36,42.7588227354116,21,53.7223969323349,12,69.7517094620713,32,62.1142154247871
"DK","DNK","Denmark",2021,30,61.0976054123773,18,62.7794459885818,36,47.5549647218929,23,54.1980575423962,12,69.6053802029005,32,61.9650796480733
"DK","DNK","Denmark",2022,28,62.1758335594387,18,64.3970974995254,34,47.5921324369911,20,52.671215403929,13,69.3300365560788,32,62.575640353547
"DK","DNK","Denmark",2023,29,62.2926196282396,17,64.7213121968338,36,46.6918813779178,21,54.2427126632294,13,69.3192936067676,32,61.6454671931976
"DK","DNK","Denmark",2024,28,62.4775803494555,16,62.9034003539579,35,48.8171021462713,20,55.9819818533208,13,69.1694088205563,32,56.0214885148747
"DK","DNK","Denmark",2025,28,64.3079625917588,19,66.8446650590128,36,48.2907389706499,19,55.1269711229097,13,69.1530837601711,34,55.9817023939286
"DK","DNK","Denmark",2026,30,63.0501976023018,19,65.2405070786703,37,43.6515743815601,20,57.5200125953022,13,69.2393840840833,34,56.2682305651661
"EE","EST","Estonia",2014,1,100,1,100,2,96.8319939216659,12,66.4174954029178,1,100,12,75.6043315884012
"EE","EST","Estonia",2015,1,100,1,100,2,97.4330600531084,14,67.3161913941232,1,100,12,76.4910890607912
"EE","EST","Estonia",2016,1,100,1,100,3,97.944932227827,14,63.4376802538001,1,100,12,77.0440664712831
"EE","EST","Estonia",2017,1,100,1,100,2,98.3326627062173,12,70.6737004681047,1,100,5,84.2509650825773
"EE","EST","Estonia",2018,1,100,1,100,2,97.662059944304,15,63.4580644980481,1,100,6,84.0911839802279
"EE","EST","Estonia",2019,1,100,1,100,3,94.7452087878222,15,62.8236589719967,1,100,17,78.7792733675191
"EE","EST","Estonia",2020,1,100,1,100,3,94.542358994711,15,63.2615988627747,1,100,16,78.4886909823715
"EE","EST","Estonia",2021,1,100,1,100,1,100,14,64.0138748198243,1,100,16,79.5001634278194
"EE","EST","Estonia",2022,1,100,1,100,1,100,15,58.8044440555314,1,100,16,79.9527001275658
"EE","EST","Estonia",2023,1,100,1,100,1,100,13,65.7287060040408,1,100,15,78.2169217054746
"EE","EST","Estonia",2024,1,100,2,99.743596831924,1,100,18,58.8116930302083,1,100,11,77.3017939539237
"EE","EST","Estonia",2025,1,100,2,96.0156578286228,2,98.6849432095416,22,52.6866046532895,1,100,9,80.5166423210023
"EE","EST","Estonia",2026,1,100,2,95.9604393328318,1,100,24,53.5362719533037,1,100,9,80.7426188126849
"FI","FIN","Finland",2014,25,66.5660235980476,12,71.3728185863635,28,57.8995756296362,21,51.9525759951394,27,59.4580681082395,24,66.2596463307944
"FI","FIN","Finland",2015,23,67.0796599802398,11,70.1385361455655,28,55.4857679731438,21,53.5184417272006,19,64.3998540960404,21,66.5313246484635
"FI","FIN","Finland",2016,19,68.5378148887612,11,71.3533124998126,26,55.7371359069353,21,49.0128040383814,15,70.689231894648,22,66.8108454626174
"FI","FIN","Finland",2017,21,65.1166182846068,11,72.0206504158902,26,55.5559382150818,21,51.0836244212674,20,63.7615688619293,22,66.9613630634841
"FI","FIN","Finland",2018,21,65.6074067575704,9,72.7094081055548,26,53.2643722925882,21,53.8360205445499,19,61.2621247738695,20,67.106750030997
"FI","FIN","Finland",2019,21,68.5368760136176,10,75.2536419008046,28,52.6257239395028,20,53.5161785151943,19,61.0001636574164,20,75.1639617517323
"FI","FIN","Finland",2020,21,67.9963666781917,8,74.344458184613,30,51.4626361832492,20,54.0851442485379,19,61.3039391292103,19,74.9547506031831
"FI","FIN","Finland",2021,20,66.8399969939912,9,72.5249688027617,30,55.7647559776863,20,55.4939883209441,20,61.2407531226382,19,74.9282608157284
"FI","FIN","Finland",2022,19,67.054419134528,10,73.4941160599236,28,56.2921934217638,21,51.6058139537495,19,60.7625042808811,19,75.0411946020271
"FI","FIN","Finland",2023,19,67.5947386793703,9,74.2345271105591,28,56.2742574363497,22,53.754676227658,19,60.8956823923509,18,74.1791211692124
"FI","FIN","Finland",2024,19,67.1308237178644,8,71.3330296738536,27,57.9022631417975,23,53.8716399251751,19,60.8060228112869,19,68.8637854128919
"FI","FIN","Finland",2025,22,66.9459150470353,8,74.2519318201313,28,57.322546291977,28,46.8188280978735,19,60.786349359616,21,68.5475323286431
"FI","FIN","Finland",2026,22,67.065547620763,10,72.3056330107045,24,59.0195811970172,28,49.7624287230134,21,60.4369659813011,21,68.7684890931409
"FR","FRA","France",2014,38,41.5673960023938,38,30.618651460457,38,38.1170671923086,31,40.1333417874596,38,30.1233060024373,16,72.7831178374348
"FR","FRA","France",2015,38,41.7120800533711,38,30.3328877586531,38,39.0957168669881,32,42.0373214869467,38,29.869510434105,15,73.2229255504907
"FR","FRA","France",2016,38,42.3531573841997,37,33.8640820559514,38,39.5969031193722,33,39.1329535359958,38,30.0466061999539,15,73.3979613176274
"FR","FRA","France",2017,38,39.424558443615,38,27.9809565788043,38,38.8934841699058,31,40.7976307561943,38,30.0973019767808,15,73.2247597459036
"FR","FRA","France",2018,38,42.9070669053219,37,32.3495653759429,35,42.967661314636,33,43.1183006570592,38,31.9828477713806,15,72.896609261868
"FR","FRA","France",2019,38,44.6407318916855,38,28.9477473424556,34,46.2507390786257,33,42.5150526825442,35,37.5420992038212,13,81.6007251627546
"FR","FRA","France",2020,38,45.8946338411277,38,31.7713200854095,34,45.1024975360859,33,41.1931404977134,35,38.1370604323153,9,83.6650529016558
"FR","FRA","France",2021,38,46.9679942922897,38,34.2327991068005,34,50.0858759232199,33,42.7540674794469,34,38.9731056609218,7,84.2443360400235
"FR","FRA","France",2022,37,49.0682309229874,34,42.7426404445448,32,50.2291596890211,33,38.9670343117153,34,38.7789741140917,8,85.1553936785787
"FR","FRA","France",2023,36,51.6988913358412,34,45.0471423791633,33,49.8779299659274,32,42.359707821572,34,40.1317656942077,7,85.2360762451869
"FR","FRA","France",2024,36,49.5967986051987,34,41.7529336175483,33,50.8463814631912,32,42.5187350663365,34,40.7911603304941,13,75.7201278617534
"FR","FRA","France",2025,38,46.5739374081098,38,28.7013863118203,33,50.4045850998075,31,43.9752736689126,34,40.6048174648622,10,80.1113081762915
"FR","FRA","France",2026,38,46.4327606531755,38,28.9025145207214,33,49.3436863826788,31,45.4744168637728,34,40.2315311082159,10,80.3511257817905
"DE","DEU","Germany",2014,20,68.8940935145458,27,58.0339464350448,35,45.8143328856022,15,62.6596706357068,14,70.4495388490177,9,77.9108968043283
"DE","DEU","Germany",2015,20,68.4172851569556,25,57.021022474417,36,43.7513904179157,15,65.2950758612183,14,70.5342748530155,9,78.288751728891
"DE","DEU","Germany",2016,20,68.1268385203816,28,56.1541729399211,35,44.5567920806191,16,61.27836725533,14,70.7491912435593,10,78.4796893851341
"DE","DEU","Germany",2017,19,67.2598459013077,26,60.0880241913894,35,44.6694342749935,14,64.5099188194768,14,70.2275119026705,11,78.6602040365728
"DE","DEU","Germany",2018,19,66.890410713069,29,56.0417224284892,36,42.7642930743903,12,65.9228416395933,14,68.2786641981689,11,78.5964941364599
"DE","DEU","Germany",2019,19,69.9206542141612,30,58.6601032114158,35,43.6176643354078,12,64.9555983194529,13,68.2032950105837,6,89.2784746588599
"DE","DEU","Germany",2020,19,69.5195413197582,28,56.9711001445643,35,43.0991685710909,14,64.1058697905815,13,68.5423518411447,6,89.5101335167166
"DE","DEU","Germany",2021,19,67.250150601512,32,49.3003807843979,35,48.1122817881664,13,65.4977938327976,13,68.4137078476198,6,89.5856161461247
"DE","DEU","Germany",2022,20,66.8537925833564,31,51.4314295735103,35,47.0803472871082,14,59.9335425390256,14,68.0403631129086,6,89.3205558771304
"DE","DEU","Germany",2023,20,67.4070125533823,32,49.2229443586671,35,47.3864045209647,14,65.0932081496486,14,68.0373167191847,6,88.3932757390331
"DE","DEU","Germany",2024,20,66.4572734882101,31,48.3187646859858,36,48.3049504491443,13,65.847214145313,14,67.938893971512,9,79.0699628704976
"DE","DEU","Germany",2025,19,69.5127189016707,30,55.454763073824,34,49.2281808192278,13,63.1171439968242,14,67.9038038171129,7,83.0791106611727
"DE","DEU","Germany",2026,19,69.5663469202159,30,55.1071702708038,34,49.3095750148727,13,65.0231509333903,14,67.7432044714546,7,83.2360402089755
"GR","GRC","Greece",2014,33,59.9135951311635,30,56.2902415026709,12,79.3804420317711,27,45.2779776286882,32,49.2861002315629,30,54.8978497595454
"GR","GRC","Greece",2015,36,54.301824053884,34,47.2531781692075,17,64.3276127670317,28,47.0661632297772,33,49.6756237132893,31,55.3956146288553
"GR","GRC","Greece",2016,36,54.4253185248768,34,48.0228581671023,16,69.996843942338,28,43.2765759451998,33,47.351375580626,31,55.8191124373692
"GR","GRC","Greece",2017,36,52.8612689817669,33,54.7571205879998,16,68.3846439263674,32,40.5006402922234,34,46.29589564516,32,54.8411641762913
"GR","GRC","Greece",2018,36,51.5840458905911,32,50.3070994574299,16,66.7661248592295,30,45.7691195705179,34,41.530937535372,33,54.2586223942141
"GR","GRC","Greece",2019,34,57.5713196668983,26,62.0795968046395,11,72.5174211411447,32,43.3595490228764,34,40.8256137527716,30,62.8503843418242
"GR","GRC","Greece",2020,34,59.304777033715,26,58.0575611714092,11,74.7792279198974,31,44.0857403062556,34,40.6893640578116,23,72.6641526263522
"GR","GRC","Greece",2021,26,61.5557976375244,21,58.6180169198312,6,89.1753945097662,32,44.441983373648,33,41.7166681878923,23,72.7637438264479
"GR","GRC","Greece",2022,31,61.174703274343,24,59.0133344318266,6,89.7464058140663,32,39.929079180558,33,41.3293293470226,22,72.9799180597315
"GR","GRC","Greece",2023,30,61.818751960164,21,59.9727172443609,6,88.6353565967505,31,43.2274314266563,33,41.0286344660837,25,71.2555795462569
"GR","GRC","Greece",2024,30,60.9593432217065,22,57.4275272512695,6,89.858061971626,31,45.587467681613,33,41.8041708622011,26,61.6221414897765
"GR","GRC","Greece",2025,25,66.0453565640191,22,62.5164222578082,4,90.2732683545265,29,45.7546668329739,33,42.0697958521847,17,72.2238242040595
"GR","GRC","Greece",2026,24,66.1621850221209,22,62.6071463524846,5,89.6329172644138,29,47.4715933786002,33,42.4299237323804,17,72.3652619941676
"HU","HUN","Hungary",2014,16,71.536921006919,25,59.490143647887,9,86.6783565554875,36,33.0267836003734,16,67.6471752233955,4,85.5376257931253
"HU","HUN","Hungary",2015,17,70.6495025686236,27,56.5830074712917,9,86.1190233513448,37,34.1706904234351,16,67.8239840235312,4,86.0532466925605
"HU","HUN","Hungary",2016,15,71.3077937445059,26,56.5368604124127,8,88.2196751409801,36,33.3120800041677,17,67.952401522971,4,86.6341608462692
"HU","HUN","Hungary",2017,15,72.0836491146892,21,64.5514493343907,7,88.1820857506879,35,38.0502036799511,16,67.2580887313266,4,87.4857657703769
"HU","HUN","Hungary",2018,11,73.8106993829265,13,69.6404937478812,6,87.3733360505519,36,35.9861613786322,16,65.2459415026094,3,89.4143727936577
"HU","HUN","Hungary",2019,9,78.7811031614391,5,81.5804450236462,6,86.8128942710934,36,34.5837806083395,15,65.2193245385867,3,95.9093630266349
"HU","HUN","Hungary",2020,9,77.5646841677076,5,81.0907738014464,6,86.3070347113514,38,31.4429672344691,14,65.5452091924017,3,95.69014689046
"HU","HUN","Hungary",2021,10,76.9022668544739,5,80.3361125910907,5,90.9617208679557,38,31.9503221489932,15,65.4051733286427,3,96.0469434788397
"HU","HUN","Hungary",2022,12,75.5919079052298,5,80.0694845284965,5,89.8445305891782,37,30.9487049672172,21,59.9063020361554,4,96.2181361071853
"HU","HUN","Hungary",2023,10,76.5844523881418,5,79.7832826165827,5,90.4930219865745,37,36.2456431260846,21,59.8758893881243,4,95.103133915873
"HU","HUN","Hungary",2024,11,76.8064557684626,5,77.2445206681722,4,92.1610685665727,35,37.2978304455276,22,59.593577677506,3,89.9339636785996
"HU","HUN","Hungary",2025,11,76.7244743523254,5,78.7139536174888,3,92.226499109372,37,31.0873580833912,22,59.6203445561233,4,89.763369653115
"HU","HUN","Hungary",2026,12,75.8718455511603,5,78.9698197285085,3,91.8924572049357,38,30.1808322778473,22,59.4215056717617,4,90.0228011821307
"IS","ISL","Iceland",2014,34,57.8001435490353,15,66.9145047431471,31,51.1396723216529,30,40.2752871921831,33,48.1843834968232,20,66.5382320556628
"IS","ISL","Iceland",2015,30,62.2754040320358,16,65.1257601808794,30,49.6236099537998,29,46.8266587040551,22,62.8720276155798,22,66.2107968927421
"IS","ISL","Iceland",2016,31,62.6120579466988,14,66.6413180430588,29,50.5540578969358,27,44.6436550864082,23,62.5649495974002,23,66.5100396917382
"IS","ISL","Iceland",2017,31,60.042397224482,15,66.5022372460237,29,51.2867132426785,25,49.5503347672979,24,62.2610134746052,30,58.8332469385073
"IS","ISL","Iceland",2018,32,59.5233154669929,15,67.142939965849,31,47.1556565809965,26,51.4484850075363,22,59.9151831341382,29,58.2938441140407
"IS","ISL","Iceland",2019,29,62.916341463326,14,71.1708619930495,32,46.76950134547,23,52.4367715545994,22,59.8726126485057,29,64.690787461995
"IS","ISL","Iceland",2020,31,60.8302802154428,14,67.3918567722997,32,46.1969953997896,26,50.976172121661,22,59.7667951232875,31,64.1045744196649
"IS","ISL","Iceland",2021,33,58.5229559000448,17,64.1878721659167,32,50.992111540851,28,49.6147510185517,23,59.6204725974935,31,63.9602864495044
"IS","ISL","Iceland",2022,34,56.5195238233203,17,65.506766618925,31,50.709733511345,28,45.2857415430902,27,52.7728564436946,30,64.3193457395927
"IS","ISL","Iceland",2023,33,57.2920070240256,16,65.5615370751569,32,50.326298782111,29,48.3867828648281,27,52.7528806965344,31,62.7165818646983
"IS","ISL","Iceland",2024,33,57.0978460660434,19,61.5424064104312,32,51.076520696661,28,49.3705225245729,27,52.4434973329489,27,61.1939916982655
"IS","ISL","Iceland",2025,31,61.7353218428683,15,68.6882382340866,32,50.4682321727219,23,52.2068739034824,27,52.4231183411992,26,64.5735643309057
"IS","ISL","Iceland",2026,29,63.1061280548925,13,68.9635039044933,32,50.1170034684553,19,58.1426107004751,27,52.2043499205903,26,64.8576850492707
"IE","IRL","Ireland",2014,31,63.0950249797314,4,85.3641615801596,36,43.7257218457376,37,32.4475850497209,22,62.6428131590921,23,66.3164341717273
"IE","IRL","Ireland",2015,31,61.9647242438581,3,83.0404487815333,37,41.2853932964883,36,34.2925137239732,23,61.991785377052,23,65.869076159837
"IE","IRL","Ireland",2016,32,61.3718532998028,4,80.0619909546266,37,42.7198624289182,37,32.8281073405294,24,61.9644862108303,21,66.8838741805034
"IE","IRL","Ireland",2017,32,59.8722506048275,3,78.7277334646288,37,41.6683715709957,37,33.9574170882428,23,62.2870768308766,20,68.2067459074742
"IE","IRL","Ireland",2018,30,60.4893251069604,4,82.6090574425426,38,39.8977988667657,35,36.9004336173449,21,60.3495908972649,21,67.0443894869683
"IE","IRL","Ireland",2019,33,61.7871016486157,4,85.1113048665862,38,39.7660336770567,35,34.9979177092861,21,60.6489386529724,26,68.445176639601
"IE","IRL","Ireland",2020,32,60.5666857607678,4,83.577892172534,38,39.6750904286571,35,35.6215217640993,20,61.1962269244514,28,66.7904007637495
"IE","IRL","Ireland",2021,32,60.2284040979362,4,84.0014042030831,37,44.8152086219201,35,37.2460167183515,19,61.9805342355769,28,66.820409452454
"IE","IRL","Ireland",2022,32,56.6993096461724,4,81.7149041286766,36,46.1989992065972,36,31.2605605297491,17,63.2247986848305,33,55.8933217665532
"IE","IRL","Ireland",2023,31,58.7211576803014,4,82.1369144813159,37,44.9783090698161,35,38.4894729802262,18,62.6215977662344,34,55.3977980208382
"IE","IRL","Ireland",2024,32,57.6874182267193,4,80.5103882405199,37,46.1203273961914,36,37.1897368596903,18,62.0884185362506,34,49.7502622221723
"IE","IRL","Ireland",2025,32,61.1722443634318,4,81.571324935836,37,45.4835646120585,36,34.6394578492773,18,62.0432127868083,31,60.3271663465059
"IE","IRL","Ireland",2026,32,61.5011161737764,4,81.7706287332338,36,45.0470138653932,35,37.7931114522053,18,61.8208740254107,31,60.5335803505761
"IL","ISR","Israel",2014,14,72.9987386735079,14,68.1206892262941,32,49.0647069411685,11,71.8694137824253,6,80.5689689398465,27,58.846113422928
"IL","ISR","Israel",2015,14,72.7434366463584,13,67.7245604503116,31,48.5821477424211,11,75.1998940759959,6,80.4739329571878,30,57.6710192397632
"IL","ISR","Israel",2016,14,73.7884070031386,12,69.7970438036973,30,50.4948639756166,10,71.0354739604356,6,80.7742126936339,29,58.9213569888138
"IL","ISR","Israel",2017,14,72.316565942196,14,67.8687324295569,28,53.3752780956304,11,75.7783975661045,6,80.0680812543201,27,60.2843544037569
"IL","ISR","Israel",2018,15,72.6635224141572,14,68.5644182026035,29,47.7622148186096,10,77.5365608373814,6,78.6913750640701,28,59.6097625062548
"IL","ISR","Israel",2019,12,75.4085049536324,18,69.7022637957992,31,48.0731078625279,10,75.9514748172917,6,78.4038981966592,27,68.1829735420336
"IL","ISR","Israel",2020,12,76.0380543744793,12,69.5756853966623,31,48.4458816590725,11,76.2905986515594,6,78.9207545410198,24,69.0097979547111
"IL","ISR","Israel",2021,11,75.1156152615067,14,67.6493491218739,31,53.775763042445,10,77.2311647534881,6,78.6922991594033,25,69.1319011338875
"IL","ISR","Israel",2022,10,76.6222937087546,14,68.3654487601634,29,55.8781655442255,10,73.5934240120382,6,78.5790866018857,26,71.4386316174148
"IL","ISR","Israel",2023,11,76.3576673105805,11,68.9441689849495,31,52.2648656334873,11,78.5401114341804,6,78.176927734795,26,70.4542403084054
"IL","ISR","Israel",2024,10,77.626692387685,10,68.4334092379842,31,52.7722784310756,11,78.4814180029578,6,77.8994157061443,18,70.0466246108461
"IL","ISR","Israel",2025,9,77.5509240400213,11,71.4617901927651,31,51.1543287450221,11,69.6462020617504,5,78.3668183946775,18,72.1784383016288
"IL","ISR","Israel",2026,9,78.0551928627294,11,70.3354817067446,31,51.7791344121802,11,73.3986931015054,5,78.3572891008694,18,72.298639270066
"IT","ITA","Italy",2014,35,56.5163947587075,22,61.5949257485353,17,68.1564642587442,29,41.3334263413247,37,36.3415933691494,26,64.1919212558101
"IT","ITA","Italy",2015,37,53.0688570665503,26,56.9535355223382,22,59.981355477866,30,43.2015590271133,37,37.4344485313831,25,61.3337371227496
"IT","ITA","Italy",2016,37,51.9730344249464,29,55.1865028395677,21,60.7042405098836,30,40.4662773050281,37,36.1438388576728,25,61.9246738510882
"IT","ITA","Italy",2017,35,54.1609077523256,16,66.1299714053072,18,63.9471610467238,33,40.4059405887868,37,35.943430370573,24,62.3099935239158
"IT","ITA","Italy",2018,37,49.9688952687397,21,62.3841886017114,19,62.331252460965,37,33.0079028630248,37,32.1307640488809,25,62.5566704103629
"IT","ITA","Italy",2019,37,51.7385789755926,22,64.6373177062807,18,61.4195284605329,37,32.444466685197,38,31.94780812354,24,69.089072993204
"IT","ITA","Italy",2020,37,48.7450742168693,27,56.996726404632,18,60.8764532644659,37,31.890808056155,38,31.9920140656539,25,68.5537194931692
"IT","ITA","Italy",2021,37,48.2879344319375,27,54.6057284598653,17,65.1227920365434,37,33.0036682784116,38,32.0415680668966,24,72.0102363858003
"IT","ITA","Italy",2022,36,49.2636224568785,26,58.3689329675063,16,65.3173652400864,38,30.5183566537101,38,31.798352756875,25,72.2900979727813
"IT","ITA","Italy",2023,37,49.6605832115509,24,58.2946976910516,16,64.3418475997069,38,30.4500080890803,38,31.7356192225807,24,71.9676460637172
"IT","ITA","Italy",2024,37,47.1456388995433,27,53.7485127370788,16,65.455001521773,38,31.1252537254305,38,31.8431203176251,25,62.1916153658513
"IT","ITA","Italy",2025,36,50.2887884080875,27,59.5365384299609,16,65.4830775317769,38,30.6351703213968,38,31.8236470209824,24,66.8349157562587
"IT","ITA","Italy",2026,36,50.3835756302399,27,59.1466307926848,16,63.4675134140377,37,34.180565290182,38,31.9123960742774,24,67.0521847687554
"JP","JPN","Japan",2014,18,69.6088246804437,36,43.8277189808181,30,51.4244891069144,2,97.244810548027,19,67.0670440769746,29,58.0907351595879
"JP","JPN","Japan",2015,24,66.2588951811123,36,42.5199883025816,33,45.5428209358958,6,93.5669653926538,18,67.2682690947533,28,58.4940532506115
"JP","JPN","Japan",2016,18,70.0119538302905,35,44.8464025413039,34,46.1704181763221,1,100,19,67.2309805496124,28,59.1456958353996
"JP","JPN","Japan",2017,18,67.6741712132697,36,49.5071765836833,32,46.5779468371694,2,94.8436967413146,18,66.5453139545264,23,63.5375159870532
"JP","JPN","Japan",2018,20,65.6154698150969,36,43.776576920761,32,44.5295627448702,4,94.1031881904121,25,59.2096757492502,24,63.953153946791
"JP","JPN","Japan",2019,20,69.0069752314397,36,47.7304821044627,33,46.3225824134919,4,93.3814099125044,24,59.1915484138476,21,73.351244140278
"JP","JPN","Japan",2020,23,65.5546321298942,36,42.3029596069152,33,45.7006366531649,5,89.0090603137195,25,59.50967403585,26,68.5383367135261
"JP","JPN","Japan",2021,22,64.278509552278,36,36.8588312020034,33,50.0890719458648,5,91.8976764534901,24,59.356163055559,26,68.5385019041946
"JP","JPN","Japan",2022,25,63.6161246804351,36,40.079463691482,33,48.8030046019724,5,83.378244953671,22,59.2469664282,27,68.8419923931932
"JP","JPN","Japan",2023,24,64.2331072999124,36,41.2111751921635,34,49.02497271693,6,88.1471930821646,22,59.2259119168566,28,64.9633988107621
"JP","JPN","Japan",2024,25,64.1124987270538,36,39.8994685688188,34,49.9915295272167,5,89.5307978960916,23,58.9475149827884,30,59.7591981597713
"JP","JPN","Japan",2025,26,65.9464062593391,36,44.0615490529184,35,49.0162518804573,5,87.5943416985537,23,58.9267028257984,28,64.0999373540496
"JP","JPN","Japan",2026,26,65.4213101787723,36,43.1378602616609,35,48.8650954839173,5,90.7901152100946,24,58.7309579977113,30,60.6029165609652
"KR","KOR","Korea",2014,24,67.856003207685,19,63.1144547954267,29,54.7378227010208,4,92.8910614440086,31,50.1876444515013,32,50.0027621703023
"KR","KOR","Korea",2015,21,68.2128486250875,18,63.5028708004254,29,53.0961161818586,4,96.5233094180996,32,50.5149426511011,32,52.2311416952317
"KR","KOR","Korea",2016,22,67.5242874199516,18,63.1064065238535,28,51.1089043021294,4,91.2141095898113,32,50.3697782685639,32,53.2561309149677
"KR","KOR","Korea",2017,22,64.6232697405806,19,65.3279088998198,36,43.1381634755628,4,92.7970475050656,32,49.651751707367,31,55.4140919722852
"KR","KOR","Korea",2018,24,63.5418189472897,26,58.320681763682,37,40.0598791094721,2,96.4125182017849,31,46.5592975412965,32,54.5504343425856
"KR","KOR","Korea",2019,24,65.6877122142536,27,60.7047332802501,36,43.2785296521776,2,97.2643615201775,31,46.5532735266282,33,55.1893133297955
"KR","KOR","Korea",2020,25,63.7130146478859,29,55.7431725593874,37,41.8965729483779,2,96.1847804481391,32,46.8523448363653,33,54.6847948088273
"KR","KOR","Korea",2021,28,61.1539551093112,28,53.2477137565418,38,39.0663499271068,2,98.8494502992014,31,46.751754602862,33,54.9423384986108
"KR","KOR","Korea",2022,22,64.4234709490429,28,54.6001189846974,38,39.0675017364068,4,89.2460158904667,30,46.8142216584738,24,72.5310730555226
"KR","KOR","Korea",2023,27,63.9442165819379,25,57.7083219037694,38,38.6015885497164,4,92.7579618807178,30,46.808562438463,30,63.7672945431899
"KR","KOR","Korea",2024,21,64.7598624543667,24,56.3548290359271,38,39.1713466328013,2,97.7545556428034,30,46.4804147073011,31,58.4989947845349
"KR","KOR","Korea",2025,23,66.8392810027588,23,62.2327914233725,38,39.2867962651555,3,92.2749401451743,30,46.5165127828718,30,62.0996828943791
"KR","KOR","Korea",2026,23,66.7252257770155,26,59.3293510769343,38,39.0305206367462,2,96.1590104963478,30,46.280694675847,29,62.3005662848078
"LV","LVA","Latvia",2014,4,82.8817984816058,3,86.6278346915239,3,93.6047941325391,34,36.2258297764059,7,79.0105904536305,6,79.2168404664408
"LV","LVA","Latvia",2015,3,82.451775246503,4,81.0482667305998,3,93.5679408417637,33,39.2748580077499,7,79.0041457146458,6,82.2083065309467
"LV","LVA","Latvia",2016,3,82.9321907204925,3,80.8775667465901,4,94.0470149124052,32,39.1361540550995,7,79.0629386955465,6,82.6988306431935
"LV","LVA","Latvia",2017,3,80.3921964928092,4,78.6344791843271,4,93.8588013474704,30,42.5012742355751,7,78.8231810138753,7,83.4371836632822
"LV","LVA","Latvia",2018,3,84.5307064624732,2,91.4841573221414,7,86.9714133256878,28,50.6505678626295,7,76.8283290797158,8,79.910598930031
"LV","LVA","Latvia",2019,3,88.285939945763,2,96.0481265573944,5,89.8495664425262,28,49.3814385315419,7,76.5885845129046,11,82.9095880350213
"LV","LVA","Latvia",2020,3,88.4283476029745,2,94.4327788363744,5,89.0204863398339,24,52.2049083677001,8,77.1980354824764,11,83.0293350709267
"LV","LVA","Latvia",2021,3,88.6772036698003,2,95.1749242572748,3,93.8003650948304,22,54.2682138183822,8,77.23627070459,10,83.7218211151939
"LV","LVA","Latvia",2022,3,88.9080694372553,2,96.0602507278058,3,93.4547787502863,23,50.5324009430294,8,76.8621106494998,9,83.7921700107374
"LV","LVA","Latvia",2023,3,88.6607205776613,2,96.9062186633525,3,93.0318542736608,20,54.3087912825329,8,77.0179272524636,13,81.6758016351411
"LV","LVA","Latvia",2024,2,92.1179891426873,1,100,3,94.8100697072536,21,55.3128419602779,8,77.2194277739964,7,80.9393456075553
"LV","LVA","Latvia",2025,2,92.363968401607,1,100,7,84.8296319901769,20,53.418147235958,7,77.2831298620747,6,83.7229391789849
"LV","LVA","Latvia",2026,2,92.2746928597991,1,100,8,84.32951700758,22,55.1702950339536,6,77.3956090544872,6,83.954329191417
"LT","LTU","Lithuania",2014,8,79.9642328292904,2,88.4644499512177,4,93.4257942707791,33,36.707208115375,9,77.2626388056687,21,66.5075965584164
"LT","LTU","Lithuania",2015,9,78.9149288585117,2,86.6325469630761,5,89.6031491487741,34,38.5335538732645,9,77.3637803159145,19,67.1280030939745
"LT","LTU","Lithuania",2016,8,79.4012454179783,2,87.1951273510385,6,90.163634698789,34,37.7524936706641,9,77.0607337235286,19,68.3664305401535
"LT","LTU","Lithuania",2017,8,76.8455673968652,2,84.9559855321699,6,89.720022946508,34,40.2414097379595,9,76.7541407609155,19,68.8014785832273
"LT","LTU","Lithuania",2018,6,77.9090573275546,3,84.9557186494848,5,88.3252185264207,32,43.9727370302167,9,75.3392987296247,19,68.5198806815447
"LT","LTU","Lithuania",2019,10,78.6551094132978,3,87.2785257398259,10,77.9781676820092,31,43.5144275087673,9,75.3215405501468,22,73.221005743022
"LT","LTU","Lithuania",2020,8,78.0165542586551,3,86.8256717236991,10,76.3579993292387,32,43.9186571504876,10,75.1867974430713,20,73.4442361944651
"LT","LTU","Lithuania",2021,9,77.7971753980677,3,86.8424661787636,10,81.0457678711577,31,46.0589282996445,10,75.0940767491212,21,73.5445636305788
"LT","LTU","Lithuania",2022,8,78.4177297913206,3,86.6739985791376,10,80.9801110244604,30,44.3738614522435,10,75.2279922733781,20,73.7567999344029
"LT","LTU","Lithuania",2023,6,79.359112895289,3,86.5730922630478,10,80.9842419367137,26,50.4870787662402,10,75.1290615469022,20,72.9742169453919
"LT","LTU","Lithuania",2024,5,80.9584973148308,3,85.3744135761818,10,82.3176727531291,26,51.3446441662057,10,74.9040540955134,15,71.9427551620225
"LT","LTU","Lithuania",2025,5,82.6420818757334,3,84.7770198643216,9,80.9658176795796,25,50.5543996079636,10,74.7951815600882,16,74.4394759165141
"LT","LTU","Lithuania",2026,5,83.0454816127531,3,84.7724904224405,10,80.7513151214552,23,54.0302217362051,9,74.7306369145399,16,74.2461816077187
"LU","LUX","Luxembourg",2014,3,83.2539448066601,26,58.4636214148405,22,60.4088718329054,1,100,18,67.080319718966,3,87.515014530904
"LU","LUX","Luxembourg",2015,4,82.1972670422236,24,57.7033879655419,24,59.2638864105197,1,100,17,67.2833166805632,3,88.8929907637818
"LU","LUX","Luxembourg",2016,4,81.8354347762764,24,57.0624190035397,22,59.144905883169,2,93.8953618867389,18,67.4251068208548,3,89.038731552816
"LU","LUX","Luxembourg",2017,6,77.3438041208331,22,64.403662478325,25,57.8220994105022,8,82.0692224000362,17,66.7896740176919,2,90.6374691241909
"LU","LUX","Luxembourg",2018,7,77.7858784683473,23,60.4512985983139,25,55.581689670272,8,83.0118607622132,17,64.7256727173676,2,91.0552898505145
"LU","LUX","Luxembourg",2019,8,79.1200894442394,21,65.0501481730045,24,55.9719435043939,7,82.4172060741192,17,64.689144290458,5,91.3842179753196
"LU","LUX","Luxembourg",2020,7,79.407960782482,21,62.0515271018982,25,55.6152239598717,6,84.7724437720856,17,65.0203691176682,5,91.614686572407
"LU","LUX","Luxembourg",2021,7,78.4512631147299,23,57.9282008754464,22,60.1572104285173,6,87.4991706422984,17,64.9085339363678,5,91.6186986126016
"LU","LUX","Luxembourg",2022,7,78.6359318303297,23,59.2843729600754,21,60.8182385184042,7,81.5189910772398,16,64.7274386360404,5,91.8326432860085
"LU","LUX","Luxembourg",2023,5,79.4060828245175,22,59.6758319730837,22,59.2925125603101,5,88.6606905885572,16,64.7018804780737,5,90.4733821015995
"LU","LUX","Luxembourg",2024,6,79.533769018652,21,57.7362545118035,21,60.5798384909666,6,88.2994924134326,16,64.449316005444,5,86.6670690977738
"LU","LUX","Luxembourg",2025,6,81.3226888421958,20,64.790984470196,21,60.3717975590593,6,83.970586231948,16,64.4256220040902,5,86.4188698737452
"LU","LUX","Luxembourg",2026,6,81.5293097839001,20,64.6112364124536,21,59.900911130662,7,86.3662701730572,16,64.2638424232802,5,86.6706641265524
"MX","MEX","Mexico",2014,29,63.2919431287368,28,57.3383076019348,37,43.575558891483,16,62.5754585063546,3,83.211033467424,36,42.454680130873
"MX","MEX","Mexico",2015,28,63.5903051000558,28,56.2556102971993,34,44.9337570148837,16,64.9563960085295,3,83.2603215104254,36,43.1963927734405
"MX","MEX","Mexico",2016,26,64.4051638973588,23,57.7106509811012,36,44.5502113329177,13,63.7727799249881,3,83.468900030112,36,44.0213717847806
"MX","MEX","Mexico",2017,26,62.9421049973486,25,61.4992373856073,33,46.0900308957022,15,62.6144705168101,3,82.8182924608303,36,44.8340032448318
"MX","MEX","Mexico",2018,27,62.2127325649989,28,56.3385034332414,34,43.2386231473752,14,64.4449062058565,3,81.8126207489494,35,46.4202830152929
"MX","MEX","Mexico",2019,23,66.4337281053028,29,59.4340100297379,30,51.5441900499953,14,63.1514548401276,3,81.7681699652323,35,51.3455432520023
"MX","MEX","Mexico",2020,27,63.1638172339787,31,54.2348173401435,27,52.645484228266,12,64.8937224509064,3,82.1173400552242,36,39.6756453548197
"MX","MEX","Mexico",2021,24,63.6749379754801,29,51.1728993182464,26,58.5666766913944,12,65.7798169023223,4,81.9776448641114,36,45.9201642435584
"MX","MEX","Mexico",2022,21,64.5251770427821,29,53.1790907620023,25,57.4509806554012,12,65.8651121603451,3,81.7023580864211,36,44.151058110829
"MX","MEX","Mexico",2023,25,64.1455471686114,28,53.689181134661,27,56.3140037117689,12,66.2327831343021,3,81.6259736995203,35,43.8625346049729
"MX","MEX","Mexico",2024,22,64.653690702384,28,52.213537615782,26,58.0876134358945,12,65.9417043081843,3,81.4056688566316,36,41.9906966183836
"MX","MEX","Mexico",2025,21,67.2274025762462,28,58.1037647414045,27,57.5267063917882,12,65.615015573752,3,81.3560464782565,36,42.8968747977664
"MX","MEX","Mexico",2026,21,67.3248792314559,28,57.7887473247881,26,57.4945146657841,12,67.5836546812044,3,81.2274258061746,37,43.0580070246186
"NL","NLD","Netherlands",2014,11,76.7229165634206,21,62.2085062069877,18,64.5934417082537,17,59.5048637754305,21,63.8222453522477,1,100
"NL","NLD","Netherlands",2015,12,74.8526371545681,21,61.0932570008316,20,60.3279440565653,18,59.7847834851669,21,63.3587926035798,1,100
"NL","NLD","Netherlands",2016,12,74.6381883537151,21,60.8830377625454,18,61.7875624942819,18,56.0094750859482,22,62.5731844663634,1,100
"NL","NLD","Netherlands",2017,12,72.7622417644241,24,63.1922545854602,21,60.5257944598514,18,58.4486168382155,22,62.457109447764,1,100
"NL","NLD","Netherlands",2018,12,73.2797675590263,24,60.3750385641521,21,58.3160202168757,17,61.4317123326934,23,59.7964442493634,1,100
"NL","NLD","Netherlands",2019,14,73.3092866664084,24,64.0452021399713,23,57.2556129599649,17,60.5089107944618,23,59.4748833861124,2,99.4923624272538
"NL","NLD","Netherlands",2020,15,71.0338373489013,24,59.9434770726495,24,56.1469004786186,19,56.4492146503558,24,59.5550759432859,2,99.7741342008636
"NL","NLD","Netherlands",2021,16,70.282102697263,25,57.6251496240935,24,59.8676685093365,18,59.7046978733552,22,59.6604771973961,2,98.5559330615507
"NL","NLD","Netherlands",2022,14,70.7746230479772,25,58.562868292695,22,60.2950542957628,17,57.4462375197529,24,58.8167715704804,3,98.3181964180671
"NL","NLD","Netherlands",2023,15,71.1209083759367,23,58.9088166171633,23,58.7525686304599,17,59.9490624188415,23,59.2174706117474,3,98.4966584394716
"NL","NLD","Netherlands",2024,18,68.2999531624409,23,56.7370358325422,30,53.8926312150839,17,58.9414825779419,21,59.6774866379732,4,89.5030241177113
"NL","NLD","Netherlands",2025,17,71.8961341181082,24,62.1607146169158,30,54.3372899825489,16,58.9623425551571,21,60.0236859864484,3,93.5880178445128
"NL","NLD","Netherlands",2026,16,71.9200078775552,23,61.7438546290752,30,53.8866549748444,14,60.5971646265359,20,60.6504453782211,3,93.7642000578597
"NZ","NZL","New Zealand",2014,2,87.3148329645894,29,56.4992255317783,5,91.2566937916749,5,92.2630900302419,5,81.4375273116257,17,70.3250376365462
"NZ","NZL","New Zealand",2015,2,86.9579909006289,30,55.0503812015029,4,91.1770246084859,5,96.1386838631296,5,81.2947341956827,16,70.9310625609619
"NZ","NZL","New Zealand",2016,2,86.0531119035193,30,54.0712628402764,5,91.3661882145901,6,88.5690058785147,5,81.3017045136943,16,71.1936429667986
"NZ","NZL","New Zealand",2017,2,86.5625235070156,30,58.037092420884,5,92.0998630691396,1,100,5,81.8515678640346,16,72.0650442524301
"NZ","NZL","New Zealand",2018,2,88.072988470292,30,54.8969622020705,4,91.5683728947793,1,100,5,80.4636433118444,16,71.6719768926298
"NZ","NZL","New Zealand",2019,2,92.0174211738976,32,57.9860424159981,4,91.8010747527724,1,100,5,80.2653680708229,15,81.4322917749533
"NZ","NZL","New Zealand",2020,2,91.384468725847,33,52.1924262006308,4,91.5009969009432,1,100,5,80.6487152707611,14,81.5349985370513
"NZ","NZL","New Zealand",2021,2,88.7012686410515,30,49.33725023323,7,88.1075681162374,1,100,5,80.725132369015,14,81.6850715145054
"NZ","NZL","New Zealand",2022,2,90.8461474578644,30,51.8143933163844,8,86.2110441238998,1,100,4,80.6699579673757,13,83.1326931515872
"NZ","NZL","New Zealand",2023,2,89.326121554729,29,53.0366211363051,7,87.4295148291757,1,100,5,80.1497145749991,14,80.7928967912702
"NZ","NZL","New Zealand",2024,3,89.4395269913058,32,48.0140270319628,7,86.7676386693074,1,100,5,80.4510131401004,8,80.2171084522932
"NZ","NZL","New Zealand",2025,3,91.3528904381251,31,54.7814421482872,6,86.3017635990283,1,100,4,80.5807248785105,14,76.2944489918666
"NZ","NZL","New Zealand",2026,3,90.7099988623037,31,54.4414308247724,7,85.5372895067449,1,100,4,80.2038024671231,14,76.4434231075475
"NO","NOR","Norway",2014,21,68.7164947234023,23,61.2560658482632,19,64.5107990253802,25,48.5505900273066,15,68.5918317534101,13,73.9152512719363
"NO","NOR","Norway",2015,22,68.0948231307236,22,59.7789290574701,18,63.2368003177924,24,50.2359745866115,15,68.7556909031672,13,74.1651226226662
"NO","NOR","Norway",2016,21,68.0714732858775,20,62.1934172037175,17,62.566402139819,25,46.4408584858884,16,68.9007543171045,14,74.0575610098171
"NO","NOR","Norway",2017,20,66.8387136680592,18,65.5713345874834,20,62.2012583720046,27,48.4790462590078,15,68.2264494851638,14,74.1478045826614
"NO","NOR","Norway",2018,18,67.1507018900321,18,65.8738903278982,20,59.7407770453808,27,50.7766742412822,15,65.3381870182277,14,74.2241671213426
"NO","NOR","Norway",2019,18,70.268620926684,15,70.433746074639,20,58.2167743164642,27,49.6731282232046,14,65.2889138590932,9,83.1685489842
"NO","NOR","Norway",2020,20,69.1983036760269,15,67.0758412738491,21,57.7885393732062,28,49.6695711974423,15,65.3806708737856,10,83.1541706983584
"NO","NOR","Norway",2021,18,68.3963202000969,16,65.4571955395067,19,62.7668338623358,27,50.6168445323557,14,65.4655334137146,13,83.1492752633573
"NO","NOR","Norway",2022,17,68.247801952721,16,66.7761631982039,24,58.9342837628173,25,48.7373239237821,15,65.3252853243096,14,83.0965245098919
"NO","NOR","Norway",2023,21,67.2383953865902,14,66.8752426108977,30,54.3779880098377,27,50.2852377706329,15,65.2751929882461,11,82.0265469053698
"NO","NOR","Norway",2024,24,64.290911555745,13,64.7811318379875,29,55.6362265217204,27,50.171822978564,15,65.0252535010521,22,66.5511195252475
"NO","NOR","Norway",2025,20,68.2737834197838,14,68.769303316967,29,55.1893576821017,27,49.354219917022,15,65.0081961069219,15,75.127507400451
"NO","NOR","Norway",2026,20,68.2836140088772,15,68.6931975265182,29,55.016242647757,27,51.2201634689841,15,64.8404621115308,15,75.3589103425216
"PL","POL","Poland",2014,22,68.0605620094613,7,76.5342509338942,11,79.7363595463838,38,31.9771968501661,25,59.7458147980256,19,68.129252643449
"PL","POL","Poland",2015,25,65.1706606485398,7,74.8474175022997,11,79.1787404631799,38,33.3919693507583,27,59.8079148228116,29,58.3288922808559
"PL","POL","Poland",2016,27,63.6520283783656,7,74.9513668020209,11,80.01579749045,38,31.743421387103,29,54.8285534410356,30,58.6737038167771
"PL","POL","Poland",2017,29,61.4287212087532,8,73.7958225388414,11,79.5924568794303,38,31.9911785965119,28,54.3178107847852,29,58.8391624352228
"PL","POL","Poland",2018,31,60.3369866045233,7,74.5625341011467,11,78.6578332743931,38,30.8781774706342,27,51.5217353467973,30,58.1555634574028
"PL","POL","Poland",2019,31,62.4484883124425,12,73.1237759267557,9,78.637450457919,38,31.4996161081955,27,51.3606612467147,28,65.0709545527385
"PL","POL","Poland",2020,30,61.6596190669596,10,70.3545827204509,9,78.1886652622562,36,33.1543366449912,28,51.6599419129507,30,64.525942920599
"PL","POL","Poland",2021,31,60.5141135843757,12,69.9134795518627,11,80.9035965442689,36,33.7618510491634,27,51.7094148552087,30,64.8115967937459
"PL","POL","Poland",2022,27,62.5629000684733,12,70.7039976074792,11,77.7391899264704,35,32.8459460209832,28,51.6450322548117,21,73.4147978210181
"PL","POL","Poland",2023,26,64.0022585359247,12,68.5746380592877,11,77.9955471719022,34,39.3904379850604,28,51.724170403101,21,72.9486678202766
"PL","POL","Poland",2024,27,62.6985083266552,12,67.2248877766433,11,77.2478185861063,37,34.1422622644132,28,51.5902849778075,16,71.6772768359247
"PL","POL","Poland",2025,30,63.9514069075835,12,70.1358041575101,11,77.6877490483734,35,35.5104799755516,28,51.449298144274,23,67.2536722635737
"PL","POL","Poland",2026,28,63.9708983442188,12,70.1993474027457,11,77.6056348197452,36,37.4122148401665,28,51.0724867874425,23,67.4725771652684
"PT","PRT","Portugal",2014,37,53.925507508638,33,49.748201501789,33,47.0450685984243,24,48.8719665983206,20,64.4850675308545,35,45.267470558684
"PT","PRT","Portugal",2015,35,55.6909265404698,31,51.7159723496446,32,46.3890806027265,25,50.217555731152,20,63.9674210065558,33,52.0732442017803
"PT","PRT","Portugal",2016,35,56.0047644594196,32,51.207729986555,32,49.0767138123646,23,47.9928652349026,21,63.8831682832731,33,52.804697217671
"PT","PRT","Portugal",2017,34,56.2430785607025,31,56.3008776164499,30,49.4052764694502,23,50.4392146994418,21,63.3242325758143,33,54.3395644478991
"PT","PRT","Portugal",2018,34,54.4035539659024,35,47.3448825241933,28,49.0912137476684,24,52.1861550432375,20,60.9068586520591,31,56.0661542335809
"PT","PRT","Portugal",2019,35,57.2485710672716,35,50.4385128158748,29,52.0580814181133,24,52.0728538953688,20,60.6887015193708,32,62.161564594734
"PT","PRT","Portugal",2020,35,56.2713191725121,35,43.2629673138359,29,51.6996709042811,22,52.7651334070735,21,60.8055822103638,29,65.4393063165821
"PT","PRT","Portugal",2021,35,53.7552775305647,37,35.2248887295401,29,55.8222374875331,21,54.2966031830261,21,60.6126573176938,29,65.3980603843491
"PT","PRT","Portugal",2022,35,53.2176662777637,37,37.0753109148212,30,55.7398099966063,26,48.6577261883951,20,60.3378194834915,29,65.299856455261
"PT","PRT","Portugal",2023,35,55.3342157269293,37,40.367924264552,29,55.9050788833115,25,51.816500227828,20,60.5629149159968,29,64.6995823746161
"PT","PRT","Portugal",2024,35,54.2348631964516,37,38.4769930841205,28,57.6426236382559,22,53.8844749465094,20,60.6573008069862,33,54.8398842514643
"PT","PRT","Portugal",2025,34,59.2759152616227,35,48.7458623227269,19,61.671656765227,21,53.3639654790716,20,60.6968093992464,33,58.7687408604562
"PT","PRT","Portugal",2026,33,60.4191906499041,34,50.450954954084,19,61.2053303599133,21,56.7438914399703,19,60.7381266428379,33,58.9725236144958
"SK","SVK","Slovak Republic",2014,10,77.8567940384843,11,71.8283327388703,7,87.6840670986524,32,39.0911884930306,4,82.7299713407908,15,72.9598278994174
"SK","SVK","Slovak Republic",2015,10,75.6550948962507,12,69.486207282313,8,87.4392313753194,31,43.1860641918743,4,82.6711906492115,24,64.0682791166693
"SK","SVK","Slovak Republic",2016,10,77.3052720908396,13,68.1760043214357,2,99.0886875520467,31,39.9896581032979,4,82.5714318303334,24,64.4297045635025
"SK","SVK","Slovak Republic",2017,10,74.1817343653923,12,70.7338864199764,3,95.5985837303141,29,43.1626630622259,4,82.51029163257,28,59.8389931498798
"SK","SVK","Slovak Republic",2018,9,76.6913040940369,12,70.2976176638556,3,95.059494281387,31,44.7254999709783,4,81.2559515608672,22,66.8095215736064
"SK","SVK","Slovak Republic",2019,11,78.4301095764637,13,71.2343839797092,2,95.7550836844846,30,44.2603713562722,4,81.1343164637075,25,68.4551481210334
"SK","SVK","Slovak Republic",2020,10,77.2906514653837,18,65.682276259995,2,95.170007764969,30,45.9090312786556,4,81.0544853726877,27,68.2750628385679
"SK","SVK","Slovak Republic",2021,8,77.8164604850236,19,62.2430161092381,2,99.1828264201427,30,47.4932691916017,2,86.2808130630385,27,68.2495066524454
"SK","SVK","Slovak Republic",2022,11,76.4975982092165,20,63.22862192087,2,98.319625918827,29,44.9559824960671,5,80.5750541837792,28,68.8003187688047
"SK","SVK","Slovak Republic",2023,8,77.5482073948562,15,66.4900906969632,2,98.2245124673646,28,48.8631605612748,4,80.459283717853,27,67.5851326119995
"SK","SVK","Slovak Republic",2024,8,78.1076582739311,14,63.2928229756017,2,99.8522112929796,29,48.1820562698166,4,80.5298507704009,23,66.2944906651695
"SK","SVK","Slovak Republic",2025,12,76.2741237744168,25,61.3850342298751,1,100,32,42.5697013418579,9,75.0518596398794,20,70.6030194291545
"SK","SVK","Slovak Republic",2026,14,74.3182834843188,24,60.7749086244243,2,94.6179329902416,33,43.0255369785125,10,74.4047319645003,20,70.8097365415831
"SI","SVN","Slovenia",2014,27,65.3752000371096,5,78.5990448283995,15,73.4548314989133,28,43.7876529113755,28,58.4602231035062,33,48.8055279631577
"SI","SVN","Slovenia",2015,27,64.0646322695206,5,76.8182903271184,14,72.7561323404277,27,48.4264760621442,30,53.5741976347138,34,48.6802776253643
"SI","SVN","Slovenia",2016,30,62.8471475954706,5,76.8874809078101,14,73.1374126311026,29,41.8695950383191,30,53.790313940012,34,49.3507882931466
"SI","SVN","Slovenia",2017,30,61.2222274416124,7,73.9598329778107,13,73.029158649163,28,45.4543335452309,29,53.2478054561448,34,50.3765898584849
"SI","SVN","Slovenia",2018,28,61.1950323406077,6,74.6652261874635,13,72.5670723917417,29,47.4818319607885,28,50.0733603760568,34,49.8510363877146
"SI","SVN","Slovenia",2019,30,62.8282403399293,7,77.1578193473057,12,70.6371423295302,29,46.8230637959927,28,49.8601813730818,34,52.1507622868906
"SI","SVN","Slovenia",2020,29,62.220618509735,7,74.981233949915,12,71.4284224136391,29,47.4341148958359,29,50.1490055754907,34,52.1841284192616
"SI","SVN","Slovenia",2021,29,61.1302781150589,7,74.8070631200899,12,75.4522227926048,29,47.9098635477881,28,49.9329279090458,34,52.3018089681729
"SI","SVN","Slovenia",2022,26,62.6624957373028,7,75.5674982901119,12,77.386848323711,31,41.8032552888895,26,54.8929285196665,34,53.5976424447583
"SI","SVN","Slovenia",2023,18,68.2431898456342,7,75.8842490375734,12,75.4103711978614,30,46.9536993444219,26,54.8400560896248,23,71.9878025043071
"SI","SVN","Slovenia",2024,23,64.5930393606066,11,67.8703007589188,12,76.6751917118015,30,46.7888562421317,26,54.7416665419591,28,60.2699325612311
"SI","SVN","Slovenia",2025,27,65.198507803023,13,68.9102254987282,12,76.1003327512187,30,45.1449286621571,26,54.6125171609866,32,59.740941537481
"SI","SVN","Slovenia",2026,27,64.9335771014553,14,68.7986802130102,12,75.4698872007208,30,46.5281553278079,26,54.3907343289215,32,59.8599762507635
"ES","ESP","Spain",2014,36,55.7556496474834,37,42.8502560140789,26,58.8637918208218,20,53.8283505763506,34,47.5044763779969,25,64.3026712720511
"ES","ESP","Spain",2015,33,60.2966707963445,33,48.3363016718522,15,70.4826413105892,20,55.7731134198699,34,47.1855140499384,18,67.616049809689
"ES","ESP","Spain",2016,29,63.3027947994806,27,56.5285058349825,15,72.1741090141097,19,53.7749187084435,34,46.911541512213,18,69.8138138507231
"ES","ESP","Spain",2017,28,62.3470176223351,27,59.643775844634,15,72.4856656168579,19,55.3941232532047,33,46.6620841629563,18,69.9977730579164
"ES","ESP","Spain",2018,29,60.807088582244,27,57.1130620615021,15,68.9016900452345,19,57.1492559750442,33,42.047516653997,18,68.5501267374264
"ES","ESP","Spain",2019,28,63.7176923368493,28,60.4384809313862,14,68.9293395911372,19,56.5893309997933,33,41.8213985539249,18,77.661408102333
"ES","ESP","Spain",2020,28,62.5395884107389,30,55.722522323341,14,68.4346289645569,18,57.1786157553158,33,41.8118168067306,17,77.8286966365993
"ES","ESP","Spain",2021,34,55.746812378878,31,49.308385931036,23,60.1571525778439,19,58.1942591536231,36,36.5572876819196,17,77.6471358608667
"ES","ESP","Spain",2022,33,56.6744060030944,33,50.0520625880087,17,64.1298335855559,19,54.6461706865531,37,36.3221411749939,17,77.5447710975304
"ES","ESP","Spain",2023,34,57.263852897375,30,50.4772221721595,19,61.818385676484,19,57.5885158260339,37,36.2113702453426,16,76.9268757741025
"ES","ESP","Spain",2024,34,56.5774985147688,29,50.0088248212204,22,60.5413868674759,19,58.5175048616442,36,36.4976191244481,17,71.0852796100431
"ES","ESP","Spain",2025,35,56.7372835657669,33,52.4265558450959,24,58.4494916207489,18,56.8090473556535,36,36.5658243095861,19,71.247702920376
"ES","ESP","Spain",2026,35,57.8044911179093,33,52.3394679924192,20,60.8712638823439,18,59.6242030137205,35,36.5308202722715,19,71.3856349054917
"SE","SWE","Sweden",2014,12,75.1733524859315,10,74.1408141280079,24,59.6150701102112,23,49.8504416394729,8,77.8511315304074,8,78.6828845644679
"SE","SWE","Sweden",2015,13,74.3019910690507,10,71.8558716323065,25,57.8824690080209,22,51.5820672600798,8,77.892133737468,8,78.963331609518
"SE","SWE","Sweden",2016,13,74.0895131968335,10,71.5723529865449,24,58.3072716519066,22,48.1653790093932,8,78.1333080282474,8,79.4071959538726
"SE","SWE","Sweden",2017,13,72.3676447761527,10,72.829822977202,24,57.8417613782928,20,51.5764504967054,8,77.5179183611951,10,79.1979946686805
"SE","SWE","Sweden",2018,14,73.1342814111998,10,72.5667078557007,24,55.9624002155365,22,53.7589824721387,8,76.1344548897856,10,79.1173694548511
"SE","SWE","Sweden",2019,13,75.2923181574258,8,76.2335813710679,25,55.3658423067557,22,52.7356448450964,8,76.1224487818004,10,83.0796176531767
"SE","SWE","Sweden",2020,13,75.1529822478215,9,73.9498560176708,22,57.7797549498925,23,52.7077178900152,9,76.4977596803265,12,82.7111497293995
"SE","SWE","Sweden",2021,12,75.0460597831353,8,73.6446295768678,18,62.8259952744982,24,54.0134563173201,9,76.3885705549922,9,83.9189131293911
"SE","SWE","Sweden",2022,13,75.2593594520879,8,74.6579322377634,18,62.2801557208151,22,51.232414934697,9,76.1320611104323,11,83.2407121169377
"SE","SWE","Sweden",2023,12,74.6987124912332,8,74.643687126202,18,62.1376683840974,24,52.1961102373724,9,76.0617885906637,12,82.0159153087806
"SE","SWE","Sweden",2024,13,73.9425123877733,6,72.7947048137784,18,63.2919133873314,24,53.1398511319987,9,75.8655437136058,14,72.8626687497718
"SE","SWE","Sweden",2025,13,76.1898779236257,6,75.6034280162527,18,62.6515969238242,24,50.6339805484656,8,75.8553599638916,13,76.6217228935205
"SE","SWE","Sweden",2026,11,75.9103063212796,6,75.5426792806344,18,62.3869681600215,26,51.6262206437722,8,75.7078518712072,13,76.9427016515206
"CH","CHE","Switzerland",2014,6,81.6171319405066,8,75.0017497850828,10,81.0776044869022,3,93.6981962233478,35,41.9396584942564,7,78.8523248210022
"CH","CHE","Switzerland",2015,6,81.5213903289141,8,72.9744823180192,10,81.1385106127843,2,98.5981571286432,35,42.3293744673567,7,79.5340685600514
"CH","CHE","Switzerland",2016,6,80.5148167533101,9,73.3390517089357,10,81.2737543231667,5,89.3642516467271,35,42.1688541392987,7,80.1243365859117
"CH","CHE","Switzerland",2017,5,78.7097454090853,9,73.7590581218054,10,80.4477094773293,3,94.8337374677988,35,41.3565315163143,8,80.5330372374091
"CH","CHE","Switzerland",2018,5,79.8133196947041,8,73.9413854016227,10,79.423744123012,3,95.4068499947568,35,36.723871595028,7,80.1307376074752
"CH","CHE","Switzerland",2019,4,83.8811841048793,9,75.4300311409261,8,80.095664013043,3,95.0091876762914,36,36.7469107936467,4,93.0390517647183
"CH","CHE","Switzerland",2020,5,83.0639396527323,11,70.2879724713638,8,79.052444293826,3,95.799973008681,36,36.811347998031,4,94.6658808733985
"CH","CHE","Switzerland",2021,4,83.231900805012,10,71.8114974543,9,83.4298527579797,3,96.8741685112034,35,36.90330829365,4,95.0137561674219
"CH","CHE","Switzerland",2022,4,84.9962167555585,9,74.0689324504308,9,83.730064447517,3,90.8644553515679,36,36.9339771088885,1,100
"CH","CHE","Switzerland",2023,4,84.7839841907977,10,72.7555973706448,9,82.8155217969077,2,95.1052296440561,35,36.9469518786764,1,100
"CH","CHE","Switzerland",2024,4,86.0042947420397,7,71.7851740368516,9,84.5569628701596,4,93.7599303011499,35,36.5769110447509,1,100
"CH","CHE","Switzerland",2025,4,88.0263450156398,7,74.8130189678234,8,84.1138770908682,2,92.6832868850076,35,36.6062163463082,1,100
"CH","CHE","Switzerland",2026,4,87.5738658262273,7,75.2363794993128,9,83.9543811899354,4,92.1986687248056,36,36.3404550554848,1,100
"TR","TUR","Turkey",2014,9,79.3585954211086,9,74.3337251548495,6,88.2410591328312,13,63.5926385687985,23,61.4355408763748,14,73.8310220766416
"TR","TUR","Turkey",2015,8,79.6317930623633,9,72.6863708398349,6,88.2589694566641,13,69.0173601091208,24,61.7080649591115,14,73.8447361479943
"TR","TUR","Turkey",2016,9,79.3576818997326,8,74.1046647715412,7,88.6258272589331,15,63.0527481589004,26,61.6565293152564,13,74.3306876807904
"TR","TUR","Turkey",2017,9,76.1002603942324,6,74.1663729674635,8,84.1408019966094,13,65.0418319490035,26,60.998955163533,12,75.0237653435777
"TR","TUR","Turkey",2018,10,75.9692950962915,11,71.2845920462615,8,83.5289054322018,13,64.9634515667815,26,58.637735165693,13,74.4967540649089
"TR","TUR","Turkey",2019,7,79.7661675578035,11,73.725557993926,7,84.2113501300568,13,64.606308547962,26,58.7340278955262,8,84.2276589577918
"TR","TUR","Turkey",2020,11,77.280879289462,17,65.9721575452728,7,82.2002281650336,13,64.4173167718715,26,59.1211122926903,8,84.1781034587592
"TR","TUR","Turkey",2021,13,73.7014014962923,24,57.7433558829182,8,86.4864388423677,16,61.9957499260138,26,59.051644650423,8,84.1863438815415
"TR","TUR","Turkey",2022,9,76.8342584873603,19,63.5954706396243,7,86.5528220709043,13,62.1382414332535,23,59.0344694156117,7,85.5125983714099
"TR","TUR","Turkey",2023,13,74.6010040704835,20,60.2807959830787,8,84.2133797924507,15,61.8862933762965,24,59.0399394421316,8,84.9326179275092
"TR","TUR","Turkey",2024,12,75.3976430394534,20,58.1135363315456,8,86.1775405410495,16,60.7999747849727,24,58.8149890001253,6,84.6700405201835
"TR","TUR","Turkey",2025,10,76.7981857153428,21,63.1660316665336,5,86.9515563606469,14,59.0945805062593,24,58.8631421840341,8,81.8830976203582
"TR","TUR","Turkey",2026,10,76.6057543210968,21,62.969148608689,6,86.5946812583379,15,60.3023299918401,25,58.684958888269,8,82.1272336623707
"GB","GBR","United Kingdom",2014,32,62.0862709223384,17,63.8983716394265,25,59.1929733274711,35,35.658901147838,36,38.7754122922843,2,96.6095364751318
"GB","GBR","United Kingdom",2015,32,61.744939425826,19,62.9463954802655,26,57.6865920321432,35,37.7152303155542,36,39.2307950045764,2,96.6281632289618
"GB","GBR","United Kingdom",2016,33,60.3776715499076,17,63.3957192819396,27,54.6200664473784,35,33.8024507805519,36,38.8056900861412,2,96.7686709204716
"GB","GBR","United Kingdom",2017,33,57.8521853868851,20,64.6637404767854,23,58.2054767555987,36,35.2020014402414,36,37.6928879018143,3,88.6151671613893
"GB","GBR","United Kingdom",2018,33,58.6102602002371,19,65.307351267498,22,56.8523077380966,34,38.1799485007478,36,35.4895690424695,4,89.1389371020263
"GB","GBR","United Kingdom",2019,32,62.2919137409087,17,70.3288384117658,22,57.2884125477648,34,37.143316443837,37,36.3673159658221,1,100
"GB","GBR","United Kingdom",2020,33,60.0963358161407,19,64.183445134261,23,56.8290206725098,34,37.1109556868491,37,36.1022962591343,1,100
"GB","GBR","United Kingdom",2021,27,61.4189670606124,11,71.5968823089233,20,61.0225140794684,34,38.1246168478016,37,35.8426741064654,1,100
"GB","GBR","United Kingdom",2022,30,61.9650226410105,11,71.4095880027657,20,61.1736078284326,34,35.7736376376716,35,37.4099897130906,2,99.6222405690362
"GB","GBR","United Kingdom",2023,32,58.7142797900728,27,55.4825796486178,20,60.880715821381,33,39.7052401424345,36,36.4856350899963,2,99.58258477791
"GB","GBR","United Kingdom",2024,31,58.6263248546187,26,53.9356578653302,19,62.6814891109108,33,40.7065521366532,37,35.7949544395759,2,95.0519860402333
"GB","GBR","United Kingdom",2025,33,59.5715688438814,26,59.5700822356618,23,58.5948013915728,34,39.8673510553136,37,35.7055425771068,2,95.3519304124771
"GB","GBR","United Kingdom",2026,34,59.8862826760832,25,59.3348138530637,22,59.4977561221224,34,42.5629133517741,37,34.8885015175085,2,95.6207976834003
"US","USA","United States",2014,28,64.5807077245811,34,46.4985902675271,27,58.347128163538,6,91.7734201830842,30,54.0785387658536,34,48.5960442594683
"US","USA","United States",2015,26,64.7434577344466,35,45.9341005530908,27,57.5334687948282,3,97.5687437845534,29,54.5050203141539,35,48.1912915786136
"US","USA","United States",2016,25,64.7033437462081,36,44.4084126894833,23,58.5310187887033,3,92.9837831521075,28,55.0765785462094,35,48.7456427887497
"US","USA","United States",2017,25,63.1879596328269,35,51.1472856434781,22,58.3731512874825,5,92.643493927639,30,53.1952999085872,35,49.2903643168693
"US","USA","United States",2018,23,63.7090894477704,17,66.0899808169298,23,56.4775690770499,5,92.4935145557256,29,49.197577912317,38,34.1646469429433
"US","USA","United States",2019,22,66.9625828996741,19,68.4962213661804,19,58.5370948784138,5,92.4345090119038,29,48.943171191583,38,38.5521663126671
"US","USA","United States",2020,22,66.1455672808108,20,64.1413435070859,20,58.407491196577,4,93.4770657103609,30,49.8199098324242,37,38.4571050023341
"US","USA","United States",2021,25,63.6563562555162,20,59.9285905013601,21,60.2271216203479,4,95.5349140214275,30,48.7224575936539,38,38.4698424852844
"US","USA","United States",2022,23,64.3646356344908,21,61.0660118208475,19,62.0069155640279,2,92.1001197811717,29,47.773735537371,38,37.9413408847014
"US","USA","United States",2023,22,65.6426863189213,18,62.7752291608679,17,62.5512740939525,3,92.9518468740283,29,48.6145631466831,36,39.7829560875073
"US","USA","United States",2024,17,68.5208258834508,18,61.8075858477216,17,63.5790194384339,3,94.6778291168889,29,47.2704342561465,35,46.9361258238066
"US","USA","United States",2025,16,72.6834895760985,10,72.1232612952672,17,63.1872735085826,4,91.3455764349685,29,47.1160352529246,35,50.1169794330346
"US","USA","United States",2026,17,71.6444585406095,8,74.228572123147,17,62.7312893848622,3,92.657204170008,29,47.0005172398919,35,43.2078078639544
