"ISO_2","ISO_3","Country","Year","Final Rank","Final Score","Corporate Rank","Corporate Score","Income Rank","Income Score","Consumption Rank","Consumption Score","Property Rank","Property Score","Cross-Border Rank","Cross-Border Score"
"AU","AUS","Australia",2014,9,74.0748057261655,9,60.2170321795013,22,63.9969035493642,30,44.6331760322986,2,93.9656048476907,22,64.3896055990517
"AU","AUS","Australia",2015,9,75.6777626742234,9,57.9016616130693,22,61.8876239759344,27,45.3276299317859,2,93.9656048476907,20,64.6125910576433
"AU","AUS","Australia",2016,9,75.2164873750954,14,55.5921722662149,21,61.8554947549906,28,47.3195429932979,2,94.3117189501174,20,67.4782980165142
"AU","AUS","Australia",2017,11,68.5811818120023,23,53.8421148329993,23,61.9347383119649,27,49.9657222236472,2,89.5738359255823,21,70.0499683236438
"AU","AUS","Australia",2018,11,72.7044126909092,21,55.1474702495154,19,64.4189493871739,29,49.8877904075067,2,89.5963454689219,21,69.7941551546571
"AU","AUS","Australia",2019,10,78.1066961881923,15,59.1576684517289,18,63.887918185539,29,49.173963097374,2,89.5963454689219,19,74.2860381327263
"AU","AUS","Australia",2020,8,76.7880185758945,14,54.726483154489,19,63.5531793400086,31,48.1258815616601,2,89.9266438588811,17,74.3119649109729
"AU","AUS","Australia",2021,9,75.7673602291272,16,55.3724079644862,21,63.0933306011654,31,47.8293730456498,2,89.9255585396556,17,74.2625523237268
"AU","AUS","Australia",2022,8,79.6830622512566,17,54.5156369634045,18,75.0458157407458,26,49.1731178267598,2,89.5969064759219,16,71.1404989156626
"AU","AUS","Australia",2023,13,72.2787486354915,21,50.2896239509227,20,64.995749988147,31,49.4466273664647,2,89.5969064759219,22,62.6528072990483
"AU","AUS","Australia",2024,9,74.8676251446338,12,54.2872091669179,16,69.4792457111167,29,51.1630842199465,2,89.5969064759219,26,57.880541496149
"AU","AUS","Australia",2025,9,73.8454004857691,11,56.5736636250166,14,71.0497566489776,29,48.0012956176718,2,89.5906949469589,29,57.989470742921
"AT","AUT","Austria",2014,20,64.9769431000853,16,57.2222788003906,33,53.2558442815033,16,60.7196244307711,32,42.9807703329231,5,85.0568939471736
"AT","AUT","Austria",2015,19,67.3947245427682,14,54.3885563738789,26,57.213566509877,16,58.8586262735407,33,42.9807703329231,5,85.891043562894
"AT","AUT","Austria",2016,17,68.6291830559412,17,54.2589415360281,25,57.028511498358,16,59.2701504900715,30,48.0863134197083,5,87.1871780821514
"AT","AUT","Austria",2017,21,62.9663556453867,18,55.852310815098,36,43.9116337274376,14,64.8841874868014,30,47.9082009905192,5,90.5980458515872
"AT","AUT","Austria",2018,20,66.4978761731732,17,57.3800693782627,36,44.0284993934681,13,65.3882078256267,29,48.0941097247328,5,91.4524153061625
"AT","AUT","Austria",2019,21,68.1705452236054,17,58.7018317741475,35,44.9029362460572,13,64.6786042330276,29,48.0941097247328,6,85.844454754794
"AT","AUT","Austria",2020,22,67.5898146798083,24,50.3331002257956,27,55.1353035447449,13,62.9469752308798,30,48.3169422738903,7,84.7404238062208
"AT","AUT","Austria",2021,23,66.39301031922,21,52.0449224706748,25,56.9665950121066,12,65.3440666008294,29,48.2351140386126,14,78.6507269915182
"AT","AUT","Austria",2022,23,66.078558340389,21,50.9142310237856,29,68.0378525027998,13,57.7240698620624,31,48.0234673974882,14,73.2537198339221
"AT","AUT","Austria",2023,23,64.2637782917993,18,51.0273770131223,27,57.6632994230838,17,61.1356991232975,31,48.0234673974882,14,72.9334802333128
"AT","AUT","Austria",2024,22,65.4677835363187,19,50.402104667666,26,58.6689824477642,12,65.0140508865362,31,48.0234673974882,13,67.7296745234737
"AT","AUT","Austria",2025,28,62.9249127578708,20,52.7928515799376,26,60.5584528936677,19,58.5484830073364,31,47.9924330001803,15,67.2446138779948
"BE","BEL","Belgium",2014,4,80.0285198649854,10,59.9506283384165,2,96.9788251117978,15,60.7230946278198,25,54.4943490925323,3,87.2760675841988
"BE","BEL","Belgium",2015,4,80.9834072338411,8,58.2011367265991,2,96.3569041100721,14,59.1709547047214,25,54.4943490925323,4,87.6885305554571
"BE","BEL","Belgium",2016,5,77.931860776424,10,57.5550921095804,3,96.6901919031552,24,52.7008558557444,25,54.7622837016813,3,89.1842004029691
"BE","BEL","Belgium",2017,6,72.6074931963751,11,58.8346567599865,4,95.7648809577217,24,53.4244217570633,25,54.5602901375837,4,92.6520453331557
"BE","BEL","Belgium",2018,7,76.2144686032717,3,65.4793789077062,4,95.5292739455143,25,53.8048368772924,30,47.9352525136388,3,94.1392666984532
"BE","BEL","Belgium",2019,9,78.9460914682161,4,64.3226799061656,5,94.0890483248864,25,53.3397251039618,30,47.9352525136388,3,94.8620218477577
"BE","BEL","Belgium",2020,10,76.3704183614498,21,52.2949409751056,5,94.2223515884886,24,53.4405731965481,24,54.9601014326911,4,87.8793783760513
"BE","BEL","Belgium",2021,8,77.4002310492219,4,66.611306705642,4,94.162824555575,24,54.2858569685338,30,48.17109625629,3,87.7401233862418
"BE","BEL","Belgium",2022,9,78.1573849227217,4,65.8516231175539,4,98.6529609116592,27,48.9852716765749,29,48.0359026995297,4,82.2360165872734
"BE","BEL","Belgium",2023,10,73.2828149153106,3,63.6202163243204,4,96.5658855018493,24,54.7136768675251,29,48.0359026995297,15,72.0725887248181
"BE","BEL","Belgium",2024,14,71.392467669456,8,57.9027276150306,4,96.9744497888605,28,51.5625069949718,29,48.0359026995297,11,70.0259313288514
"BE","BEL","Belgium",2025,12,70.7521862968824,8,59.94174410553,3,97.3298696552073,28,50.2856049635443,29,48.0645842066402,12,69.59014780755
"CA","CAN","Canada",2014,21,64.3278695412435,21,54.8917337687207,25,58.5090536288813,27,46.8935384777868,12,63.8438198983121,13,73.0344805877782
"CA","CAN","Canada",2015,18,67.4141322437372,20,52.8425234588245,18,65.4296819819535,28,45.2608114388462,12,63.8438198983121,13,73.2849211234696
"CA","CAN","Canada",2016,19,68.0133832762415,19,52.5501812941502,17,66.6610980133091,27,48.3323811579786,13,63.9862949891852,14,75.2957153369513
"CA","CAN","Canada",2017,12,68.3723125929888,20,55.0394457246723,19,64.0478730917292,13,64.9323903417394,12,63.7513054936126,14,77.924105230431
"CA","CAN","Canada",2018,12,71.9410918558031,20,55.9911792199213,20,63.5716659404372,11,65.7498631150271,12,63.8750826783905,14,77.5892287565581
"CA","CAN","Canada",2019,14,74.5989508194029,14,59.4083710605406,20,62.7244914390666,18,58.2290557381364,11,63.8750826783905,12,82.7174685857119
"CA","CAN","Canada",2020,14,73.7389146813736,15,54.5108260997521,20,63.509330094743,17,58.4847288486678,12,64.1387784604974,12,82.0030167124614
"CA","CAN","Canada",2021,13,73.1372805690159,18,54.5467891506582,19,64.0661424649312,19,59.6205896584098,12,64.0876522284147,11,81.9281370510661
"CA","CAN","Canada",2022,13,75.4447008198513,18,53.842016009991,16,76.1871606242341,18,55.8950062218858,13,63.8315149863258,9,77.933352621795
"CA","CAN","Canada",2023,9,74.5909077377249,13,55.9721986121339,16,68.9185640836845,19,60.3037814713801,13,63.8315149863258,7,77.9116846332868
"CA","CAN","Canada",2024,11,72.4015417429348,24,48.3277540819697,17,69.1436882252858,18,60.7872311571619,13,63.8315149863258,6,72.9516112491424
"CA","CAN","Canada",2025,10,73.6982584062613,12,55.0890210968286,16,69.9335882867104,15,61.5278274074778,13,63.80991933387,8,72.5876585721032
"CL","CHL","Chile",2014,18,65.6438627507301,32,46.6500858836358,20,64.2575226844595,3,78.6975618253656,10,65.2625132655116,37,35.2017745302716
"CL","CHL","Chile",2015,21,67.1757487250547,32,44.1030791963286,17,66.7705463225707,3,75.6936433823974,10,65.2625132655116,38,34.7049907143116
"CL","CHL","Chile",2016,27,60.2770037432867,30,45.6197933152469,35,47.0121342843256,3,74.8157809865475,10,65.1944438924473,38,31.6833529378112
"CL","CHL","Chile",2017,28,56.1460426105142,36,36.7983481457028,29,52.2799768242744,2,82.8478097761361,10,65.3128504463243,38,32.8835136238334
"CL","CHL","Chile",2018,25,59.2907227779676,36,38.5802359708062,28,54.2538620902263,3,81.563358867091,10,65.4305037551027,38,33.282310520126
"CL","CHL","Chile",2019,28,61.8826448155077,36,40.775866690813,29,49.3069787553362,3,80.9161452501846,10,65.4305037551027,38,34.4315246566101
"CL","CHL","Chile",2020,18,70.4967227794846,3,64.2872318762079,30,52.3622813116093,2,82.218254157589,11,65.3409895418698,37,35.1629779688479
"CL","CHL","Chile",2021,19,69.700328887984,3,68.6579613253062,35,48.7937080686238,3,82.8486823440357,11,65.2921961798804,37,35.0750967014257
"CL","CHL","Chile",2022,24,63.4066646874376,3,69.8908730358241,38,33.3595864102362,3,74.504249363642,11,65.3896046220886,37,35.6564902100471
"CL","CHL","Chile",2023,26,61.9732619552539,38,32.7849183890283,37,46.4321142670161,2,87.4946682645729,11,65.3896046220886,37,36.0810124685209
"CL","CHL","Chile",2024,29,61.2176601048248,37,32.0197278149896,37,43.1184735506454,2,85.8711425191915,11,65.3896046220886,37,36.2728802126834
"CL","CHL","Chile",2025,26,63.0618810210177,33,44.5617717157326,37,45.2499942201035,2,82.3341776040337,11,65.3689392812634,37,36.7567285152416
"CO","COL","Colombia",2014,25,62.207019403495,36,41.3248965776561,4,92.389149370066,12,62.1131489642906,22,58.9012482202918,38,34.7717822271671
"CO","COL","Colombia",2015,28,58.2898560562882,34,37.7879276836146,4,95.0859910029875,18,56.4210801137406,30,46.0469012868841,37,35.0250178899519
"CO","COL","Colombia",2016,29,59.105309568969,36,35.6569269078068,2,99.1716409946965,15,59.4145695100724,31,46.2906732912154,37,41.2703585310946
"CO","COL","Colombia",2017,36,52.4401080077321,37,35.7034617192672,2,99.0543773170864,23,59.2095989989731,31,46.1250833069619,37,38.2528283739868
"CO","COL","Colombia",2018,36,53.0147421332567,37,37.135733230835,2,98.3001530649591,23,55.5590740555544,31,45.5520278281249,37,36.5216679885031
"CO","COL","Colombia",2019,30,60.7721919888504,35,46.6296453243201,1,100,23,54.1097914066181,32,45.5520278281249,35,44.8488207870177
"CO","COL","Colombia",2020,36,50.5186104579569,33,42.7064152556736,14,69.913115603779,23,55.1466812575903,32,45.5716824782588,38,33.6114474480943
"CO","COL","Colombia",2021,36,50.0469095623218,33,44.0283319940518,14,68.8810974032934,21,57.3693353791238,32,45.7586020132494,38,33.5207029749604
"CO","COL","Colombia",2022,38,46.9898904389102,33,42.1105479748458,21,71.8761191681831,24,51.1083726096426,33,40.6515072400712,38,31.5862736040671
"CO","COL","Colombia",2023,38,45.6158184067323,33,39.3416374583511,15,70.0444486606342,25,53.4389626043519,33,40.6515072400712,38,30.730580215454
"CO","COL","Colombia",2024,36,49.7481748864249,31,43.671759491118,14,71.8259856771074,25,56.5918804187937,33,40.6515072400712,38,30.4643507526752
"CO","COL","Colombia",2025,35,49.5211946090855,29,46.6250200432257,12,73.9610397808308,23,54.2727538116434,33,40.6757796369335,38,31.2264833864019
"CR","CRI","Costa Rica",2014,23,64.1197841071492,26,53.0148328134391,19,64.3261735155646,13,61.8435376243217,11,63.9618871338723,33,47.7739095664474
"CR","CRI","Costa Rica",2015,22,66.7214059237171,28,45.8908364902778,19,64.0822506773117,12,60.000020930217,11,63.9618871338723,28,57.599772392543
"CR","CRI","Costa Rica",2016,22,66.1852604202605,29,46.1822086053889,20,62.2258155955742,13,60.7322739248097,12,64.2500419834482,28,61.1557925531561
"CR","CRI","Costa Rica",2017,22,61.8025812920311,29,48.5419445264429,22,62.3996844970665,18,61.6778407427773,11,64.0141090178951,27,64.3287229204779
"CR","CRI","Costa Rica",2018,22,64.2703133340297,31,48.3558434949964,22,61.7753569981667,16,61.5515114108206,11,64.1368555719555,29,63.9194241606682
"CR","CRI","Costa Rica",2019,27,61.9614900560915,34,46.8356984774501,34,45.0170313642685,17,58.9504999664332,21,59.1667106535187,23,69.8481729689507
"CR","CRI","Costa Rica",2020,28,60.4129096880048,35,41.7560664710555,38,42.4234175217384,19,58.1347072298039,21,59.4182145825991,22,70.5102612212192
"CR","CRI","Costa Rica",2021,28,61.0799569302259,34,43.7629021498801,38,42.5614074444102,18,61.6446725354142,21,59.4534880082093,21,70.6487056031639
"CR","CRI","Costa Rica",2022,28,61.1772983103098,34,39.885791948612,37,56.7344066925448,10,59.9957779864729,12,64.2653020473034,33,55.8007492599584
"CR","CRI","Costa Rica",2023,28,60.4385637024868,32,41.8392814278091,38,43.0599944747964,10,66.9893580950367,12,64.2653020473034,34,52.7593103453401
"CR","CRI","Costa Rica",2024,28,61.2609019655468,33,42.100189982337,38,42.7441981145188,11,66.0938309980759,12,64.2653020473034,32,52.9015416899393
"CR","CRI","Costa Rica",2025,25,63.9450526087347,32,44.6393274666831,31,54.6423671613683,9,65.6215142160702,12,64.3036738819947,33,55.3890427719069
"CZ","CZE","Czech Republic",2014,7,75.6745682789218,12,59.18879342928,1,100,28,46.3498258981656,13,63.6350172409618,8,77.0294456855418
"CZ","CZE","Czech Republic",2015,7,76.6307411387434,11,56.8115821618173,1,100,30,44.9420898699225,13,63.6350172409618,8,77.4709720967542
"CZ","CZE","Czech Republic",2016,7,76.3312281608628,12,56.9072176132892,1,100,29,45.6064748638139,14,63.9163529637272,7,80.23969200439
"CZ","CZE","Czech Republic",2017,5,72.9843124457026,10,59.0785741059754,1,100,28,49.8536806253158,13,63.6877127835721,7,84.1463533790286
"CZ","CZE","Czech Republic",2018,6,77.8117726980273,11,61.380399815504,1,100,27,51.5094124800953,13,63.8301178701429,7,84.1543118059373
"CZ","CZE","Czech Republic",2019,6,80.205271395167,9,62.0131415072784,2,99.7363155483401,26,52.1121262643877,12,63.8301178701429,14,78.6480888332984
"CZ","CZE","Czech Republic",2020,4,81.9626555717538,6,62.0806687082192,1,100,28,50.7788306346899,8,69.7540214517082,14,78.1687763578447
"CZ","CZE","Czech Republic",2021,5,82.0112406783145,6,62.4277180500442,1,100,27,52.1224077234807,8,69.6953296463403,12,79.6154175186089
"CZ","CZE","Czech Republic",2022,6,81.9212897765077,6,61.7554485717755,2,99.9154360561362,30,46.7031363904281,8,69.7803805687807,12,74.9484142295097
"CZ","CZE","Czech Republic",2023,11,72.971260440512,5,61.639809148833,2,99.3932600732851,36,31.7217865501776,8,69.7803805687807,11,75.6602200170377
"CZ","CZE","Czech Republic",2024,10,72.965756994458,9,57.4523634518012,2,99.6034735081461,34,34.1720525800825,8,69.7803805687807,10,70.7185395414158
"CZ","CZE","Czech Republic",2025,18,68.5777737832119,9,58.9154723005039,9,76.8215581343331,33,36.802040043805,8,69.7623368935111,11,70.688282529649
"DK","DNK","Denmark",2014,15,67.0845505116444,28,50.0264326240932,35,51.0470200696921,6,69.5107310645364,13,63.6350172409618,24,63.8863375384187
"DK","DNK","Denmark",2015,15,68.5788087349521,22,51.8628136222972,33,48.4350525094739,8,65.6375981530434,13,63.6350172409618,21,64.0742265320511
"DK","DNK","Denmark",2016,20,67.6945396568685,26,47.3966562206849,31,50.2082751889278,8,66.5664606668109,14,63.9163529637272,21,66.9344827102998
"DK","DNK","Denmark",2017,16,65.6837270731463,19,55.1791718342172,31,49.749356704398,8,71.6229484651508,13,63.6877127835721,22,69.2344336261954
"DK","DNK","Denmark",2018,17,68.9839867846411,24,54.001694344067,31,49.4380145545305,4,73.9749608784993,13,63.8301178701429,23,68.8578131653864
"DK","DNK","Denmark",2019,17,71.8281534410793,20,56.4459015829537,30,47.9390901992443,4,73.5614570727365,12,63.8301178701429,26,66.8121402214986
"DK","DNK","Denmark",2020,15,73.0626633392178,12,57.0653892254393,35,48.0990237472895,4,75.4771631641882,13,64.0936972204277,27,66.0729701751721
"DK","DNK","Denmark",2021,18,69.7794994705289,30,47.9439049631593,34,50.1343075171242,4,76.3906613616595,13,64.0240216524558,27,65.8800533187182
"DK","DNK","Denmark",2022,16,72.1089632271159,28,47.8059864375143,33,63.7977970754873,4,72.7542797097044,14,63.7680629913947,26,61.6292728948524
"DK","DNK","Denmark",2023,20,69.2872338051696,27,47.5570890252237,34,51.3855141315839,5,75.2089364253356,14,63.7680629913947,28,61.1616289730594
"DK","DNK","Denmark",2024,15,71.1969976560533,20,50.1111289416654,31,53.9460786079831,4,78.4484387916442,14,63.7680629913947,30,56.0742666447118
"DK","DNK","Denmark",2025,15,69.8719258951192,23,51.6510676569523,30,55.1964058841179,4,75.846540776046,14,63.7464294527176,31,55.7062417259866
"EE","EST","Estonia",2014,1,100,1,100,11,79.4983368905004,4,71.4794103601722,1,100,25,61.6753434892196
"EE","EST","Estonia",2015,1,100,1,100,11,79.5912109519244,7,66.7716938753846,1,100,23,63.1143932640865
"EE","EST","Estonia",2016,1,100,1,100,12,80.455706176423,5,68.0860420597231,1,100,23,66.452340182388
"EE","EST","Estonia",2017,1,100,1,100,12,80.0983924251448,4,78.9572056299111,1,100,15,77.6100773429741
"EE","EST","Estonia",2018,1,100,1,100,11,79.8958340342903,12,65.4525803302519,1,100,15,77.3484599723996
"EE","EST","Estonia",2019,1,100,2,97.9761175779598,11,74.6880759955009,12,65.4710813464878,1,100,27,66.3561342188935
"EE","EST","Estonia",2020,1,100,2,97.818111635915,9,75.0815874015231,10,66.3794914867055,1,100,26,66.1299450230941
"EE","EST","Estonia",2021,1,100,2,97.7681027287894,10,76.1421271200823,10,67.3033631505575,1,100,26,67.2261700381632
"EE","EST","Estonia",2022,1,100,2,97.7531451873927,11,83.9929301763342,12,59.2764288850859,1,100,24,63.3834953460269
"EE","EST","Estonia",2023,1,100,2,97.9478386580922,10,79.7483485712031,8,70.0264369258631,1,100,25,62.1090600289362
"EE","EST","Estonia",2024,1,100,2,97.9967069505045,10,76.7800905431642,10,68.9369182678083,1,100,19,61.8111319500869
"EE","EST","Estonia",2025,1,100,2,97.2920489405082,10,76.0078576105387,7,67.9735719826783,1,100,18,64.833483423066
"FI","FIN","Finland",2014,19,65.2398994152884,24,53.5542233177777,26,58.3956176499732,9,67.5931753139883,25,54.4943490925323,27,60.8974996014529
"FI","FIN","Finland",2015,16,67.779625853941,23,51.6811918429257,28,55.9482129334626,9,65.242239913667,22,58.9012482202918,25,61.4919969662174
"FI","FIN","Finland",2016,14,69.7144769105079,16,54.2698655048598,27,56.4737160146766,10,64.5944268940479,11,64.8607548727263,25,64.5709380317311
"FI","FIN","Finland",2017,19,64.1242234915109,16,56.8238320420761,27,56.4961909530577,9,67.9063303997044,22,58.9608033434165,25,66.6911832022255
"FI","FIN","Finland",2018,18,68.0335828913289,14,59.4843104560438,27,55.6847706391579,9,69.1348442626352,22,59.121745845271,26,66.9171635022733
"FI","FIN","Finland",2019,16,72.3634903448529,12,60.1639336617241,25,54.3823346827713,9,69.9607828685498,22,59.121745845271,22,70.3510265375137
"FI","FIN","Finland",2020,16,73.0275862642627,9,59.8062466449009,28,54.5559666824702,8,71.1456678502789,22,59.3731333425295,23,69.7907768791373
"FI","FIN","Finland",2021,14,72.8759461271575,10,59.7398839043131,27,56.0226523912735,7,73.4273034181855,22,59.3898574322504,23,69.6504235485521
"FI","FIN","Finland",2022,15,72.7516137092135,10,59.20966870912,27,69.1336459516646,8,66.4526521660074,21,59.2231781019931,26,61.6292728948524
"FI","FIN","Finland",2023,16,71.4598891435384,8,59.5337301923874,25,58.6293906105229,9,69.5036305503228,21,59.2231781019931,20,64.7327524982781
"FI","FIN","Finland",2024,16,70.9160336062415,11,56.2236342907503,22,60.765757934757,9,70.2700003420202,21,59.2231781019931,24,59.7606631512158
"FI","FIN","Finland",2025,19,68.4356728135876,10,58.1609633973338,27,60.2997995957447,11,65.2779727626454,21,59.2585393611427,27,59.0925777510963
"FR","FRA","France",2014,38,44.5528367900573,37,36.1111612617364,28,56.2447133391207,34,31.3252524751164,34,36.7881659028944,9,76.025879418192
"FR","FRA","France",2015,38,43.6082068791157,38,32.7282637949298,38,41.3559500936778,36,30.4114378342705,35,36.7881659028944,9,76.6144473297282
"FR","FRA","France",2016,38,43.8905746085197,38,33.2998628709387,38,42.8381438531566,37,31.8014093330292,35,36.8728570349065,9,78.2869429995609
"FR","FRA","France",2017,38,41.1098182238066,35,38.1289483432757,38,42.3006447264139,37,33.2348496562672,35,36.734857136691,9,80.698505846764
"FR","FRA","France",2018,38,44.6937811315191,35,39.7574012705654,38,42.2451234121737,35,32.8836924801303,34,42.965107595202,10,80.5694203869847
"FR","FRA","France",2019,38,46.4997140388487,38,30.2968532271921,38,41.9398913026646,35,33.4612098751556,30,47.9352525136388,9,83.7162168658496
"FR","FRA","France",2020,37,47.79284370822,38,32.0898782122155,36,46.5968260016505,36,31.3107971467447,31,48.0593760005557,10,82.640126519579
"FR","FRA","France",2021,37,47.5089895589527,38,32.3241983512673,36,48.2846887842366,36,33.0068545454542,30,48.17109625629,10,82.0062456243822
"FR","FRA","France",2022,37,48.8150729746109,38,32.8019480053386,35,63.3286627817678,36,28.4488863786477,29,48.0359026995297,11,76.5533871802968
"FR","FRA","France",2023,36,48.536860495692,37,33.488331293025,35,51.270280333462,35,33.0866033806186,29,48.0359026995297,8,77.377125160361
"FR","FRA","France",2024,37,46.8135985205666,38,31.6944829093011,34,51.2874680910489,36,32.992967806025,29,48.0359026995297,14,67.6106931422736
"FR","FRA","France",2025,36,46.5870208452621,38,30.5026079879427,34,53.128373924869,36,33.1581578291659,29,48.0645842066402,9,71.9912003685324
"DE","DEU","Germany",2014,14,67.7817041922608,20,56.2342611754082,36,44.6654597811919,14,61.2134079540194,13,63.6350172409618,7,77.1269349528833
"DE","DEU","Germany",2015,14,69.1959753817108,15,54.3546890772625,36,42.7871051988223,13,59.3078914432754,13,63.6350172409618,7,77.7649920726205
"DE","DEU","Germany",2016,15,69.3758604000395,15,54.5150853432744,37,43.6164547654809,14,60.3668089326888,14,63.9163529637272,8,79.3896382099923
"DE","DEU","Germany",2017,15,66.0933805597729,14,57.2277053547077,37,43.532162453259,15,64.8332892220249,13,63.6877127835721,8,82.4911503656257
"DE","DEU","Germany",2018,16,69.7673580085011,13,60.0616281217606,37,43.3554024709677,15,64.7123879409096,13,63.8301178701429,9,82.5171419152787
"DE","DEU","Germany",2019,15,73.8727379346352,13,60.1504779590316,37,42.7500446900521,14,64.1188219718092,12,63.8301178701429,5,87.4943782086485
"DE","DEU","Germany",2020,12,74.6519774112115,5,62.1283917043032,37,44.4927720458623,14,62.5905587194541,13,64.0936972204277,5,86.8569096798309
"DE","DEU","Germany",2021,15,72.4722807808712,14,55.7107073462006,37,45.7072576709476,14,64.3213465602046,13,64.0240216524558,5,86.7188885149973
"DE","DEU","Germany",2022,17,71.9933352057204,15,54.945769365064,36,59.1472686146792,17,56.10623002767,14,63.7680629913947,6,81.1953151747581
"DE","DEU","Germany",2023,17,70.7276719941747,19,50.9868499037334,36,47.0915173935209,13,63.8341599625968,14,63.7680629913947,5,80.6368357957049
"DE","DEU","Germany",2024,19,69.8033028671997,15,52.030695413607,36,47.4096369531885,14,64.7910442631911,14,63.7680629913947,9,71.1668420220922
"DE","DEU","Germany",2025,16,69.7656702407071,14,54.916932228171,35,51.1596675695782,16,60.1604519303194,14,63.7464294527176,6,75.2821513210108
"GR","GRC","Greece",2014,26,62.1371456863516,18,56.6466815744502,13,74.0326936348183,22,52.8764304257179,28,54.3762818569721,31,52.6551594592921
"GR","GRC","Greece",2015,25,61.1872404748019,25,49.4308174932539,13,74.6380155751524,23,51.4140384465086,27,54.3762818569721,34,47.7932062839159
"GR","GRC","Greece",2016,34,55.8962317154149,23,49.7636063250593,30,51.8493523652359,25,51.5343742239113,27,54.4985367074183,34,52.0978655927357
"GR","GRC","Greece",2017,29,55.2781243297692,24,53.7286188534973,17,67.5814035628987,26,51.7320769937851,27,54.2974866133012,34,53.6278917898405
"GR","GRC","Greece",2018,26,59.2315200887088,22,55.1062425723047,15,67.03411745211,22,56.2266178433459,25,54.4583386286469,33,53.0441121969119
"GR","GRC","Greece",2019,24,62.6027102187376,21,56.139609621145,14,66.8845272532118,24,53.9639440615107,25,54.4583386286469,32,56.6851587846007
"GR","GRC","Greece",2020,23,65.9728694775727,20,52.5455229474044,11,71.9980761653772,22,55.1908022628747,26,54.6976507047009,28,65.7415956251989
"GR","GRC","Greece",2021,22,67.8360693598168,23,51.4999004774078,8,86.9401031155528,23,55.4855157082677,25,54.6282041252765,28,65.6775141031074
"GR","GRC","Greece",2022,20,69.355808197922,23,50.3330449643003,5,98.2287895856676,29,48.1573851641464,25,54.3986150943234,28,61.5764767704827
"GR","GRC","Greece",2023,21,67.252420499398,23,50.1899689762393,5,95.6814823908724,27,52.7677036596858,25,54.3986150943234,31,60.1731800306359
"GR","GRC","Greece",2024,21,67.0302795759922,23,48.418548758625,5,95.5946991928832,23,57.3071356857475,25,54.3986150943234,35,50.9227370655236
"GR","GRC","Greece",2025,20,67.7242324735506,21,52.5259988030366,4,96.6071339634283,24,54.0486653553049,25,54.3713872007704,34,55.0513896659482
"HU","HUN","Hungary",2014,16,66.9061058717052,35,41.9039420356184,9,86.1043413104325,23,52.3134267545134,17,59.2281181132023,14,71.5110505350631
"HU","HUN","Hungary",2015,17,67.5638825794416,36,36.0074719363205,9,85.3933367031456,24,51.1291021654935,17,59.2281181132023,14,72.4942979981909
"HU","HUN","Hungary",2016,16,68.6700552956609,37,35.6505700981977,9,87.2366647169872,22,54.6691817413025,18,59.5061628425647,13,75.3530984126914
"HU","HUN","Hungary",2017,20,63.4333654064583,38,29.0384792578718,9,86.9519268521114,16,62.1001632111208,17,59.2871995777394,13,79.1014611382827
"HU","HUN","Hungary",2018,21,65.8618966578194,38,31.1116880337523,9,86.7432006306494,24,54.7703218669231,17,59.4284835470837,8,83.6122480292948
"HU","HUN","Hungary",2019,19,70.107901110755,37,37.4713517694553,9,85.9170982201909,22,54.4026478861844,16,59.4284835470837,11,83.0260732548122
"HU","HUN","Hungary",2020,20,69.2093304135351,37,37.9141790147133,8,85.7851730649591,29,50.0951623927763,16,59.6806653105893,11,82.4424868055188
"HU","HUN","Hungary",2021,20,69.1195234744114,35,39.6251376754083,9,86.3974532983525,29,50.9182569729975,16,59.6208881859959,9,82.7069915973107
"HU","HUN","Hungary",2022,21,69.1882342959229,35,38.7324187539946,9,90.6894339001755,28,48.8325069655687,23,54.832402155301,10,77.8991720059673
"HU","HUN","Hungary",2023,19,69.5153861633495,34,38.9088696167371,9,89.2871951493213,22,56.6696935601408,23,54.832402155301,9,77.36549528613
"HU","HUN","Hungary",2024,17,70.6397838556182,34,40.6140219710042,8,89.5030159339273,21,59.2833998311394,23,54.832402155301,8,72.040791795978
"HU","HUN","Hungary",2025,22,65.7238857500951,35,42.6480580884466,7,90.0647056712109,30,47.0508863284687,23,54.8651417488951,10,71.6717519986592
"IS","ISL","Iceland",2014,37,51.8687173971173,30,48.7768618847439,32,53.3967825142277,21,56.5946873240924,37,31.5451167667149,23,63.891298866743
"IS","ISL","Iceland",2015,34,57.4093896699564,30,44.7452459995476,31,51.9138151040854,20,55.6359516353272,32,44.3994637001226,22,63.6431331250387
"IS","ISL","Iceland",2016,33,57.3032033350454,33,43.0779737485947,28,52.1836476726044,19,58.0807896782266,33,44.286836187824,22,66.6074859730998
"IS","ISL","Iceland",2017,33,53.1501516602547,32,45.7800964697484,28,53.3686219187082,11,65.5680075523993,33,44.4800329787927,33,58.6945385291662
"IS","ISL","Iceland",2018,30,56.231883145961,29,49.7442345824215,29,51.9244754497587,14,65.3125195336992,33,44.6793858830081,31,59.547777794902
"IS","ISL","Iceland",2019,29,61.2072231540533,29,52.1461730450995,28,50.4009114442148,10,68.257715642782,34,44.6793858830081,30,62.4668020134347
"IS","ISL","Iceland",2020,29,59.5232856086307,28,48.0728596797325,31,50.8674944316733,11,66.189419652969,34,44.5361387493744,31,61.8029938691523
"IS","ISL","Iceland",2021,32,57.6407172128795,29,48.1919161332602,30,52.9401690576094,15,63.8800080065368,33,44.446973929359,31,61.6155117059054
"IS","ISL","Iceland",2022,34,56.15582418729,29,47.4967988922639,32,66.5988378997745,16,56.5218446317354,35,38.5905675054858,31,57.3519563691332
"IS","ISL","Iceland",2023,33,55.1860244446952,26,48.4162934989084,29,57.1632735494269,18,60.941602122771,35,38.5905675054858,32,56.284912247931
"IS","ISL","Iceland",2024,33,56.3947355213403,27,45.6563705212815,28,56.9853427303324,16,62.9115497631972,35,38.5905675054858,29,56.1433006592041
"IS","ISL","Iceland",2025,32,58.1997127143836,27,47.4368404288638,24,61.8856260841998,12,64.61046386048,35,38.5539008670806,28,58.6533585202642
"IE","IRL","Ireland",2014,32,55.7385035961603,19,56.2353489799296,29,54.7986062418377,32,33.2363231565709,22,58.9012482202918,18,67.1324593239614
"IE","IRL","Ireland",2015,36,57.0327423121537,19,53.0675093066865,30,52.6153471061796,32,33.0042640024477,22,58.9012482202918,17,66.5944324643478
"IE","IRL","Ireland",2016,35,55.7715835150928,28,46.3855263851932,29,52.175913161818,33,35.9133053092056,23,59.1724738228437,16,69.971716855007
"IE","IRL","Ireland",2017,34,52.7007832271261,27,50.1309231570942,30,51.8689323190083,34,36.9413616254499,22,58.9608033434165,17,73.7040476223787
"IE","IRL","Ireland",2018,34,54.9982102345948,27,51.7781937816601,30,51.7225829319013,33,37.1974782131832,22,59.121745845271,18,72.6165133192035
"IE","IRL","Ireland",2019,35,57.1479843131963,27,53.1385544396328,27,51.0672631774003,34,35.9432803720596,22,59.121745845271,21,71.7823228094266
"IE","IRL","Ireland",2020,34,56.4559236861613,26,48.9313981819445,34,48.3814804347419,34,37.0904393542291,22,59.3731333425295,19,72.674448647136
"IE","IRL","Ireland",2021,34,57.0361282812392,25,50.5235333937583,33,50.6517597300503,34,39.1916619706145,22,59.3898574322504,19,72.6674977588363
"IE","IRL","Ireland",2022,35,52.2251794106566,30,46.3574550106323,31,66.7255033361628,35,30.3206293201443,21,59.2231781019931,32,55.9699822054458
"IE","IRL","Ireland",2023,35,53.1198460529181,28,46.5571994178656,31,53.7589755433329,34,40.9545628640465,21,59.2231781019931,33,55.6747524393582
"IE","IRL","Ireland",2024,35,52.450295583503,28,45.5268867376736,30,54.4447696931668,33,38.9773816199812,21,59.2231781019931,34,50.9317956434513
"IE","IRL","Ireland",2025,34,53.516976519344,28,47.184379721136,29,55.7708009602126,35,35.0237201012995,21,59.2585393611427,23,61.3061468114285
"IL","ISR","Israel",2014,6,75.9325710948941,4,64.6314226683415,37,44.4865267793642,5,70.6163575825839,5,73.1025552823017,11,74.0874703251915
"IL","ISR","Israel",2015,6,77.8620029847485,3,63.576109873587,34,45.667032518743,4,68.8590198415709,5,73.1025552823017,12,73.9865258381151
"IL","ISR","Israel",2016,6,77.226510497049,2,65.008850077157,32,47.9900365702069,9,65.8135808424055,5,73.4041112454941,12,76.0184586663263
"IL","ISR","Israel",2017,7,71.5277794734359,12,57.7182751381,34,46.6261921968321,6,72.423720183861,5,73.1415316638835,12,79.4519224720566
"IL","ISR","Israel",2018,8,76.1520614004491,12,60.4367978359435,33,47.3927771273648,6,73.5202177980809,5,73.2468619198865,13,79.1094116748634
"IL","ISR","Israel",2019,8,79.1914105182588,19,57.324720808107,33,46.2559022323873,8,71.6091317876793,5,73.2468619198865,7,84.9752215946999
"IL","ISR","Israel",2020,7,81.6205975687605,8,60.6556444674635,33,49.0728689517298,7,71.9816216249194,5,73.5348249762241,6,85.2105635132908
"IL","ISR","Israel",2021,6,81.5915666168235,8,61.5881267228266,31,51.3440097141279,8,72.9141823084831,5,73.483469755594,6,85.1763122383393
"IL","ISR","Israel",2022,4,84.5068739753309,8,59.9916717960307,30,67.4615744647938,7,67.8426144288424,5,73.2009628833972,3,83.5362227261264
"IL","ISR","Israel",2023,4,82.2933787137065,7,59.8403659530423,33,51.7931873010219,4,75.4187266711713,5,73.2009628833972,4,82.0220426743195
"IL","ISR","Israel",2024,4,83.0995613219893,3,60.6610744976705,35,51.1548733462025,5,75.1726900049388,5,73.2009628833972,3,81.5538262473067
"IL","ISR","Israel",2025,4,79.5058299514465,7,60.1685604359787,36,50.558694141413,8,66.5458379356691,4,73.1849615858172,3,84.6818851789138
"IT","ITA","Italy",2014,36,52.0232153339374,6,63.7013181295116,23,63.0639010645137,31,42.4300480341943,38,26.7591889319688,20,65.7498147375895
"IT","ITA","Italy",2015,37,50.7071168803992,18,53.5795366488381,25,57.5926063703516,31,41.3849506395833,38,26.7591889319688,18,66.2915677548539
"IT","ITA","Italy",2016,37,51.4533077842139,13,55.6336920418502,23,59.0831737583116,31,42.9650239137115,38,26.8163397172598,18,69.2834803436822
"IT","ITA","Italy",2017,37,48.449411029162,6,60.885274429969,24,58.6195323395304,31,42.2674083796705,38,26.7204128932195,19,71.8090922206499
"IT","ITA","Italy",2018,37,46.1864969114931,6,62.1567383436934,17,66.0979508549439,37,26.227372859878,38,26.6156240461666,17,72.7525739227672
"IT","ITA","Italy",2019,37,49.0981070431807,10,61.9733933736903,19,63.8590710840315,37,27.157719686489,38,26.6156240461666,16,75.6421064901238
"IT","ITA","Italy",2020,38,46.6765162325303,16,54.2793802452969,18,64.8679435055093,37,26.2080165132832,38,26.6845425120104,16,74.7592364263313
"IT","ITA","Italy",2021,38,47.5025218476564,13,56.2505745852313,17,65.7672592821182,37,27.2058324580763,38,26.736323411509,15,77.9211242876419
"IT","ITA","Italy",2022,36,49.3456712742352,12,57.6885082458557,17,75.9938861944205,37,24.4943971552491,38,26.6612871566257,15,73.0306015914072
"IT","ITA","Italy",2023,37,46.6664145753166,11,58.3139389253433,18,67.5924822680801,38,23.6607273861282,38,26.6612871566257,13,73.0373810034336
"IT","ITA","Italy",2024,38,44.9531440429144,13,53.5100321662254,18,67.9692258493677,38,24.4721660925373,38,26.6612871566257,16,63.4792269880853
"IT","ITA","Italy",2025,37,45.5331051084092,16,54.3286691919857,17,69.3938637852367,38,24.2217081018216,38,26.677206205799,14,68.1758895757432
"JP","JPN","Japan",2014,29,58.0833217484772,23,54.6430456059378,34,51.7466392353109,25,50.1566887280814,24,58.7831809847316,29,56.8364755308607
"JP","JPN","Japan",2015,29,58.2870176195037,31,44.4649069684789,32,51.4644282093648,25,49.5385499667695,24,58.7831809847316,27,57.957316470437
"JP","JPN","Japan",2016,23,64.1658472180995,31,45.071112769711,33,47.3908670446256,4,68.5658175667715,24,58.9087268285808,27,61.7394673125527
"JP","JPN","Japan",2017,25,57.5265359111341,30,48.5183996432905,32,47.4055751822157,22,59.3278457602878,24,58.697999819134,23,68.6031699168764
"JP","JPN","Japan",2018,28,58.2968990792756,30,49.6951660305911,34,47.1806553174158,20,57.6274031658965,25,54.4583386286469,22,69.113806154136
"JP","JPN","Japan",2019,26,62.2076298281245,30,50.2757420069346,32,46.9791331143385,21,56.5132214611863,25,54.4583386286469,17,74.7017813354859
"JP","JPN","Japan",2020,27,61.9022179959132,27,48.1252490756201,32,50.1630057825511,18,58.4834861926134,26,54.6976507047009,24,68.5414265957194
"JP","JPN","Japan",2021,27,61.8447660444104,31,46.7888329387579,32,51.1842580712151,17,62.1299167855802,25,54.6282041252765,24,68.8282558538466
"JP","JPN","Japan",2022,30,60.515425547248,31,45.2991797876002,34,63.5489369998981,22,51.255234410065,25,54.3986150943234,22,65.3748240563393
"JP","JPN","Japan",2023,29,59.692940272176,29,45.0424138325329,32,52.3404073051045,20,59.3948034298838,25,54.3986150943234,27,61.8586286358037
"JP","JPN","Japan",2024,31,59.9901320918738,30,44.3410497589695,33,52.6183431592593,19,60.7784586050847,25,54.3986150943234,28,57.2952605631354
"JP","JPN","Japan",2025,29,59.6876578383446,34,43.7993528896252,33,53.3961127756283,18,59.850016942612,25,54.3713872007704,22,61.5748696429646
"KR","KOR","Korea",2014,33,54.0416788658754,31,47.0561070759923,18,64.6187585402578,10,66.4607933605743,36,33.1863623986727,32,48.2364586073319
"KR","KOR","Korea",2015,30,58.1452983681058,26,47.773016765656,15,71.0077616396557,10,63.0445476722618,37,33.1863623986727,33,51.1850765921702
"KR","KOR","Korea",2016,32,57.3391176972699,25,47.689463975038,16,66.9801260400132,11,64.4838690810222,37,33.257239983074,33,55.8813068107733
"KR","KOR","Korea",2017,30,54.0806014111038,26,50.3842873696843,15,67.8330678710121,10,65.6132703835181,37,33.1382729114467,32,59.8547459143899
"KR","KOR","Korea",2018,29,56.7841047763572,25,53.4573806954926,24,58.7413963507533,8,70.7390747960032,37,33.4004830547396,32,59.0810412100696
"KR","KOR","Korea",2019,33,59.2064145508613,26,53.4716731998483,22,59.4592842199271,7,72.0696894801205,37,33.4004830547396,33,55.4337687242887
"KR","KOR","Korea",2020,33,58.5376237034888,25,49.7694492959425,21,63.2626208324822,9,69.5067294440966,37,33.5852679441458,33,55.9433427189482
"KR","KOR","Korea",2021,31,58.489756887719,28,49.8755575638413,20,63.9730174102474,9,72.7132837665381,37,33.5519511210095,33,56.194677831414
"KR","KOR","Korea",2022,27,61.2228566917552,26,49.1180976354513,23,70.5765939030203,11,59.9623630710715,37,33.457786612397,18,70.5007755856453
"KR","KOR","Korea",2023,32,57.9722321010395,24,50.1835470521378,24,60.1549025100918,11,65.3344388408206,37,33.457786612397,26,62.0892333650116
"KR","KOR","Korea",2024,30,60.5494316845054,17,50.9679179658038,24,59.5976171883564,8,72.2421003198513,37,33.457786612397,27,57.503846178825
"KR","KOR","Korea",2025,31,59.3275972443833,17,53.5612230952242,25,61.8395183532828,10,65.594697218226,37,33.4777637480539,25,60.9823224955469
"LV","LVA","Latvia",2014,13,69.9160042628803,2,69.874891989619,8,86.4873120579412,37,29.5599675919217,5,73.1025552823017,19,66.155593530881
"LV","LVA","Latvia",2015,13,70.2853572757904,4,62.2477352882596,8,85.5704704139976,35,30.6351994745154,5,73.1025552823017,16,66.9409145191048
"LV","LVA","Latvia",2016,12,71.6628340060805,4,62.4594021125355,10,86.3462562194738,32,35.9180609910023,5,73.4041112454941,17,69.9417846319793
"LV","LVA","Latvia",2017,13,68.1250012741027,3,62.8986846148168,10,85.5960647289133,32,40.0157794909404,5,73.1415316638835,18,73.141384918325
"LV","LVA","Latvia",2018,3,80.9849216682314,2,93.9715946474038,12,79.7182014962982,30,49.2696446888141,5,73.2468619198865,24,68.3138447615965
"LV","LVA","Latvia",2019,3,84.8152283394381,1,100,12,72.5667312996557,30,48.5862762737589,5,73.2468619198865,25,67.5456782138359
"LV","LVA","Latvia",2020,3,86.5019066497995,1,100,10,73.6521894968991,25,53.1520962599296,5,73.5348249762241,25,67.6833426146748
"LV","LVA","Latvia",2021,3,86.8854124647827,1,100,11,74.0233890137335,22,56.0467473857414,5,73.483469755594,25,68.3876619894549
"LV","LVA","Latvia",2022,3,87.5326238955226,1,100,12,82.8330124627741,25,50.4121199958437,5,73.2009628833972,23,64.1063027762446
"LV","LVA","Latvia",2023,3,85.4241343319132,1,100,12,76.3778740043659,23,56.0800992320358,5,73.2009628833972,23,62.4962360285962
"LV","LVA","Latvia",2024,3,87.4706785346957,1,100,11,76.7172297403059,22,57.612924834024,5,73.2009628833972,17,62.1938414176498
"LV","LVA","Latvia",2025,3,84.2871049454941,1,100,21,64.3594682933053,22,54.9821808969824,4,73.1849615858172,18,64.833483423066
"LT","LTU","Lithuania",2014,17,66.0423630483054,3,66.1778002336277,10,85.7014496845096,35,30.631269010835,8,69.6694123932711,28,58.7785689273446
"LT","LTU","Lithuania",2015,20,67.3803325217501,2,64.1058044658553,10,84.414402760984,37,29.9398503438028,8,69.6694123932711,26,59.8375395222283
"LT","LTU","Lithuania",2016,18,68.4640842013133,3,64.328483285278,11,85.1752446021008,35,34.2450894195308,8,69.6046340136098,26,64.208636000328
"LT","LTU","Lithuania",2017,17,64.9078743432998,2,65.2933995952588,11,84.3845755436855,33,37.0995499714119,8,69.7133636521571,26,66.6341292195552
"LT","LTU","Lithuania",2018,19,66.8980515870045,10,61.3872338734402,10,82.8072034954066,32,39.0058700436589,8,69.8321380781618,27,66.3344107862757
"LT","LTU","Lithuania",2019,20,69.1612169109802,5,63.1235599756081,10,76.0873519803513,32,39.8097194264876,8,69.8321380781618,28,65.166590223951
"LT","LTU","Lithuania",2020,21,67.6315392374972,7,61.1212973057259,13,70.4118776650714,32,40.5124685246122,8,69.7540214517082,29,64.9648968294086
"LT","LTU","Lithuania",2021,21,68.1618965627904,7,61.8912422859119,12,72.0020274619345,32,43.3615835598928,8,69.6953296463403,29,64.9031861355796
"LT","LTU","Lithuania",2022,19,70.3619875359409,7,61.119311678224,13,81.8188534149267,32,41.5004716360366,8,69.7803805687807,29,60.853669340265
"LT","LTU","Lithuania",2023,18,70.642227695807,6,60.7363908455,11,76.4642690484075,29,50.5585715275348,8,69.7803805687807,29,60.560356030296
"LT","LTU","Lithuania",2024,12,72.3961263882598,4,60.6350622505448,12,76.4677605933101,27,51.7949839472558,8,69.7803805687807,22,60.2802940798351
"LT","LTU","Lithuania",2025,11,72.1451245221575,4,62.5305809568235,11,75.1324024510787,27,50.5287897678449,8,69.7623368935111,20,62.8788718151034
"LU","LUX","Luxembourg",2014,3,85.5358469519051,25,53.2851020514778,16,68.3287272358252,1,100,17,59.2281181132023,6,79.4186002373495
"LU","LUX","Luxembourg",2015,2,88.0355170597585,24,51.4098237344088,16,68.2753277824558,1,100,17,59.2281181132023,6,81.4360192031193
"LU","LUX","Luxembourg",2016,2,87.6773851177714,22,51.7118807174288,15,67.4008552978815,1,100,18,59.5061628425647,6,82.7737892082611
"LU","LUX","Luxembourg",2017,3,76.6383508169153,13,57.2854988454618,16,67.6550684197624,3,82.2241080925739,17,59.2871995777394,6,87.941674154176
"LU","LUX","Luxembourg",2018,5,79.3109109667255,23,54.1716427178647,18,65.6381641937297,2,82.5321464455625,17,59.4284835470837,6,88.3817280006874
"LU","LUX","Luxembourg",2019,5,81.2984574512897,23,54.8966339081857,16,65.1730006596756,2,82.0611479218207,16,59.4284835470837,10,83.422587919793
"LU","LUX","Luxembourg",2020,6,81.6228127266689,19,53.4549029859671,17,66.7961956725672,3,81.5136555356612,16,59.6806653105893,9,83.2191856013091
"LU","LUX","Luxembourg",2021,7,80.7047854388573,24,51.4409705848543,16,67.3735032609114,2,83.7134218811333,16,59.6208881859959,8,83.0941555810746
"LU","LUX","Luxembourg",2022,7,81.443431144297,22,50.5188507996304,15,78.2144779441703,2,75.4866205432335,17,59.3772870447026,8,78.2605757210762
"LU","LUX","Luxembourg",2023,6,79.2200480916176,22,50.2091116168701,17,68.7725300459715,3,80.9222598623134,17,59.3772870447026,9,77.36549528613
"LU","LUX","Luxembourg",2024,5,80.0878894835345,22,49.3417407084115,15,69.5726774923375,3,84.2710910230277,17,59.3772870447026,5,73.5716296662298
"LU","LUX","Luxembourg",2025,5,79.3700894316642,22,51.7535597089259,13,71.0881950638054,3,82.2177334151964,17,59.3530318404699,7,73.2354412850293
"MX","MEX","Mexico",2014,24,63.7548192238768,15,58.2892518173484,15,70.2757545921265,26,47.4885810485724,5,73.1025552823017,35,43.7791136543531
"MX","MEX","Mexico",2015,27,58.8160819935288,13,54.9204895315851,37,41.9729004547286,29,45.1439249703314,5,73.1025552823017,35,44.7133985531724
"MX","MEX","Mexico",2016,26,61.927042247839,8,58.7294459198507,36,44.5399702839914,26,50.5910799727921,5,73.4041112454941,35,49.6643112002984
"MX","MEX","Mexico",2017,26,56.7474147026488,8,60.5378419688128,35,45.3933010568424,30,47.8188691838509,5,73.1415316638835,35,51.0991378992131
"MX","MEX","Mexico",2018,24,59.621043702911,9,61.3963805759903,32,47.450037956038,31,48.1358229465327,5,73.2468619198865,34,50.5601477631451
"MX","MEX","Mexico",2019,25,62.2760403304365,7,62.2887673013992,36,44.3765180430412,31,47.0018476025273,5,73.2468619198865,34,52.2910076874712
"MX","MEX","Mexico",2020,26,61.9674895001156,10,59.0786287664282,24,58.7209545359559,30,48.9132237369418,5,73.5348249762241,36,39.7983552823372
"MX","MEX","Mexico",2021,24,63.8620502262625,9,60.3593711691459,22,61.5658034980436,30,49.2745119137761,5,73.483469755594,34,46.9982740374754
"MX","MEX","Mexico",2022,22,66.1275535151741,9,59.3038983785671,24,70.5743362228809,23,51.1548493902386,5,73.2009628833972,35,41.9589838454602
"MX","MEX","Mexico",2023,24,63.2256520046453,9,59.3142829298725,21,62.5640077300003,28,51.2787128135348,5,73.2009628833972,35,41.9534665094608
"MX","MEX","Mexico",2024,24,63.643969620067,6,59.5244171594952,23,60.2371222478546,30,50.0382237771202,5,73.2009628833972,36,41.5377315121826
"MX","MEX","Mexico",2025,24,64.830522898905,6,61.1856896029555,20,65.3095098915081,26,50.7995883711508,4,73.1849615858172,36,42.1219779657942
"NL","NLD","Netherlands",2014,8,75.0048414334886,27,50.1451756759453,24,62.5426895662175,11,65.50042166955,17,59.2281181132023,2,95.9629644682757
"NL","NLD","Netherlands",2015,10,74.5330505266323,27,47.7323535164697,24,59.3212798124077,11,60.5477404609692,17,59.2281181132023,2,96.0749827724157
"NL","NLD","Netherlands",2016,10,74.8623506451974,24,48.2209183032516,22,60.8524365833108,12,61.5257523731763,18,59.5061628425647,2,96.095121138121
"NL","NLD","Netherlands",2017,9,70.2780821634424,25,50.9304792195447,25,58.3477834578978,12,65.024925924296,17,59.2871995777394,1,100
"NL","NLD","Netherlands",2018,9,74.4144096928633,28,51.6926767166006,25,57.4906238863855,10,67.052084502606,17,59.4284835470837,1,100
"NL","NLD","Netherlands",2019,12,74.9928252874015,24,54.061925314168,24,56.5684294065428,11,66.6779284672941,16,59.4284835470837,4,89.3703078945051
"NL","NLD","Netherlands",2020,17,71.8543809940895,23,50.7491142987714,26,55.6771537891023,16,60.1942311392697,16,59.6806653105893,3,88.6560771718417
"NL","NLD","Netherlands",2021,16,72.4410734637785,22,51.8688677425631,26,56.0727002573399,13,65.0678721570661,16,59.6208881859959,4,86.9657954187139
"NL","NLD","Netherlands",2022,14,74.8921418003133,19,52.6262033819325,26,69.1767742409894,9,61.5727967415319,17,59.3772870447026,5,81.5132091570557
"NL","NLD","Netherlands",2023,12,72.842575966137,16,52.3859966728998,28,57.4332113318273,12,65.1668030569022,17,59.3772870447026,3,82.3987832817105
"NL","NLD","Netherlands",2024,20,69.2791471820369,16,51.0817391300358,32,52.7437773411844,15,63.6720151574736,17,59.3772870447026,7,72.911300568485
"NL","NLD","Netherlands",2025,14,70.2711299607956,18,53.5089813266961,32,53.8468461586454,14,63.5934937950661,17,59.3530318404699,4,77.1446645009545
"NZ","NZL","New Zealand",2014,2,86.6040638655074,29,49.0085233450109,7,88.5272351828695,2,88.1175738979673,3,79.136950434611,26,61.5704587441397
"NZ","NZL","New Zealand",2015,3,87.2660844346208,29,45.7774110529851,7,88.8637745592857,2,85.2187326945439,3,79.136950434611,24,62.5875799850185
"NZ","NZL","New Zealand",2016,3,86.1537290495489,27,46.7549320763405,8,89.0406803547853,2,82.941122371646,3,79.0923922953767,24,65.6393859857266
"NZ","NZL","New Zealand",2017,2,86.0209035004926,28,49.8736189945839,7,89.5559248094005,1,100,3,79.1671825324684,24,68.5320416394088
"NZ","NZL","New Zealand",2018,2,91.3885159836414,26,52.1797078315465,7,89.7435058225752,1,100,3,79.2488821279055,25,68.2588115019196
"NZ","NZL","New Zealand",2019,2,97.0507300147443,25,53.4770011949228,6,89.7772972445415,1,100,3,79.2488821279055,20,72.6999794728031
"NZ","NZL","New Zealand",2020,2,95.9449949154807,30,47.4001026176132,6,90.8556712231959,1,100,3,79.1951492075046,20,72.370217921497
"NZ","NZL","New Zealand",2021,2,95.7203966788656,26,50.3916401289273,6,91.3473814113922,1,100,3,79.1547777494785,20,72.3267324049071
"NZ","NZL","New Zealand",2022,2,99.2557511520933,27,48.884064064316,8,92.8376260090906,1,100,3,79.2132804607831,19,69.3334803401184
"NZ","NZL","New Zealand",2023,2,95.6534311749476,20,50.9103533366719,8,92.7566695689631,1,100,3,79.2132804607831,18,67.3041369911034
"NZ","NZL","New Zealand",2024,2,93.7807598341407,26,45.9746422402546,9,89.1799268407038,1,100,3,79.2132804607831,15,66.9856726800967
"NZ","NZL","New Zealand",2025,2,92.5040249469225,25,48.1864045669861,8,89.1375361996088,1,100,3,79.2008690266107,21,62.339946705637
"NO","NOR","Norway",2014,12,70.7428000967686,22,54.8552161310458,17,64.8428869815762,7,69.133478554119,16,60.248208348894,21,65.5789872727096
"NO","NOR","Norway",2015,12,71.8674638200087,21,52.1148811079802,20,63.4355946988448,5,67.3823064104227,16,60.248208348894,19,66.1787501668423
"NO","NOR","Norway",2016,13,70.9494284013299,21,51.8587221284596,19,62.4026681555526,7,67.293634063607,17,60.5223107138657,19,68.4563996773136
"NO","NOR","Norway",2017,14,67.387088607982,21,54.3424359507149,21,62.6605943707276,7,71.7526503415754,16,60.305811627429,20,70.9456311612044
"NO","NOR","Norway",2018,14,70.8252016716661,19,56.6131351179826,23,61.4000610444239,7,72.3923066067377,16,59.6771439027404,20,70.8131589093772
"NO","NOR","Norway",2019,13,74.6482930529746,18,57.4134702859133,23,59.0653754179225,6,72.152280882547,15,59.6771439027404,18,74.3411814618449
"NO","NOR","Norway",2020,13,74.2527310513286,18,54.096334952333,23,59.4491734640239,6,72.7051997610874,15,59.7333741119535,18,73.7331947498719
"NO","NOR","Norway",2021,11,74.3413157181299,17,55.2728498979456,23,61.1049382045289,6,74.4064943901083,15,59.852214336593,18,73.5802504798796
"NO","NOR","Norway",2022,12,75.8469759794875,16,54.7138448347657,22,71.3469026253854,6,70.2685847472009,16,59.6079639718545,20,68.6699823721954
"NO","NOR","Norway",2023,15,71.5460318937679,15,54.0976545158934,30,54.5255725204047,6,72.8386400955322,16,59.6079639718545,17,68.2720999073136
"NO","NOR","Norway",2024,18,70.4859114047128,14,52.6562706998182,29,55.6052017274209,7,72.8751628715639,16,59.6079639718545,20,61.727387172273
"NO","NOR","Norway",2025,17,69.3867812582929,15,54.8412677124085,28,57.0007152763958,5,70.5842449319383,16,59.5838465013076,24,61.0540532502897
"PL","POL","Poland",2014,28,60.7731151938038,11,59.7107738341315,12,78.5731302057745,33,32.5200389053981,29,54.0494119640617,15,69.2950951575396
"PL","POL","Poland",2015,26,59.1698671383962,10,57.4259861930472,12,78.6380634178615,34,31.7123565040204,28,54.0494119640617,29,56.7965874357519
"PL","POL","Poland",2016,30,58.0238229428247,9,57.6687181796738,13,79.7386067102134,34,34.2984616020926,29,49.7546575665348,29,60.2647634616359
"PL","POL","Poland",2017,32,53.1566172260342,15,56.9088504047036,13,79.5005522224512,36,33.9430372444122,29,49.5705771731456,29,61.9484549077474
"PL","POL","Poland",2018,35,53.1367416834163,15,58.4052325210243,13,79.4816006146823,36,27.5416825886163,28,49.749966603775,30,61.4067777803782
"PL","POL","Poland",2019,36,52.7104197559283,28,52.1916080306276,17,64.6623358616437,36,30.4133579876681,28,49.749966603775,29,65.0417124180098
"PL","POL","Poland",2020,35,54.1965880451565,29,47.9887734345857,12,71.5864291704041,35,33.2419808428494,29,49.9770868268027,30,64.2057471374289
"PL","POL","Poland",2021,35,53.668452906678,27,50.1274222008298,13,70.7352615448492,35,33.6585526196307,28,49.9940399050711,30,64.4504262809234
"PL","POL","Poland",2022,33,56.8509604272198,25,49.1187583473637,10,84.5945565057221,34,32.883594115399,28,49.8537302049218,30,59.5865767488715
"PL","POL","Poland",2023,34,54.9687324745321,30,44.9603728802325,14,70.4931665587229,33,42.4451389895967,28,49.8537302049218,30,60.3201983463263
"PL","POL","Poland",2024,34,52.809856530624,29,45.0715260420283,19,67.8791656192589,35,34.0429875549113,28,49.8537302049218,23,59.8615249864594
"PL","POL","Poland",2025,38,45.2605352652977,31,45.8772627993395,38,41.148003792456,34,36.3051486031785,28,49.8834971091955,35,54.5813002321653
"PT","PRT","Portugal",2014,35,52.7460893712961,33,45.5346469078006,38,39.4700946085734,18,57.9796622829965,17,59.2281181132023,34,45.2459164893143
"PT","PRT","Portugal",2015,35,57.4087327193234,33,42.0300972649131,35,43.5230155205454,19,55.6594375313206,17,59.2281181132023,31,54.2952895370544
"PT","PRT","Portugal",2016,28,59.1111793747231,32,43.3340108892066,34,47.0409643856258,17,58.3181726666812,18,59.5061628425647,31,58.3943220604878
"PT","PRT","Portugal",2017,27,56.340269824046,31,47.1014761655487,33,46.8299114815591,17,61.9048522481327,17,59.2871995777394,30,61.7298878330763
"PT","PRT","Portugal",2018,27,59.2303578942731,32,46.866318398074,35,46.9910110687426,17,61.3654248098389,17,59.4284835470837,28,64.532423516577
"PT","PRT","Portugal",2019,23,63.5367821413159,33,47.4338421208177,31,47.4897643580403,15,62.5842578729359,16,59.4284835470837,24,67.6051695514602
"PT","PRT","Portugal",2020,25,65.2017799076462,34,41.9368723195906,29,53.659183661603,12,63.8487842170385,16,59.6806653105893,21,70.5674756749277
"PT","PRT","Portugal",2021,25,63.506891300711,37,36.6129885396353,28,55.6358648590711,11,65.9656493340055,16,59.6208881859959,22,70.42475151608
"PT","PRT","Portugal",2022,25,62.9805326172553,37,35.014961721702,28,68.6276972254359,15,56.7917983620338,17,59.3772870447026,21,65.3976138413104
"PT","PRT","Portugal",2023,25,62.5713326722667,35,38.3861242738746,26,58.3723879334965,15,61.4198344748359,17,59.3772870447026,19,65.1199284979382
"PT","PRT","Portugal",2024,26,62.5058054509528,35,38.534063684937,25,59.582696987514,13,64.8694744956034,17,59.3772870447026,31,55.6559488454045
"PT","PRT","Portugal",2025,23,65.4624636155556,36,41.6708911199261,15,70.4819888000983,13,64.0340217859134,17,59.3530318404699,26,59.4835000726888
"SK","SVK","Slovak Republic",2014,22,64.1731724082308,13,58.4382899557292,14,71.0099994481486,36,29.7424632234261,4,74.7300513068515,16,67.7163724640311
"SK","SVK","Slovak Republic",2015,23,63.4489725509565,17,54.2465560041727,14,71.1905055270276,33,32.0671092346546,4,74.7300513068515,30,56.1115879243674
"SK","SVK","Slovak Republic",2016,21,67.5172878358289,20,52.0595221593099,4,96.4695245643871,36,33.0793683841783,4,74.6822021742142,30,59.6699262551746
"SK","SVK","Slovak Republic",2017,18,64.4311574977511,22,54.2028142674077,3,96.4399539357974,35,36.848727554743,4,74.7666693266357,28,62.032555843904
"SK","SVK","Slovak Republic",2018,15,70.3721299369851,18,57.3330132426408,3,96.4053479964806,34,35.4580909082941,4,74.8472478048463,19,71.3845320670716
"SK","SVK","Slovak Republic",2019,18,70.6476566194648,22,55.0244445679351,3,96.3989650710887,33,36.2126739359461,4,74.8472478048463,31,61.6871952644146
"SK","SVK","Slovak Republic",2020,19,69.516305568971,31,46.9537597466442,2,97.9718920334375,33,38.7604748291476,4,74.7821172976662,32,60.801765899603
"SK","SVK","Slovak Republic",2021,17,70.1369185886799,32,45.4363992908752,2,97.6057973004312,33,40.5916450494953,3,79.1547777494785,32,60.5610271741278
"SK","SVK","Slovak Republic",2022,18,71.5915424758587,32,44.196373964037,1,100,33,37.6882089428334,4,74.822504514091,25,63.2291915506573
"SK","SVK","Slovak Republic",2023,14,71.7855227287823,25,48.9008612043269,1,100,32,43.2343033871721,4,74.822504514091,24,62.4096965003179
"SK","SVK","Slovak Republic",2024,13,72.0491826427577,25,47.2978590877658,1,100,32,41.7049352196089,4,74.822504514091,18,61.9518301192124
"SK","SVK","Slovak Republic",2025,13,70.7109448084703,26,47.5716806364662,1,100,32,40.8974316157622,7,70.3195813227882,16,66.1382152570665
"SI","SVN","Slovenia",2014,31,55.8593429129123,17,56.8850169643029,5,90.0766184427648,29,45.9942559645528,33,42.7719676755728,36,38.6225523997454
"SI","SVN","Slovenia",2015,31,57.6632664446946,16,54.3022499441944,5,91.9201075545307,26,48.7332068945541,34,38.3650685478133,36,38.7379155982167
"SI","SVN","Slovenia",2016,36,55.3876413344669,18,54.1108125997318,6,92.2018652548032,30,44.8953094060274,34,38.5985551379414,36,43.9381270109529
"SI","SVN","Slovenia",2017,31,53.3391480627118,17,56.5951164568312,6,91.9605960447111,29,49.7944498981052,34,38.4543821102078,36,45.7708683753227
"SI","SVN","Slovenia",2018,31,55.974941333855,16,58.070100363797,6,93.2875875569434,28,50.0222151342489,35,38.6773656749892,35,45.1265081887133
"SI","SVN","Slovenia",2019,34,57.8266373292631,16,59.1074902580174,8,88.8129672499594,28,49.8009815301589,35,38.6773656749892,37,43.8010219108926
"SI","SVN","Slovenia",2020,31,59.1669237368211,13,56.3978573973084,4,95.8193331736368,27,51.0114680214923,35,38.8758145180939,35,43.9357189113203
"SI","SVN","Slovenia",2021,30,59.0616686961555,11,59.3621613573785,3,96.9007003742357,28,51.4032022537316,35,38.7756659354744,36,43.9756297657103
"SI","SVN","Slovenia",2022,32,59.8757129665445,11,58.6900317066126,3,99.2929651968917,31,42.0346833149262,32,42.9813434521779,34,42.4335214149193
"SI","SVN","Slovenia",2023,22,65.9746461298878,10,58.5072285007862,3,98.1414784938222,30,49.8994708674711,32,42.9813434521779,21,63.202540412545
"SI","SVN","Slovenia",2024,23,65.2256382963187,10,57.1075775773587,3,98.3595224932374,31,48.5683080639398,32,42.9813434521779,25,58.4099399576424
"SI","SVN","Slovenia",2025,27,63.0198798441529,13,54.9470545125437,2,98.5341554661233,31,46.7575675417854,32,42.9472984793283,30,57.6540720344251
"ES","ESP","Spain",2014,34,52.857420510532,38,31.2870433963311,30,54.460776328813,20,56.8447423890719,31,45.9288340513239,17,67.2037911256395
"ES","ESP","Spain",2015,33,57.5709642476521,37,32.9528228948476,23,60.6611929881404,21,54.7894171223152,31,45.9288340513239,15,68.6887043953805
"ES","ESP","Spain",2016,25,63.4156173478537,34,40.890537668892,14,73.2608616969034,18,58.1942650712326,32,46.0269262969524,15,72.9542484399196
"ES","ESP","Spain",2017,23,59.6621081549872,33,45.2416833546991,14,72.9008607263309,19,60.3602740901882,32,45.8622797826795,16,75.4472952819622
"ES","ESP","Spain",2018,23,61.7089223929049,33,46.7683867624625,14,68.9193624586839,18,60.2049385464066,32,45.2902549345599,16,75.8271140121041
"ES","ESP","Spain",2019,22,66.0414643074229,31,48.1563617494761,13,68.1772814918923,16,60.5090361768739,33,45.2902549345599,13,80.2341474932216
"ES","ESP","Spain",2020,24,65.7340250546171,32,44.0887595351706,15,69.0006851999945,15,61.2393850587766,33,45.3092317502687,13,79.7221739494254
"ES","ESP","Spain",2021,29,59.8013479131547,36,39.1787672951075,24,60.2196503982529,16,62.4375562870287,34,40.76591795253,13,79.3685106148923
"ES","ESP","Spain",2022,29,60.5472246509601,36,35.9030037974335,20,72.799723025113,14,57.0365759074699,33,40.6515072400712,13,74.2691165321033
"ES","ESP","Spain",2023,30,58.6860084962514,36,35.5620427369098,22,61.9856898473893,16,61.2555160857871,33,40.6515072400712,12,73.8982725310321
"ES","ESP","Spain",2024,32,58.7628964242521,36,37.7983416901292,27,58.1007432353865,17,62.8950816708669,33,40.6515072400712,12,68.59137152746
"ES","ESP","Spain",2025,33,57.3763252207117,37,38.2301447405404,23,62.2032040749234,17,60.0173469141467,33,40.6757796369335,13,68.4348470281128
"SE","SWE","Sweden",2014,5,78.0476170367424,5,63.846625698278,21,64.2406406423771,8,68.9351201732226,9,68.6956561545422,12,73.9274621249877
"SE","SWE","Sweden",2015,5,78.5850205019377,5,60.3727393762429,21,62.454434717222,6,67.0364783334235,9,68.6956561545422,10,74.5193090708158
"SE","SWE","Sweden",2016,4,78.7697557194215,6,60.3348906181452,18,63.8301186785931,6,67.8391334989592,9,68.9939211243316,10,76.8242280373215
"SE","SWE","Sweden",2017,4,75.0779635786463,4,62.4126965606894,20,63.3226093874175,5,73.3856252372894,9,68.7410184580507,11,79.4809428093414
"SE","SWE","Sweden",2018,4,79.458701979599,4,65.1093394627336,21,63.0889398165396,5,73.769226374999,9,68.8452275968274,12,79.2266039710866
"SE","SWE","Sweden",2019,4,82.205234761368,3,65.7024320131148,21,62.0145412097516,5,73.5087387730818,9,68.8452275968274,15,76.7413299527437
"SE","SWE","Sweden",2020,5,81.7441722541575,4,63.2504989439358,22,61.9386818317857,5,73.8359183150881,10,69.1217930663857,15,75.7835721933788
"SE","SWE","Sweden",2021,4,82.1906130306814,5,62.8839025099045,18,64.314367540417,5,76.062732876382,10,69.0803362891341,16,77.1020710564625
"SE","SWE","Sweden",2022,5,82.9158971920585,5,62.4616971620146,19,74.1993295162616,5,70.4760500536428,10,68.810186936705,17,71.0852975432691
"SE","SWE","Sweden",2023,5,79.5924523779948,4,61.8260117072684,19,66.2620131038271,7,71.7134222723351,10,68.810186936705,16,70.6104242353526
"SE","SWE","Sweden",2024,6,78.2528660180435,5,60.364278076477,20,66.583143839462,6,73.9608696741511,10,68.810186936705,21,60.9459939447217
"SE","SWE","Sweden",2025,6,77.5191019453874,5,62.0767044081409,18,67.3554909861207,6,69.1611966238662,10,68.7915639735696,17,64.8990799484397
"CH","CHE","Switzerland",2014,11,72.454508667962,7,62.2717364849212,6,89.2211599993784,17,59.2545507055635,34,36.7881659028944,4,87.0705702721108
"CH","CHE","Switzerland",2015,11,73.624372537928,7,58.7392226153151,6,90.7780835439443,17,57.4838012878331,35,36.7881659028944,3,87.9160546355189
"CH","CHE","Switzerland",2016,11,71.8826680308396,5,60.9182979507747,7,90.6510078962084,23,53.245179064477,35,36.8728570349065,4,89.0260901129391
"CH","CHE","Switzerland",2017,10,68.81430419446,5,61.3267538795463,8,89.3616242258243,20,59.9112540596579,35,36.734857136691,3,92.8749358779397
"CH","CHE","Switzerland",2018,13,71.700788543648,5,63.2404051380853,8,89.0933612208028,19,58.655044996554,36,36.1802485866289,4,92.9877589589
"CH","CHE","Switzerland",2019,11,76.0966214701915,11,61.7057664847511,7,88.9543537312333,19,58.1893452197018,36,36.1802485866289,1,100
"CH","CHE","Switzerland",2020,11,74.7297636576507,17,54.2703920518078,7,90.6991758145893,20,58.1183250998212,36,36.175635962532,1,100
"CH","CHE","Switzerland",2021,10,74.3639492575565,15,55.5926443201321,7,91.1707199419999,20,58.5465498658323,36,36.3627844860701,1,100
"CH","CHE","Switzerland",2022,10,77.4888145862356,13,57.4229515091737,7,96.4214108262259,20,52.0797275006093,36,36.2607312933791,1,100
"CH","CHE","Switzerland",2023,8,75.8583912448851,14,54.3839513223259,7,93.6450661345512,21,58.6115859045891,36,36.2607312933791,1,100
"CH","CHE","Switzerland",2024,8,75.4016593112433,21,49.9151405254323,6,93.8945499162178,24,57.1361445017422,36,36.2607312933791,1,100
"CH","CHE","Switzerland",2025,7,75.1364434238022,24,51.4928808758671,6,94.2672990882449,20,57.6383910548613,36,36.2823820246858,1,100
"TR","TUR","Turkey",2014,10,73.9984168164603,14,58.3748234402047,3,93.095633572865,19,57.3225471955305,29,54.0494119640617,10,74.3301973899751
"TR","TUR","Turkey",2015,8,76.6263992476025,12,55.9593081375869,3,95.1034510153189,15,59.0587742153394,28,54.0494119640617,10,74.5193090708158
"TR","TUR","Turkey",2016,8,75.9597178580775,11,57.4596502498376,5,95.5300321766462,20,57.8620311382412,28,54.1648476876973,10,76.8242280373215
"TR","TUR","Turkey",2017,8,71.0106812802953,9,59.1144023998633,5,93.6687027854145,21,59.4374741693728,28,53.9710903789783,10,80.2399061514589
"TR","TUR","Turkey",2018,10,74.3149918680399,8,61.6587115133951,5,94.2189591058423,21,57.0966906899527,27,54.1516009268342,11,79.9942757974554
"TR","TUR","Turkey",2019,7,79.250002861785,8,62.217121241696,4,94.6017534970308,20,57.4304626123843,27,54.1516009268342,8,84.2583960948708
"TR","TUR","Turkey",2020,9,76.5733410326014,22,51.5701042133529,3,96.5267716771417,21,56.8897543605881,28,54.3901187366411,8,83.5753756125353
"TR","TUR","Turkey",2021,12,73.2872953008073,19,52.6614266404568,5,92.9490161286652,26,52.3697194674031,27,54.397173371531,7,83.3698631659079
"TR","TUR","Turkey",2022,11,77.2022170177432,20,51.8458844207299,6,97.2902940434044,19,53.8699761348863,27,54.2445061516139,7,79.8669842026445
"TR","TUR","Turkey",2023,7,76.72073209466,17,52.0364816494057,6,93.7044234916144,14,62.3176325331118,27,54.2445061516139,6,79.5206899236681
"TR","TUR","Turkey",2024,7,76.3145392968742,18,50.5439347937106,7,93.2085111537779,20,59.7852069562828,27,54.2445061516139,4,79.1310625127991
"TR","TUR","Turkey",2025,8,74.4599731167391,19,52.8494218026992,5,95.1445576417219,21,56.5940115986198,27,54.2768947214432,5,75.8952353782285
"GB","GBR","United Kingdom",2014,30,56.4958984601647,34,43.0122243634507,27,58.198465228693,38,24.4555978710694,25,54.4943490925323,1,100
"GB","GBR","United Kingdom",2015,32,57.6049498230748,35,37.7659996148597,27,57.0877808547141,38,24.0402396987172,25,54.4943490925323,1,100
"GB","GBR","United Kingdom",2016,31,57.5181167735346,35,39.3443192685869,24,58.2478505041386,38,23.710920260623,25,54.7622837016813,1,100
"GB","GBR","United Kingdom",2017,35,52.5445462155841,34,41.4370543901552,18,66.9704381431903,38,24.5214455715216,25,54.5602901375837,2,93.2554042408977
"GB","GBR","United Kingdom",2018,33,55.7725460556824,34,43.470292043223,16,66.9296161626236,38,24.794966579819,24,54.7201115222119,2,94.5585704012707
"GB","GBR","United Kingdom",2019,31,60.5347060388278,32,47.7922320683106,15,66.251537707908,38,24.8897538953353,24,54.7201115222119,2,98.9164055228565
"GB","GBR","United Kingdom",2020,32,58.5549339850046,36,38.6503279186943,16,67.5613813636147,38,24.740027566105,24,54.9601014326911,2,98.1421499963126
"GB","GBR","United Kingdom",2021,26,61.911946362985,20,52.5187314775594,15,67.8467052336681,38,25.4359842001457,24,54.9867239657905,2,97.9076565719093
"GB","GBR","United Kingdom",2022,26,62.9401048382262,24,49.6276596255508,14,79.2044918201709,38,23.4476781940749,23,54.832402155301,2,91.4782093847336
"GB","GBR","United Kingdom",2023,27,60.5726399694204,31,43.2087004172069,13,71.4178865368776,37,28.9313163538344,23,54.832402155301,2,91.9916437449333
"GB","GBR","United Kingdom",2024,27,62.0807257441876,32,43.4525920563792,13,73.0982299041228,37,30.7760628646687,23,54.832402155301,2,87.4898686676215
"GB","GBR","United Kingdom",2025,30,59.6612944350894,30,45.9855495263429,19,66.542041128087,37,29.7933117620316,23,54.8651417488951,2,87.4406097315829
"US","USA","United States",2014,27,60.8318693826125,8,61.267176195859,31,54.1497426928817,24,52.0727080762089,17,59.2281181132023,30,54.7807556427765
"US","USA","United States",2015,24,63.2225808224543,6,59.1260369092322,29,55.4241687153289,22,52.2424544869941,17,59.2281181132023,32,54.2467868371988
"US","USA","United States",2016,24,63.9021109298629,7,59.013857936369,26,56.8509030312018,21,54.9807308021491,18,59.5061628425647,32,57.9719366750524
"US","USA","United States",2017,24,58.7446144323064,7,60.8586794708752,26,56.6357013588495,25,53.1510855405935,17,59.2871995777394,31,59.8832836243353
"US","USA","United States",2018,32,55.8165947436181,7,61.7443722149522,26,56.2011744320163,26,52.1640608501664,17,59.4284835470837,36,41.0005232467491
"US","USA","United States",2019,32,59.5113425412713,6,62.8322438664645,26,54.1672057190662,27,52.1019951860108,16,59.4284835470837,36,44.2205399844794
"US","USA","United States",2020,30,59.384197009477,11,59.0562507393676,25,57.9530301601849,26,52.1905825514631,16,59.6806653105893,34,44.1270690820877
"US","USA","United States",2021,33,57.3157927171973,12,57.0562598881173,29,54.7756994789327,25,53.7973366339544,16,59.6208881859959,35,44.0940677893659
"US","USA","United States",2022,31,60.1780639068059,14,56.2670910758745,25,70.1921101559842,21,51.8457258195044,17,59.3772870447026,36,40.6956937937542
"US","USA","United States",2023,31,58.239827052077,12,57.958421562593,23,61.9352102678512,26,52.9232973561206,17,59.3772870447026,36,40.6763905885362
"US","USA","United States",2024,25,63.5376809503817,7,58.3595590700295,21,61.6418293847142,26,53.7660939339635,17,59.3772870447026,33,52.4509409927106
"US","USA","United States",2025,21,66.0596007974988,3,69.0866471118893,22,62.5233419684268,25,51.6882477650282,17,59.3530318404699,32,55.4328048319526
