"ISO_2","ISO_3","country","year","corporate_rate","loss_carryback","loss_carryforward","machines_cost_recovery","buildings_cost_recovery","intangibles_cost_recovery","inventory","allowance_corporate_equity","patent_box","r_and_d_credit","corporate_time","profit_payments","other_payments","top_income_rate","threshold_top_income_rate","tax_wedge","labor_payments","labor_time","capital_gains_rate","index_capital_gains","dividends_rate","vat_rate","vat_threshold","vat_base","consumption_time","property_tax","property_tax_collections","net_wealth","estate_or_inheritance_tax","transfer_tax","asset_tax","capital_duties","financial_transaction_tax","dividends_exemption","capital_gains_exemption","country_limitations","dividends_withholding_tax","interest_withholding_tax","royalties_withholding_tax","tax_treaties","cfc_rules","thin_capitalization_rules"
"AT","AUT","Austria",2014,25,0,75,0.813463195231154,0.391406012913837,0.737888702767901,1,0,1,0.12,47,1,8,0.5,14.163515,1.11433483196536,3,52,0.25,0,0.25,20,34987.893314216,0.586919292661924,67,0,0.0899372931424187,1,1,0,0,0,1,1,1,0,0.25,0,0.2,84,0,0.5
"AU","AUS","Australia",2014,30,0,100,0.851484971473245,0.479318672008477,0.547953910556565,0.5,0,1,0.1425,37,1,6,0.465,2.32037,1.41658992852871,4,18,0.245,0,0.27121,10,48730.6403375008,0.467195646824494,50,1,0.896235839368787,1,1,0,1,1,1,1,1,0,0.3,0.1,0.3,44,0.333333333333333,0.5
"BE","BEL","Belgium",2014,33.99,0,100,0.875897349190039,0.622404878792567,1.01486525392967,1,1,0,0.155,20,1,8,0.59447155,1.009416,1.19485145145329,2,40,0,1,0.25,21,6319.04976005039,0.47635036043783,75,0.5,0.52053590080195,1,0,0,1,1,0,0.95,0.987878788,0,0.25,0.25,0.25,91,0,0.5
"CA","CAN","Canada",2014,26.2,3,20,0.965116279069767,0.242105263157895,0.518965517241379,0.5,0,1,0.245,45,1,4,0.495296,10.605125,1.20067371923594,3,36,0.225,0,0.338414,15.6,23453.725818895,0.471328728372367,50,0.5,1.55368987504222,1,1,0,0,0,1,1,0.5,1,0.25,0.25,0.25,93,0.333333333333333,0.5
"CH","CHE","Switzerland",2014,21.148581,0,7,0.86,0.554838709677419,0.905263157894737,1,0,1,-0.01,15,2,10,0.41752888,3.325717,1.35720004563546,7,40,0,1,0.21135,8,63826.8268100133,0.709244541621409,8,0.5,0.0676685011082444,0,0,0,0,0,0,1,1,0,0.35,0.35,0,89,0,0.5
"CL","CHL","Chile",2014,21,100,100,0.632611659769417,0.338474732816403,0,0.5,0,1,0.315,42,1,5,0.4,10.408629,1.16232674390651,1,124.5,0.2,0,0.24050633,19,0,0.64563394693061,124.5,0.5,0.421677427344543,1,0,1,0,1,1,0,0,1,0.35,0.35,0.3,25,0,0.5
"CZ","CZE","Czech Republic",2014,19,0,5,0.873879108036537,0.543222830616488,0.841318847888109,0.5,0,1,0.175,53,1,5,0.11,3e-06,1.13823596841137,2,75,0.15,1,0.15,21,67707.9535587165,0.568660600212091,102,0.5,0.0948078075718107,1,0,0,1,1,1,1,1,1,0.15,0.15,0.15,83,0,0.5
"DE","DEU","Germany",2014,29.70721,1,60,0.737888702767901,0.391406012913837,0.869865253929667,1,0,1,-0.02,41,2,6,0.47475,5.77971,1.10363967520792,1,134,0.25,0,0.26375,19,21297.5222109729,0.548951682292742,43,0.5,0.192714123557278,1,0,0,1,1,1,0.95,0.95,0,0.26375,0,0.15825,94,0.333333333333333,1
"DK","DNK","Denmark",2014,24.5,0,60,0.826923076923077,0.479318672008477,0.81340644290143,0,0,1,-0.01,27,3,6,0.55564,1.16303,1.27585324786518,1,65,0.42,0,0.42,25,5879.07638734969,0.586333462576669,40,0.5,0.648988590465288,1,0,0,1,1,1,1,1,1,0.27,0.25,0.25,73,0.666666666666667,0.5
"EE","EST","Estonia",2014,21,100,100,1,1,1,1,1,1,0,20,1,7,0.1712,0.150274,1.05543707351151,0,34,0.21,0,0,20,25581.7765656457,0.689766379494155,27,1,0.155357539789587,1,1,1,1,1,1,1,0,1,0,0,0.1,51,0.333333333333333,0
"ES","ESP","Spain",2014,30,0,18,0.695001856615886,0.291385530174685,0.278958448750364,0.5,0,0,0.31,33,1,7,0.52,11.728847,1.12006728288016,1,90,0.27,0,0.27,21,0,0.404118372671133,44,0,0.434246451898563,0,0,0,1,0,1,1,1,1,0.21,0.21,0.2475,85,0.333333333333333,1
"FI","FIN","Finland",2014,20,0,10,0.826923076923077,0.518965517241379,0.737888702767901,0,0,1,0.25,21,1,4,0.56617293,2.535029,1.26725634525034,3,48,0.32,0,0.272,24,8589.47283647476,0.559389625588056,24,0.5,0.270867318158517,1,0,0,0,1,0,1,1,1,0.2,0,0.2,75,0.666666666666667,1
"FR","FRA","France",2014,37.9962,1,50,0.880275603755891,0.547953910556565,0.869865253929667,0.5,0,0,0.425,26,1,6,0.549345,15.274647,1.20541111655661,2,80,0.38,0,0.44001,20,93551.0876400815,0.483041968080722,31,0.5,1.16900955417092,0,0,0,0,0,0,0.95,0.88,1,0.3,0,0.3333,122,0.666666666666667,1
"GB","GBR","United Kingdom",2014,21,1,100,0.758823529411765,0,0.826923076923077,0,0,0,0.185,32,1,6,0.47,4.274984,1.36956332821385,1,48,0.28,0,0.3055625,20,102850.559900547,0.425781583045022,25,0.5,1.75193415574049,1,0,0,0,1,0,1,1,0,0,0.2,0.2,123,0.666666666666667,0
"GR","GRC","Greece",2014,26,0,5,0.737888702767901,0.479318672008477,0.737888702767901,1,0,1,0.08,78,1,6,0.4537,5.346351,1.18877741130425,1,46,0.15,0,0.1,23,6677.54959454146,0.369131592159951,69,0,0.645562788504649,1,0,0,1,0,1,1,0,1,0.25,0.15,0.2,55,0.333333333333333,0.5
"HU","HUN","Hungary",2014,19,0,50,0.816200383417959,0.278958448750364,0.737888702767901,0.5,0,0,0.2925,35,2,8,0.345,0,1,2,146,0.16,0,0.16,27,42328.198651231,0.522364852899303,96,0,0.205970028717699,1,0,0,0,1,1,1,1,0,0,0,0,73,0.666666666666667,0.5
"IE","IRL","Ireland",2014,12.5,3,100,0.787075165170195,0.479318672008477,0.646263719038607,0,0,1,0.235,10,1,7,0.52,0.761985,1.46645545512611,1,40,0.33,0,0.51,23,78844.2561518391,0.442784429671111,29,0.5,0.438944762738161,1,0,0,1,1,0,0,1,1,0.2,0.2,0.2,68,0,0
"IL","ISR","Israel",2014,26.5,0,100,0.869865253929667,0.547953910556565,0.787075165170195,0.5,0,1,0,110,2,14,0.5,6.307592,1.82669666666845,12,60,0.27,1,0.32,18,18611.874917961,0.641137369599031,69,0.5,1.25668309617047,1,1,0,1,1,1,0,0,1,0.3,0.25,0.25,53,0.666666666666667,0
"IS","ISL","Iceland",2014,20,0,10,0.86,0.477777777777778,0.812269350072009,0,0,1,0.24,40,1,7,0.443712,1.387967,1.27782991809342,13,60,0.2,0,0.2,25.5,7006.49705254991,0.447203978401448,40,0,0.711129289734328,0,0,1,0,1,1,1,1,0,0.18,0.1,0.2,39,0.666666666666667,0
"IT","ITA","Italy",2014,31.29275,0,80,0.760252585046526,0.462657542127945,0.965116279069767,1,1,1,-0.02,39,2,10,0.472611,10.005698,1.17604855094253,1,198,0.2,0,0.2,22,35990.6737367146,0.377536066235929,32,0,0.59399545622809,0,0,0,1,0,0,0.95,0.95,1,0.2,0.2,0.225,95,0.666666666666667,1
"JP","JPN","Japan",2014,36.99,0,7.2,0.769602272727273,0.278958448750364,0.787075165170195,0.5,0,1,0.1,102,2,13,0.510858,4.610718,1.13529597379108,3,74.5,0.204,0,0.20315,5,88240.3441644497,0.681897463002114,22,0.5,0.793539677738131,1,0,0,1,0,1,0.95,0,0,0.2,0.2,0.2,60,0.666666666666667,0.5
"KR","KOR","Korea",2014,24.2,0.5,10,0.921720532319392,0.547953910556565,0.737888702767901,1,0,0,0.1525,82,1,8,0.41914557,8.534901,1.27028019128341,2,80,0,1,0.35398,10,26238.6011968703,0.687992375382104,25,0,0.31024347055903,1,0,0,1,0,0,0,0,1,0.22,0.22,0.22,80,0.666666666666667,0.5
"LT","LTU","Lithuania",2014,15,0,70,0.905263157894737,0.826923076923077,0.966194331983806,1,0,1,0.28,32,1,8,0.171,0.211872,1.06401224165031,2,85,0.15,NA,0.15,21,101580,0.498502446211909,58,0.5,0.176986679780507,1,0,1,1,1,1,1,1,1,0.15,0.1,0.1,49,0.333333333333333,0.5
"LU","LUX","Luxembourg",2014,29.22,0,100,0.870869546099498,0.479318672008477,0.869865253929667,1,0,0,-0.01,19,5,6,0.45,3.048602,1.36054562300372,12,14,0,1,0.2,15,25182.6246203907,1.11024163940386,22,0.5,0.0531195278246132,1,0,0,0,1,1,1,1,0,0.15,0,0,69,0,0.5
"LV","LVA","Latvia",2014,15,0,100,0.905263157894737,0.614285714285714,0.869865253929667,0.5,0,1,0,31,1,5,0.254,0.104378,1.03892431200977,1,99,0.15,0,0.1,21,100402,0.458705563198266,94,0.5,0.355197539295172,1,1,0,1,1,1,1,1,1,0,0.05,0.05,56,0,0.5
"MX","MEX","Mexico",2014,30,0,10,0.737888702767901,0.547953910556565,0.737888702767901,1,0,1,-0.01,150,1,3,0.3165,3.999949,1.27281409277894,2,38.5,0.1,1,0.17142857,16,0,0.313908829864471,100,0.5,0.0937482506270531,1,0,0,1,1,1,0,0,1,0.1,0.4,0.4,50,1,0.5
"NL","NLD","Netherlands",2014,25,1,9,0.941064314483045,0.338474732816403,0.737888702767901,1,0,0,0.1975,22,1,7,0.81570593,1.215933,1.52272680008174,1,64,0.3,1,0.22,21,1537.1932964077,0.515894956319228,34,0.5,0.345116335641448,0,0,0,1,1,1,1,1,0,0.15,0,0,96,0,0
"NO","NOR","Norway",2014,27,0,100,0.781818181818182,0.373913043478261,0.737888702767901,0,0,1,0.235,24,1,2,0.478,1.578054,1.28325734897025,1,15,0.27,0,0.27,25,5181.61744007035,0.568554851515383,44,0.5,0.172761733530484,0,1,0,0,1,1,0.97,0.97,1,0.25,0,0,88,0.666666666666667,1
"NZ","NZL","New Zealand",2014,28,0,100,0.731914893617021,0.307142857142857,0.737888702767901,0.5,0,1,-0.015,34,1,5,0.33,1.314966,1.55172904792892,2,59,0,1,0.06944444,15,38134.0006652947,0.928515696663064,59,1,1.257788741028,1,1,1,1,1,1,1,1,0,0.3,0.15,0.15,37,0.333333333333333,0.5
"PL","POL","Poland",2014,19,0,2.5,0.737888702767901,0.338474732816403,0.869865253929667,1,0,1,0,70,1,16,0.38751185,2.416807,1.04414211778125,2,103,0.19,0,0.19,23,77747.204225308,0.429006800457947,113,0.5,0.904697928112825,1,0,0,1,0,0,1,0,1,0.19,0.2,0.2,84,0,0.5
"PT","PRT","Portugal",2014,31.5,0,8.4,0.888411247396436,0.547953910556565,0.737888702767901,0.5,0,1,0.365,63,1,6,0.61285,15.929716,1.31993238071466,1,116,0.28,1,0.28,23,14317.549643698,0.472447306951266,96,0.5,0.285453666128569,1,0,0,0,1,1,1,0,1,0.25,0.25,0.25,61,0.666666666666667,1
"SE","SWE","Sweden",2014,22,1.5,100,0.86,0.479318672008477,0.86,0,0,1,-0.01,50,1,4,0.5673,1.518355,1.23165647822514,1,36,0.3,0,0.3,25,0,0.562773587723805,36,0.5,0.370813009851234,1,1,0,1,1,1,1,1,0,0.3,0,0,79,0.666666666666667,0.5
"SI","SVN","Slovenia",2014,17,0,50,0.869865253929667,0.391406012913837,0.737888702767901,0.5,0,1,0.17,74,1,8,0.6105,5.390324,1.20150625479754,1,90,0,1,0.25,22,74142.1047824595,0.579745444575139,69,0,0.216903673049185,1,0,0,1,1,1,0.95,0.475,1,0.15,0.15,0.15,53,0,0.5
"SK","SVK","Slovak Republic",2014,22,0,4,0.873879108036537,0.652728119257913,0.869865253929667,0.5,0,1,-0.01,42,1,20,0.3505,3.972201,1.12573955485278,1,62,0.22,0,0,20,86990.532950811,0.428574651308034,103,0.5,0.197787746983662,1,1,1,0,1,1,1,0,1,0,0.19,0.19,66,0,0
"TR","TUR","Turkey",2014,20,0,5,0.864149148541634,0.431068736527055,0.69441435606903,0.5,0,1,0.05,49,1,8,0.358,4.283921,1.18095267181411,1,80,0,1,0.175,18,0,0.404300020123606,97,0.5,0.121289257273855,1,0,0,1,0,0,1,1,0,0.15,0.1,0.2,80,1,0.5
"US","USA","United States",2014,39.0755,2,20,0.93846273303009,0.34958311169213,0.632751338890881,1,0,1,0.035,87,2.4,4.6,0.486,8.305387,1.25555598066699,3.6,55,0.251,0,0.28583863,7.2,0,0.341,33,0.5,1.55801818824914,1,0,0,0,1,1,0,0,0,0.3,0.3,0.3,66,0.333333333333333,0.5
"AT","AUT","Austria",2015,25,0,75,0.813463195231154,0.391406012913837,0.737888702767901,1,0,1,0.12,46,1,8,0.5,13.879673,1.10989360304717,3,50,0.25,0,0.25,20,34987.893314216,0.583845377348007,35,0,0.0908641817378687,1,1,0,0,0,1,1,1,0,0.25,0,0.2,85,0,0.5
"AU","AUS","Australia",2015,30,0,100,0.851484971473245,0.479318672008477,0.547953910556565,0.5,0,1,0.1425,37,1,6,0.465,2.266751,1.40290200146597,4,18,0.245,0,0.27121,10,48730.6403375008,0.494887726085523,50,1,0.912845158231682,1,1,0,1,1,1,1,1,0,0.3,0.1,0.3,44,0.333333333333333,0.5
"BE","BEL","Belgium",2015,33.99,0,100,0.875897349190039,0.622404878792567,1.00486525392967,1,1,0,0.155,20,1,8,0.5839317,1.592011,1.19708611941441,2,40,0,1,0.25,21,6319.04976005039,0.47493229774738,75,0.5,0.540638512553565,1,0,0,1,1,0,0.95,0.987878788,0,0.25,0.25,0.25,91,0,0.5
"CA","CAN","Canada",2015,26.7,3,20,0.965116279069767,0.242105263157895,0.518965517241379,0.5,0,1,0.2125,45,1,4,0.495296,4.414843,1.1891720068578,3,36,0.226,0,0.338214,10.6,23453.725818895,0.469621537063427,50,0.5,1.54249802071074,1,1,0,0,0,1,1,0.5,1,0.25,0.25,0.25,93,0.333333333333333,0.5
"CH","CHE","Switzerland",2015,21.148581,0,7,0.86,0.554838709677419,0.905263157894737,1,0,1,-0.01,15,2,10,0.41752888,3.461304,1.33246998314131,7,40,0,1,0.21135,8,63826.8268100133,0.707837566603461,8,0.5,0.0680308462331207,0,0,0,0,0,0,1,1,0,0.35,0.35,0,90,0,0.5
"CL","CHL","Chile",2015,22.5,100,100,0.632611659769417,0.338474732816403,0,0.5,0,1,0.31,42,1,5,0.4,10.379357,1.16167995248495,1,124.5,0.2,0,0.22580645,19,0,0.637910442501669,124.5,0.5,0.405256773907673,1,0,1,0,1,1,0,0,1,0.35,0.35,0.3,25,0,0.5
"CZ","CZE","Czech Republic",2015,19,0,5,0.873879108036537,0.543222830616488,0.841318847888109,0.5,0,1,0.18,53,1,5,0.11,3e-06,1.133819821388,2,75,0.15,1,0.15,21,67707.9535587165,0.567982087694536,102,0.5,0.0961258181023182,1,0,0,1,1,1,1,1,1,0.15,0.15,0.15,83,0,0.5
"DE","DEU","Germany",2015,29.780475,1,60,0.737888702767901,0.391406012913837,0.869865253929667,1,0,1,-0.02,41,2,6,0.47475,5.655649,1.10442828089418,1,134,0.26375,0,0.26375,19,21297.5222109729,0.544024728166151,43,0.5,0.193685682312098,1,0,0,1,1,1,0.95,0.95,0,0.26375,0,0.15825,94,0.333333333333333,1
"DK","DNK","Denmark",2015,23.5,0,60,0.826923076923077,0.479318672008477,0.81340644290143,0,0,1,-0.01,27,3,6,0.55564,1.227747,1.29006643084604,1,65,0.42,0,0.42,25,5879.07638734969,0.569043391126965,40,0.5,0.672812155248925,1,0,0,1,1,1,1,1,1,0.27,0.25,0.25,73,0.666666666666667,0.5
"EE","EST","Estonia",2015,20,100,100,1,1,1,1,1,1,0,20,1,7,0.1712,0.142892,1.05257052948518,0,34,0.2,0,0,20,25581.7765656457,0.66305152424901,27,1,0.145351462899772,1,1,1,1,1,1,1,0,1,0,0,0.1,55,0.666666666666667,0
"ES","ESP","Spain",2015,28,0,50,0.695001856615886,0.291385530174685,0.278958448750364,0.5,0,0,0.31,33,1,7,0.52,11.66034,1.11417059133755,1,90,0.24,0,0.235,21,0,0.38748565011524,44,0,0.475499759339168,0,0,0,1,0,1,1,1,1,0.195,0.195,0.195,87,0.333333333333333,1
"FI","FIN","Finland",2015,20,0,10,0.826923076923077,0.518965517241379,0.737888702767901,0,0,1,0.2,21,1,4,0.57211391,2.530586,1.26763835062432,3,48,0.33,0,0.2805,24,8589.47283647476,0.551506657323055,24,0.5,0.284295295819871,1,0,0,1,1,0,1,1,1,0.2,0,0.2,75,0.666666666666667,1
"FR","FRA","France",2015,37.9962,1,50,0.880275603755891,0.547953910556565,0.869865253929667,0.5,0,0,0.425,26,1,6,0.55011,15.054145,1.20556750316793,2,80,0.344,0,0.44001,20,93551.0876400815,0.483017640749106,31,0.5,1.20554793024136,0,0,0,0,0,0,0.95,0.88,1,0.3,0,0.3333,122,0.666666666666667,1
"GB","GBR","United Kingdom",2015,20,1,100,0.758823529411765,0,0.826923076923077,0,0,0,0.185,32,1,6,0.47,4.271088,1.38756816269463,1,48,0.28,0,0.3055625,20,102850.559900547,0.427416902020421,25,0.5,1.7770177137721,1,0,0,0,1,0,1,1,0,0,0.2,0.2,123,0.666666666666667,0
"GR","GRC","Greece",2015,29,0,5,0.737888702767901,0.479318672008477,0.737888702767901,0.5,0,1,0.08,78,1,6,0.4537,5.272871,1.19559693227704,1,46,0.15,0,0.1,23,6677.54959454146,0.359776147489019,69,0,0.619133844415122,1,0,0,1,0,1,1,0,1,0.1,0.15,0.2,57,0.333333333333333,1
"HU","HUN","Hungary",2015,19,0,2.5,0.816200383417959,0.278958448750364,0.737888702767901,0.5,0,0,0.285,35,2,7,0.345,0,1,2,146,0.16,0,0.16,27,42328.198651231,0.522674408338248,96,0,0.29737093902133,1,0,0,0,1,1,1,1,0,0,0,0,75,0.666666666666667,0.5
"IE","IRL","Ireland",2015,12.5,1,100,0.787075165170195,0.479318672008477,0.646263719038607,0,0,1,0.245,10,1,7,0.52,0.756265,1.46134403564978,1,40,0.33,0,0.51,23,78844.2561518391,0.446732914217138,29,0.5,0.495058821022503,1,0,0,1,1,0,0,1,1,0.2,0.2,0.2,68,0,0
"IL","ISR","Israel",2015,26.5,0,100,0.869865253929667,0.547953910556565,0.787075165170195,0.5,0,1,0,110,2,14,0.5,6.0228,1.76965090948087,12,60,0.27,1,0.32,18,18611.874917961,0.643168703186387,69,0.5,1.25573061224489,1,1,0,1,1,1,0,0,1,0.3,0.265,0.265,53,0.666666666666667,0
"IS","ISL","Iceland",2015,20,0,10,0.86,0.477777777777778,0.812269350072009,0,0,1,0.24,40,1,7,0.443904,1.366742,1.27330859262124,13,60,0.2,0,0.2,24,7006.49705254991,0.449371523596307,40,0,0.741954559727958,1,0,1,0,1,1,1,1,0,0.18,0.1,0.2,39,0.666666666666667,0
"IT","ITA","Italy",2015,31.29275,0,80,0.760252585046526,0.462657542127945,0.965116279069767,1,1,0,-0.02,39,2,10,0.478431,9.885683,1.2046218896522,1,198,0.26,0,0.26,22,35990.6737367146,0.371966228788423,32,0,0.518008861050861,0,0,0,1,0,0,0.95,0.95,1,0.26,0.26,0.225,95,0.666666666666667,1
"JP","JPN","Japan",2015,32.11,0,7.2,0.769602272727273,0.278958448750364,0.787075165170195,0.5,0,1,0.1,102,3,13,0.510858,4.486476,1.1482407507713,3,74.5,0.204,0,0.20315,8,88240.3441644497,0.694471493946579,22,0.5,0.794581820693061,1,0,0,1,0,1,0.95,0,0,0.2042,0.2042,0.2042,62,0.666666666666667,0.5
"KR","KOR","Korea",2015,24.2,0.5,10,0.921720532319392,0.547953910556565,0.737888702767901,1,0,0,0.145,82,1,8,0.43199462,4.267112,1.23195329247691,2,80,0,1,0.35398,10,26238.6011968703,0.669242863881629,25,0,0.317488445900508,1,0,0,1,0,0,0,0,1,0.22,0.22,0.22,83,0.666666666666667,0.5
"LT","LTU","Lithuania",2015,15,0,70,0.905263157894737,0.826923076923077,0.966194331983806,1,0,1,0.28,28,1,8,0.09,0.243957,1.08037371183869,2,85,0.15,1,0.15,21,100897,0.495247563296456,58,0.5,0.172497889252244,1,0,1,1,1,1,1,1,1,0.15,0.1,0.1,50,0.333333333333333,0.5
"LU","LUX","Luxembourg",2015,29.22,0,100,0.870869546099498,0.479318672008477,0.869865253929667,1,0,0,-0.01,19,5,6,0.45,2.982644,1.34880284591451,12,14,0,1,0.2,17,25182.6246203907,1.16594129773046,22,0.5,0.0496705853248441,1,0,0,0,1,1,1,1,0,0.15,0,0,74,0,0.5
"LV","LVA","Latvia",2015,15,0,100,0.905263157894737,0.614285714285714,0.869865253929667,0.5,0,1,0.28,28,1,5,0.1938,0.113023,1.04331863760545,1,99,0.15,0,0.1,21,100604,0.491648758644068,66,0.5,0.351988669261544,1,1,0,1,1,1,1,1,1,0,0,0,57,0,0.5
"MX","MEX","Mexico",2015,30,0,10,0.737888702767901,0.547953910556565,0.737888702767901,1,0,1,-0.01,150,1,3,0.35,29.08548,1.25222516647591,2,38.5,0.1,1,0.17142857,16,0,0.284151078536842,100,0.5,0.0912366602933752,1,0,0,1,1,1,0,0,1,0.1,0.4,0.4,54,1,0.5
"NL","NLD","Netherlands",2015,25,1,9,0.813463195231154,0.338474732816403,0.737888702767901,1,0,0,0.195,22,1,7,0.70962076,1.2394,1.53065191905159,1,64,0.3,1,0.25,21,1537.1932964077,0.471629156117989,34,0.5,0.395929303094571,0,0,0,1,1,1,1,1,0,0.15,0,0,96,0,0
"NO","NOR","Norway",2015,27,0,100,0.781818181818182,0.373913043478261,0.737888702767901,0,0,1,0.2325,24,1,2,0.472,1.593848,1.28382087786685,1,15,0.27,0,0.27,25,5181.61744007035,0.568934662633885,44,0.5,0.177702031973477,0,1,0,0,1,1,0.97,0.97,1,0.25,0,0,88,0.666666666666667,1
"NZ","NZL","New Zealand",2015,28,0,100,0.731914893617021,0.307142857142857,0.737888702767901,0.5,0,1,-0.015,34,1,5,0.33,1.27894,1.52863068710885,2,59,0,1,0.06944444,15,38134.0006652947,0.933812450268339,59,1,1.27893413997417,1,1,1,1,1,1,1,1,0,0.3,0.15,0.15,39,0.333333333333333,0.5
"PL","POL","Poland",2015,19,0,2.5,0.737888702767901,0.338474732816403,0.869865253929667,1,0,1,0,70,1,16,0.38751185,2.261463,1.04118809904881,2,103,0.19,0,0.19,23,77747.204225308,0.424784026135982,113,0.5,0.947056491095155,1,0,0,0,0,0,1,0,1,0.19,0.2,0.2,84,0.666666666666667,1
"PT","PRT","Portugal",2015,29.5,0,8.4,0.888411247396436,0.547953910556565,0.737888702767901,0.5,0,1,0.36,63,1,6,0.61285,16.224802,1.32780148973084,1,116,0.28,1,0.28,23,14317.549643698,0.458747463006593,96,0.5,0.34209536262211,1,0,0,0,1,1,1,1,1,0.25,0.25,0.25,63,0.666666666666667,1
"SE","SWE","Sweden",2015,22,1.5,100,0.86,0.479318672008477,0.86,0,0,1,0.05,50,1,4,0.5686,1.508153,1.24159996210409,1,36,0.3,0,0.3,25,0,0.559744877330602,36,0.5,0.399377429665318,1,1,0,1,1,1,1,1,0,0.3,0,0,80,0.666666666666667,0.5
"SI","SVN","Slovenia",2015,17,0,50,0.869865253929667,0.391406012913837,0.737888702767901,0.5,0,1,0.17,74,1,8,0.6105,5.307771,1.19780804585969,1,90,0,1,0.25,22,74142.1047824595,0.601906459423934,69,0,0.230307848626956,1,0,0,0,1,1,0.95,0.475,1,0.15,0.15,0.15,57,0,0.5
"SK","SVK","Slovak Republic",2015,22,0,4,0.873879108036537,0.652728119257913,0.869865253929667,0.5,0,1,-0.01,42,1,20,0.3505,3.880309,1.12247559781109,1,62,0.22,0,0,20,86990.532950811,0.462482426412319,103,0.5,0.201914680009992,1,1,1,0,1,1,1,0,1,0,0.19,0.19,66,0,1
"TR","TUR","Turkey",2015,20,0,5,0.864149148541634,0.431068736527055,0.69441435606903,0.5,0,1,0.055,49,1,8,0.358,3.998254,1.16689114988297,1,80,0,1,0.175,18,0,0.438792781932007,97,0.5,0.117266966061887,1,0,0,1,0,0,1,1,0,0.15,0.1,0.2,80,1,0.5
"US","USA","United States",2015,38.9975,2,20,0.93846273303009,0.34958311169213,0.632751338890881,1,0,1,0.035,87,2.4,4.6,0.486,8.220619,1.24980377805961,3.6,55,0.251,0,0.28535406,7.3,0,0.354,33,0.5,1.5559681390471,1,0,0,0,1,1,0,0,0,0.3,0.3,0.3,66,0.333333333333333,0.5
"AT","AUT","Austria",2016,25,0,75,0.813463195231154,0.391406012913837,0.737888702767901,1,0,1,0.12,46,1,8,0.5,13.539476,1.10522284256619,3,50,0.275,0,0.275,20,36585.3658536585,0.581548019729405,35,0,0.0902351282131577,1,1,0,0,1,1,1,1,0,0.275,0,0.2,86,0,0.5
"AU","AUS","Australia",2016,30,0,100,0.851484971473245,0.479318672008477,0.547953910556565,0.5,0,1,0.1425,37,1,6,0.49,2.229938,1.42302741528584,4,18,0.245,0,0.27121,10,50335.5704697987,0.484352186885038,50,1,0.919434914575111,1,1,0,1,1,1,1,1,0,0.3,0.1,0.3,44,0.333333333333333,0.5
"BE","BEL","Belgium",2016,33.99,0,100,0.875897349190039,0.622404878792567,1.00486525392967,1,1,0,0.155,21,1,8,0.58435331,1.025977,1.20327362914529,2,40,0,1,0.27,21,30487.8048780488,0.473521713334396,75,0.5,0.55028201462451,1,0,0,1,1,0,0.95,0.987878788,0,0.27,0.27,0.27,93,0,0.5
"CA","CAN","Canada",2016,26.7,3,20,0.965116279069767,0.242105263157895,0.518965517241379,0.5,0,1,0.2125,45,1,4,0.495296,4.367895,1.19048091581601,3,36,0.2475,0,0.39343524,10.6,24000,0.474896538948074,50,0.5,1.50744668061051,1,1,0,0,0,1,1,0.5,1,0.25,0.25,0.25,93,0.333333333333333,0.5
"CH","CHE","Switzerland",2016,21.148581,0,7,0.86,0.554838709677419,0.905263157894737,1,0,1,-0.01,15,2,10,0.4173622,3.473149,1.33365663941436,7,40,0,1,0.21135,8,78125,0.698455383839677,8,0.5,0.0666535066378089,0,0,0,0,0,0,1,1,0,0.35,0.35,0,91,0,0.5
"CL","CHL","Chile",2016,24,100,100,0.632611659769417,0.338474732816403,0,0.5,0,1,0.305,42,1,5,0.4,10.035255,1.15535996811267,1,124.5,0.4,0,0.21052632,19,0,0.635162131021544,124.5,0.5,0.380005219783479,1,0,1,0,1,1,0,0,1,0.35,0.35,0.3,25,0.666666666666667,0.5
"CZ","CZE","Czech Republic",2016,19,0,5,0.873879108036537,0.543222830616488,0.841318847888109,0.5,0,1,0.18,53,1,5,0.11,3e-06,1.12910535346641,2,75,0.15,1,0.15,21,75872.5341426404,0.584388568795991,94,0.5,0.0940996626181899,1,0,0,1,1,1,1,1,1,0.15,0.15,0.15,86,0,0.5
"DE","DEU","Germany",2016,29.818844,1,60,0.737888702767901,0.391406012913837,0.869865253929667,1,0,1,-0.02,41,2,6,0.47475,5.529533,1.10371951593734,1,134,0.26375,0,0.26375,19,22151.8987341772,0.547669406184961,43,0.5,0.194152757204606,1,0,0,1,1,1,0.95,0.95,0,0.26375,0,0.15825,94,0.333333333333333,1
"DK","DNK","Denmark",2016,22,0,60,0.826923076923077,0.479318672008477,0.81340644290143,0,0,1,-0.01,27,3,6,0.55794,1.236698,1.28937322967111,1,65,0.42,0,0.42,25,6666.66666666667,0.574223848972526,40,0.5,0.687020917130779,1,0,0,1,1,1,1,1,1,0.27,0.25,0.25,73,0.666666666666667,0.5
"EE","EST","Estonia",2016,20,100,100,1,1,1,1,1,1,0,20,1,7,0.2032,0.143966,1.05199374174167,0,34,0.2,0,0,20,28571.4285714286,0.697810319567046,27,1,0.143594615144962,1,1,1,1,1,1,1,0,1,0,0,0.1,56,0.666666666666667,0
"ES","ESP","Spain",2016,25,0,60,0.778563038959402,0.391406012913837,0.278958448750364,0.5,0,0,0.305,33,1,7,0.45,2.445619,1.12650205184082,1,90,0.23,0,0.23,21,0,0.406427261455261,35,0,0.50456268194178,0,0,0,1,0,1,1,1,1,0.19,0.19,0.19,92,0.333333333333333,1
"FI","FIN","Finland",2016,20,0,10,0.826923076923077,0.518965517241379,0.737888702767901,0,0,1,-0.005,21,1,4,0.57467517,2.255193,1.26995483889619,3,48,0.34,0,0.289,24,10752.688172043,0.542992338271503,24,0.5,0.313186134705762,1,0,1,1,1,0,1,1,1,0.2,0,0.2,75,0.666666666666667,1
"FR","FRA","France",2016,34.43,1,50,0.880275603755891,0.547953910556565,0.869865253929667,0.5,0,0,0.425,26,1,6,0.550365,16.14954,1.22186173547076,2,80,0.3444675,0,0.44001,20,100243.902439024,0.481709458465818,31,0.5,1.20853350555733,0,0,0,0,0,0,0.95,0.88,1,0.3,0,0.3333,122,0.666666666666667,1
"GB","GBR","United Kingdom",2016,20,1,100,0.758823529411765,0,0.826923076923077,0,0,0,0.195,32,1,6,0.47,4.169222,1.39166394595796,1,48,0.28,0,0.381,20,118840.579710145,0.43384941239917,25,0.5,1.79540375225832,1,0,0,0,1,0,1,1,0,0,0.2,0.2,124,0.666666666666667,0
"GR","GRC","Greece",2016,29,0,5,0.737888702767901,0.479318672008477,0.737888702767901,0.5,0,1,0.095,78,1,6,0.4937,24.577888,1.30586374484979,1,46,0.15,0,0.1,23,16393.4426229508,0.369899975249352,69,0,0.832618422831892,1,0,0,1,0,1,1,0,1,0.1,0.15,0.2,57,0.333333333333333,1
"HU","HUN","Hungary",2016,19,0,2.5,0.816200383417959,0.278958448750364,0.737888702767901,0.5,0,0,0.285,35,2,7,0.345,0,1,2,146,0.15,0,0.15,27,44822.9493500672,0.560282618365676,96,0,0.291105101668525,1,0,0,0,1,1,1,1,0,0,0,0,77,0.666666666666667,0.5
"IE","IRL","Ireland",2016,12.5,1,100,0.787075165170195,0.479318672008477,0.646263719038607,0,0,0,0.26,12,1,7,0.52,1.601654,1.47871495293522,1,40,0.33,0,0.51,23,88339.222614841,0.484342527005503,29,0.5,0.528092105892006,1,0,0,1,1,0,0,1,1,0.2,0.2,0.2,70,0,0
"IL","ISR","Israel",2016,25,0,100,0.869865253929667,0.547953910556565,0.787075165170195,0.5,0,1,0,110,2,14,0.5,5.80213,1.72543938397561,12,60,0.27,1,0.32,17,25517.0103092784,0.627506880135321,69,0.5,1.24663554593622,1,1,0,1,1,1,0,0,1,0.3,0.25,0.25,53,0.666666666666667,0
"IS","ISL","Iceland",2016,20,0,10,0.86,0.477777777777778,0.812269350072009,0.5,0,1,0.24,40,1,7,0.443904,1.363465,1.25949960217418,13,60,0.2,0,0.2,24,7032.3488045007,0.455489850125124,40,0,0.788643904626296,1,0,1,0,1,1,1,1,0,0.18,0.1,0.2,39,0.666666666666667,0
"IT","ITA","Italy",2016,31.29275,0,80,0.760252585046526,0.462657542127945,0.965116279069767,1,1,0,0.04,39,2,11,0.488131,9.819967,1.21194454567725,1,198,0.26,0,0.26,22,40000,0.36700953480722,32,0,0.633295911575322,0,0,0,1,0,0,0.95,0.95,1,0.26,0.26,0.225,96,0.666666666666667,1
"JP","JPN","Japan",2016,29.97,0,7.2,0.769602272727273,0.278958448750364,0.787075165170195,0.5,0,1,0.06,87,3,13,0.56165275,8.739852,1.14198214852227,3,72.5,0.204,0,0.2032,8,94939.7132820659,0.687590467820163,22,0.5,0.791308202553824,1,0,0,1,0,1,0.95,0,0,0.2042,0.2042,0.2042,62,0.666666666666667,0.5
"KR","KOR","Korea",2016,24.2,0.5,8,0.921720532319392,0.547953910556565,0.737888702767901,1,0,0,0.135,83,2,8,0.43224367,4.1235,1.2473294809564,2,80,0,1,0.35398,10,26928.4712482468,0.692071068967643,25,0,0.331821061965573,1,0,0,1,0,0,0,0,1,0.22,0.22,0.22,85,0.666666666666667,0.5
"LT","LTU","Lithuania",2016,15,0,70,0.905263157894737,0.826923076923077,0.966194331983806,1,0,1,0.28,28,1,8,0.24,0.231005,1.0581364450969,2,85,0.15,NA,0.15,21,100671,0.504643678661337,58,0.5,0.186860630794976,1,0,1,1,1,1,1,1,1,0.15,0.1,0.1,53,0.333333333333333,0.5
"LU","LUX","Luxembourg",2016,29.22,0,100,0.870869546099498,0.479318672008477,0.869865253929667,1,0,0,-0.01,19,5,6,0.455,2.932785,1.34592219602226,12,14,0,1,0.2,17,27777.7777777778,1.2474565313124,22,0.5,0.0498346607700116,1,0,0,0,1,1,1,1,0,0.15,0,0,74,0,0.5
"LV","LVA","Latvia",2016,15,0,100,0.905263157894737,0.614285714285714,0.869865253929667,0.5,0,1,0.28,28,1,5,0.1901,0.104819,1.03894267570866,1,99,0.15,0,0.1,21,98619.3293885602,0.506100728664033,66,0.5,0.379566182821181,1,1,0,1,1,1,1,1,1,0,0,0,58,0,0.5
"MX","MEX","Mexico",2016,30,0,10,0.737888702767901,0.547953910556565,0.737888702767901,1,0,1,-0.01,102,1,3,0.35,27.92276,1.25567288631974,2,38.5,0.1,1,0.17142857,16,0,0.321338552498364,100,0.5,0.104179671992148,1,0,0,1,1,1,0,0,1,0.1,0.4,0.4,55,1,0.5
"NL","NLD","Netherlands",2016,25,1,9,0.813463195231154,0.338474732816403,0.737888702767901,1,0,0,0.195,22,1,7,0.52732637,1.221825,1.32193547256796,1,64,0.3,1,0.25,21,1620.48192771084,0.468596681969462,34,0.5,0.492742056687792,0,0,0,1,1,1,1,1,0,0.15,0,0,96,0,0
"NO","NOR","Norway",2016,25,0,100,0.781818181818182,0.373913043478261,0.737888702767901,0,0,1,0.2325,24,1,2,0.472,1.59089,1.287681318433,1,15,0.288,0,0.2875,25,5102.04081632653,0.561574851213185,44,0.5,0.176143327409301,0,1,0,0,1,1,0.97,0.97,1,0.25,0,0,87,0.666666666666667,1
"NZ","NZL","New Zealand",2016,28,0,100,0.731914893617021,0.307142857142857,0.737888702767901,0.5,0,1,-0.02,34,1,5,0.33,1.247558,1.50905347658731,2,59,0,1,0.06944444,15,40816.3265306122,0.949343370156744,59,1,1.27849669761265,1,1,1,1,1,1,1,1,0,0.3,0.15,0.15,39,0.333333333333333,0.5
"PL","POL","Poland",2016,19,0,2.5,0.737888702767901,0.338474732816403,0.869865253929667,1,0,1,0,70,1,4,0.38751185,2.181915,1.03968166817908,2,103,0.19,0,0.19,23,83333.3333333333,0.436203895691829,96,0.5,0.951528601914226,1,0,0,0,0,0,1,0,1,0.19,0.2,0.2,84,0.666666666666667,1
"PT","PRT","Portugal",2016,29.5,0,8.4,0.888411247396436,0.547953910556565,0.737888702767901,0.5,0,1,0.35,63,1,6,0.61285,16.172343,1.2981902575329,1,116,0.28,1,0.28,23,16949.1525423729,0.48511254225391,96,0.5,0.371387850425584,1,0,0,0,1,1,1,1,1,0.25,0.25,0.25,64,0.666666666666667,1
"SE","SWE","Sweden",2016,22,1.5,100,0.86,0.479318672008477,0.86,0,0,1,0.05,50,1,4,0.5699,1.519275,1.24123188281099,1,36,0.3,0,0.3,25,0,0.56680624436407,36,0.5,0.389179260932396,1,1,0,1,1,1,1,1,0,0.3,0,0,81,0.666666666666667,0.5
"SI","SVN","Slovenia",2016,17,0,50,0.869865253929667,0.391406012913837,0.737888702767901,0.5,0,1,0.17,74,1,8,0.6105,5.265523,1.19592515487121,1,90,0,1,0.25,22,83333.3333333333,0.590631982468831,69,0,0.223290125270195,1,0,0,0,1,1,0.95,0.475,1,0.15,0.15,0.15,57,0,0.5
"SK","SVK","Slovak Republic",2016,22,0,4,0.873879108036537,0.547953910556565,0.869865253929667,0.5,0,1,0.095,42,1,9,0.3505,3.793434,1.11940701502723,1,62,0,0,0,20,99580,0.485318044537937,84,0.5,0.203135717918328,1,1,1,0,1,1,1,0,1,0,0.19,0.19,66,0,1
"TR","TUR","Turkey",2016,20,0,5,0.864149148541634,0.431068736527055,0.69441435606903,0.5,1,0,0.055,49,1,8,0.358,3.862626,1.16086644357649,1,80,0,1,0.175,18,0,0.398955325784995,97,0.5,0.130026059989631,1,0,0,1,0,0,1,1,0,0.15,0.1,0.2,81,1,0.5
"US","USA","United States",2016,38.923934,2,20,0.93846273303009,0.34958311169213,0.632751338890881,1,0,1,0.035,87,2.4,4.6,0.486,8.20792,1.25748823286665,3.6,55,0.251,0,0.2851581,7.3,0,0.358,33,0.5,1.5510111108497,1,0,0,0,1,1,0,0,0,0.3,0.3,0.3,66,0.333333333333333,0.5
"AT","AUT","Austria",2017,25,0,75,0.813463195231154,0.338474732816403,0.737888702767901,1,0,1,0.15,46,1,8,0.55,24.310926,1.13251138577789,3,50,0.275,0,0.275,20,36585.3658536585,0.58895997712564,35,0,0.0900118992586461,1,1,0,0,1,1,1,1,0,0.275,0,0.2,86,0,0.5
"AU","AUS","Australia",2017,30,0,100,0.851484971473245,0.479318672008477,0.547953910556565,0.5,0,1,0.1525,37,1,6,0.49,2.194088,1.4134143528398,4,18,0.245,0,0.2428,10,50335.5704697987,0.495545496897089,50,1,0.942644344499768,1,1,0,1,1,1,1,1,0,0.3,0.1,0.3,44,0.333333333333333,0.5
"BE","BEL","Belgium",2017,33.99,0,100,0.875897349190039,0.622404878792567,1.00486525392967,1,1,0,0.155,21,1,8,0.60533822,1.046325,1.22915827485894,2,40,0,1,0.3,21,30487.8048780488,0.468344652876705,75,0.5,0.550312893886719,1,0,0,1,1,0,0.95,0.987878788,0,0.3,0.3,0.3,93,0,0.5
"CA","CAN","Canada",2017,26.65,3,20,0.965116279069767,0.242105263157895,0.518965517241379,0.5,0,1,0.2125,45,1,4,0.535296,4.328839,1.16753592251421,3,36,0.2675,0,0.39343524,12.4,24000,0.475086511535308,50,0.5,1.47761532802092,1,1,0,0,0,1,1,0.5,1,0.25,0.25,0.25,93,0.333333333333333,0.5
"CH","CHE","Switzerland",2017,21.148581,0,7,0.86,0.554838709677419,0.905263157894737,1,0,1,-0.01,15,2,10,0.41729972,3.371824,1.36170721338098,7,40,0,1,0.21135,8,78125,0.687045780392545,8,0.5,0.0731315037492963,0,0,0,0,0,0,1,1,0,0.35,0.35,0,92,0,0.5
"CL","CHL","Chile",2017,25,0,100,0.632611659769417,0.338474732816403,0,0.5,0,1,0.305,42,1,5,0.4,9.754696,1.15013270338827,1,124.5,0.35,0,0.13333333,19,0,0.642550959621906,124.5,0.5,0.382646531596812,1,0,1,0,1,1,0,0,1,0.35,0.35,0.3,26,0.666666666666667,0.5
"CZ","CZE","Czech Republic",2017,19,0,5,0.873879108036537,0.543222830616488,0.841318847888109,0.5,0,1,0.18,53,1,5,0.11,3e-06,1.12300416441405,2,75,0.15,1,0.15,21,75872.5341426404,0.587342193235465,94,0.5,0.0948521266311681,1,0,0,1,1,1,1,1,1,0.15,0.15,0.15,88,0,0.5
"DE","DEU","Germany",2017,29.889263,1,60,0.737888702767901,0.391406012913837,0.869865253929667,1,0,1,-0.02,41,2,6,0.47475,5.481573,1.10177847768563,1,134,0.26375,0,0.26375,19,22151.8987341772,0.555961693374702,43,0.5,0.19748306696887,1,0,0,1,1,1,0.95,0.95,0,0.26375,0,0.15825,95,0.333333333333333,1
"DK","DNK","Denmark",2017,22,0,60,0.826923076923077,0.479318672008477,0.81340644290143,0,0,1,-0.01,27,3,6,0.55794,1.249225,1.29210745273779,1,65,0.42,0,0.42,25,6666.66666666667,0.573526842925167,40,0.5,0.697950016354121,1,0,0,1,1,1,1,1,1,0.27,0.22,0.22,73,0.666666666666667,0.5
"EE","EST","Estonia",2017,20,100,100,1,1,1,1,1,1,0,5,1,7,0.016,0.147724,1.05342664790177,0,31,0.2,0,0,20,28571.4285714286,0.729103999536852,20,1,0.134874821641954,1,1,1,1,1,1,1,1,1,0,0,0.1,56,0.666666666666667,0
"ES","ESP","Spain",2017,25,0,70,0.778563038959402,0.391406012913837,0.737888702767901,0.5,0,0,0.295,33,1,6,0.45,2.449093,1.12658341600752,1,84,0.23,0,0.23,21,0,0.425498168627791,35,0,0.509848538724992,0,0,0,1,0,1,1,1,1,0.19,0.19,0.19,92,0.333333333333333,1
"FI","FIN","Finland",2017,20,0,10,0.826923076923077,0.518965517241379,0.737888702767901,0,0,1,-0.005,21,1,4,0.58943686,1.803856,1.27354071903888,3,48,0.34,0,0.289,24,10752.688172043,0.533878523080525,24,0.5,0.330897261588108,1,0,0,1,1,0,1,1,1,0.2,0,0.2,75,0.666666666666667,1
"FR","FRA","France",2017,44.42889,1,50,0.880275603755891,0.547953910556565,0.869865253929667,0.5,0,0,0.405,28,1,6,0.55062,16.024694,1.21435495680606,2,80,0.3444675,0,0.44001,20,100243.902439024,0.485072744899431,31,0.5,1.2380706797117,0,0,0,0,0,0,0.95,0.88,1,0.3,0,0.3333,122,0.666666666666667,1
"GB","GBR","United Kingdom",2017,19,1,50,0.758823529411765,0,0.826923076923077,0,0,0,0.195,32,1,6,0.47,4.042911,1.38504927016457,1,48,0.2,0,0.381,20,118840.579710145,0.441162837936398,25,0.5,1.80908592806225,1,0,0,0,1,0,1,1,0,0,0.2,0.2,126,0.666666666666667,1
"GR","GRC","Greece",2017,29,0,5,0.737888702767901,0.479318672008477,0.737888702767901,0.5,0,1,0.095,78,1,6,0.54325,11.218841,1.25239458228101,1,46,0.15,0,0.15,24,16393.4426229508,0.383647353956222,69,0,0.949335190735103,1,0,0,1,0,1,1,0,1,0.15,0.15,0.2,57,0.333333333333333,1
"HU","HUN","Hungary",2017,9,0,2.5,0.816200383417959,0.278958448750364,0.737888702767901,0.5,0,0,0.285,35,2,7,0.335,0,1,2,146,0.15,0,0.15,27,44822.9493500672,0.596712802594611,96,0,0.295307871044614,1,0,0,0,1,1,1,1,0,0,0,0,80,0.666666666666667,0.5
"IE","IRL","Ireland",2017,12.5,1,100,0.787075165170195,0.479318672008477,0.646263719038607,0,0,0,0.26,12,1,7,0.52,1.566533,1.47842181932419,1,40,0.33,0,0.51,23,88339.222614841,0.484759438197319,29,0.5,0.486701225789942,1,0,0,1,1,0,0,1,1,0.2,0.2,0.2,72,0,0
"IL","ISR","Israel",2017,24,0,100,0.869865253929667,0.547953910556565,0.787075165170195,0.5,0,0,0,110,2,14,0.5,5.59539,1.71909144696196,12,60,0.27,1,0.27,17,25517.0103092784,0.624583395914838,69,0.5,1.26240980636888,1,1,0,1,1,1,0,0,1,0.3,0.24,0.24,54,0.666666666666667,0
"IS","ISL","Iceland",2017,20,0,10,0.86,0.477777777777778,0.812269350072009,0.5,0,1,0.24,40,1,7,0.44399998,1.261743,1.28714798664075,13,60,0.2,0,0.2,24,7032.3488045007,0.524289597466797,40,0,0.82811386811624,1,0,1,0,1,1,1,1,0,0.18,0.1,0.2,41,0.666666666666667,1
"IT","ITA","Italy",2017,27.8064,0,80,0.760252585046526,0.462657542127945,0.965116279069767,1,1,0,0.04,39,2,11,0.488131,9.797844,1.21202533087431,1,169,0.26,0,0.26,22,40000,0.377371504948421,32,0,0.643971735662305,0,0,0,1,0,0,0.95,0.95,1,0.26,0.26,0.225,97,0.666666666666667,1
"JP","JPN","Japan",2017,29.97,0,4.95,0.769602272727273,0.278958448750364,0.787075165170195,0.5,0,1,0.0625,38,3,13,0.56121221,8.632352,1.13836205021925,3,70.5,0.204,0,0.2032,8,94939.7132820659,0.728203213265697,20,0.5,0.780382650764785,1,0,0,1,0,1,0.95,0,0,0.2042,0.2042,0.2042,63,0.666666666666667,0.5
"KR","KOR","Korea",2017,24.2,0.5,8,0.921720532319392,0.547953910556565,0.737888702767901,1,0,0,0.135,83,2,8,0.43239866,3.966328,1.26094950387518,2,80,0,1,0.3784,10,26928.4712482468,0.636067104540328,25,0,0.341749068360414,1,0,0,1,0,0,0,0,1,0.22,0.22,0.22,91,0.666666666666667,0.5
"LT","LTU","Lithuania",2017,15,0,70,0.905263157894737,0.826923076923077,0.966194331983806,1,0,1,0.28,28,1,8,0.24,0.256148,1.0708081936756,2,85,0.15,NA,0.15,21,100223,0.509204814364489,58,0.5,0.209686042458304,1,0,1,1,1,1,1,1,1,0.15,0.1,0.1,53,0.333333333333333,0.5
"LU","LUX","Luxembourg",2017,27.08,0,17,0.870869546099498,0.479318672008477,0.869865253929667,1,0,1,-0.01,19,5,6,0.455,2.902134,1.34225274673982,12,14,0,1,0.21,17,27777.7777777778,0.955762392001671,22,0.5,0.0483522923829296,1,0,0,0,1,1,1,1,0,0.15,0,0,79,0,0.5
"LV","LVA","Latvia",2017,15,0,75,0.905263157894737,0.614285714285714,0.869865253929667,0.5,0,1,0.28,22.5,1,5,0.14985,0.13215,1.04992031090707,1,80,0.15,0,0.1,21,98619.3293885602,0.520651810028962,66,0.5,0.379513563275897,1,1,0,1,1,1,1,1,1,0,0,0,59,0,0.5
"MX","MEX","Mexico",2017,30,0,10,0.737888702767901,0.547953910556565,0.737888702767901,1,0,1,-0.01,102,1,3,0.35,26.87409,1.23746732246364,2,38.5,0.1,1,0.17142857,16,0,0.321940337203395,100,0.5,0.0942690265477634,1,0,0,1,1,1,0,0,1,0.1,0.4,0.4,55,1,0.5
"NL","NLD","Netherlands",2017,25,1,9,0.813463195231154,0.338474732816403,0.737888702767901,1,0,0,0.225,21,1,7,0.526512,1.393037,1.33041468232977,1,64,0.3,1,0.25,21,1620.48192771084,0.487597335581894,34,0.5,0.48434015120363,0,0,0,1,1,1,1,1,0,0.15,0,0,96,0,0
"NO","NOR","Norway",2017,24,0,100,0.781818181818182,0.373913043478261,0.737888702767901,0,0,1,0.225,24,1,2,0.469,1.606216,1.29673526626966,1,15,0.298,0,0.2976,25,5102.04081632653,0.558441281337383,44,0.5,0.191386594985159,0,1,0,0,1,1,0.97,1,1,0.25,0,0,87,0.666666666666667,1
"NZ","NZL","New Zealand",2017,28,0,100,0.731914893617021,0.307142857142857,0.737888702767901,0.5,0,1,-0.02,34,1,4,0.33,1.214258,1.48882085086912,2,59,0,1,0.06944444,15,40816.3265306122,0.95932608776232,59,1,1.26449807506374,1,1,1,1,1,1,1,1,0,0.3,0.15,0.15,40,0.333333333333333,0.5
"PL","POL","Poland",2017,19,0,2.5,0.737888702767901,0.338474732816403,0.869865253929667,1,0,1,0.0475,70,1,4,0.38751185,2.110023,1.03865683981747,2,103,0.19,0,0.19,23,83333.3333333333,0.437557067388469,96,0.5,0.94325252414754,1,0,0,0,0,0,1,0,1,0.19,0.2,0.2,84,0.666666666666667,1
"PT","PRT","Portugal",2017,29.5,0,3.5,0.888411247396436,0.547953910556565,0.737888702767901,0.5,1,0,0.35,63,1,6,0.61285,15.980727,1.2734715158479,1,90,0.28,1,0.28,23,16949.1525423729,0.495145945911459,90,0.5,0.393429900235324,1,0,0,0,1,1,1,1,1,0.25,0.25,0.25,68,0.666666666666667,1
"SE","SWE","Sweden",2017,22,1.5,100,0.86,0.479318672008477,0.86,0,0,1,0.05,50,1,4,0.601,1.503143,1.24350576078361,1,36,0.3,0,0.3,25,0,0.583511565081778,36,0.5,0.378900759390472,1,1,0,1,1,1,1,1,0,0.3,0,0,81,0.666666666666667,0.5
"SI","SVN","Slovenia",2017,19,0,50,0.869865253929667,0.391406012913837,0.737888702767901,0.5,0,1,0.17,74,1,8,0.6105,5.194874,1.19671666841248,1,90,0,1,0.25,22,83333.3333333333,0.591460387633486,69,0,0.227530956724839,1,0,0,0,1,1,0.95,0.475,1,0.15,0.15,0.15,57,0,0.5
"SK","SVK","Slovak Republic",2017,21,0,4,0.873879108036537,0.547953910556565,0.869865253929667,0.5,0,1,0.095,46,1,6,0.3505,3.68508,1.11560051461157,1,62,0,0,0.07,20,99580,0.510256284906862,84,0.5,0.204684884236922,1,1,1,0,1,1,1,0,1,0.35,0.19,0.19,67,0,1
"TR","TUR","Turkey",2017,20,0,5,0.864149148541634,0.431068736527055,0.69441435606903,0.5,1,0,0.055,45.5,1,8,0.358,3.460417,1.21117881249185,1,80,0,1,0.175,18,0,0.41640592899826,91,0.5,0.13243624758706,1,0,0,1,0,0,1,1,0,0.15,0.1,0.2,83,1,0.5
"US","USA","United States",2017,38.906474,2,20,0.93846273303009,0.34958311169213,0.632751338890881,1,0,1,0.0375,87,2.4,4.6,0.486,8.088075,1.25390642247726,3.6,55,0.251,0,0.28506064,7.4,0,0.351,33,0.5,1.54121305851376,1,0,0,0,1,1,0,0,0,0.3,0.3,0.3,66,0.333333333333333,0.5
"AT","AUT","Austria",2018,25,0,75,0.813463195231154,0.338474732816403,0.737888702767901,1,0,1,0.15,46,1,8,0.55,23.826478,1.12775449123379,3,50,0.275,0,0.275,20,37457.4389849533,0.595346920500117,35,0,0.0891521752056925,1,1,0,0,1,1,1,1,0,0.275,0,0.2,88,0,0.5
"AU","AUS","Australia",2018,30,0,100,0.851484971473245,0.479318672008477,0.547953910556565,0.5,0,1,0.1375,37,1,6,0.49,2.15994,1.37619491228587,4,18,0.245,0,0.2428,10,50950.9831162029,0.495677137783973,50,1,0.987759566477471,1,1,0,1,1,1,1,1,0,0.3,0.1,0.3,44,0.333333333333333,0.5
"BE","BEL","Belgium",2018,29.58,0,100,0.875897349190039,0.622404878792567,1.00486525392967,1,1,0,0.15,21,1,8,0.60215738,1.044424,1.22788012132812,2,40,0,1,0.3,21,31109.1533083962,0.476392998987602,75,0.5,0.559775703063926,0,0,0,1,1,0,1,1,0,0.3,0.3,0.3,95,0,0.5
"CA","CAN","Canada",2018,26.78,3,20,0.965116279069767,0.242105263157895,0.518965517241379,0.5,0,1,0.2125,45,1,4,0.535296,4.261458,1.18111708242576,3,36,0.2675,0,0.39343524,12.4,23975.8898451717,0.474503207079933,50,0.5,1.46840721547966,1,1,0,0,0,1,1,0.5,1,0.25,0.25,0.25,93,0.333333333333333,0.5
"CH","CHE","Switzerland",2018,21.148581,0,7,0.86,0.554838709677419,0.905263157894737,1,0,1,-0.01,15,2,10,0.41692468,3.359721,1.35995394491048,7,40,0,1,0.21135,7.7,81953.3750858462,0.682580340126438,8,0.5,0.0768499809996211,0,0,0,0,0,0,1,1,0,0.35,0.35,0,92,0,0.5
"CL","CHL","Chile",2018,25,0,100,0.632611659769417,0.338474732816403,0,0.5,0,1,0.305,42,1,5,0.35,7.727266,1.1460878682868,1,124.5,0.35,0,0.13333333,19,0,0.638025880525371,124.5,0.5,0.392448473512897,1,0,1,0,1,1,0,0,1,0.35,0.35,0.3,32,0.666666666666667,0.5
"CZ","CZE","Czech Republic",2018,19,0,5,0.873879108036537,0.543222830616488,0.841318847888109,0.5,0,1,0.18,53,1,5,0.11,3e-06,1.11430887715784,2,75,0.15,1,0.15,21,76296.5356413544,0.600302406645114,108,0.5,0.094893712558346,1,0,0,1,1,1,1,1,1,0.15,0.15,0.15,88,0,0.5
"DE","DEU","Germany",2018,29.897059,1,60,0.737888702767901,0.391406012913837,0.869865253929667,1,0,1,-0.02,41,2,6,0.47475,5.441752,1.09954802901742,1,134,0.26375,0,0.26375,19,22456.2808292655,0.556567367932321,43,0.5,0.200085158778716,1,0,0,1,1,1,0.95,0.95,0,0.26375,0,0.15825,95,0.333333333333333,1
"DK","DNK","Denmark",2018,22,0,60,0.826923076923077,0.479318672008477,0.81340644290143,0,0,1,-0.01,27,3,6,0.55794,1.265165,1.29658266430956,1,65,0.42,0,0.42,25,6907.63633670914,0.596063795426487,40,0.5,0.699815594518791,1,0,0,1,1,1,1,1,1,0.27,0.22,0.22,73,0.666666666666667,0.5
"EE","EST","Estonia",2018,20,100,100,1,1,1,1,1,1,0,5,1,7,0.1888,0.146415,1.05292647685851,0,31,0.2,0,0,20,72611.8858395931,0.728150828092231,14,1,0.136401906870112,1,1,1,1,1,1,1,1,1,0,0,0.1,56,0.666666666666667,0
"ES","ESP","Spain",2018,25,0,70,0.778563038959402,0.391406012913837,0.737888702767901,0.5,0,0,0.295,33,1,7,0.435,2.442919,1.21946414002396,1,84,0.23,0,0.23,21,0,0.430877668728623,35,0,0.513482348150371,0,0,0,1,0,1,1,1,1,0.19,0.19,0.24,93,0.333333333333333,1
"FI","FIN","Finland",2018,20,0,10,0.826923076923077,0.518965517241379,0.737888702767901,0,0,1,-0.005,21,1,4,0.58349397,1.844204,1.29129398292461,3,48,0.34,0,0.289,24,11062.4119155451,0.543890115085756,24,0.5,0.340979440912823,1,0,0,1,1,0,1,1,1,0.2,0,0.2,76,0.666666666666667,1
"FR","FRA","France",2018,34.43,1,50,0.880275603755891,0.547953910556565,0.869865253929667,0.5,0,0,0.405,28,1,6,0.550875,15.749776,1.21463280049877,2,80,0.3,0,0.34,20,103912.923981672,0.48566405924343,31,0.5,1.26600190227549,0,0,0,0,0,0,0.95,0.88,1,0.3,0,0.333,122,0.666666666666667,1
"GB","GBR","United Kingdom",2018,19,1,50,0.758823529411765,0,0.826923076923077,0,0,0,0.185,32,1,6,0.47,3.894003,1.38301936016998,1,48,0.2,0,0.381,20,119167.287037543,0.438381144265963,25,0.5,1.82644213931597,1,0,0,0,1,0,1,1,0,0,0.2,0.2,129,0.666666666666667,1
"GR","GRC","Greece",2018,29,0,5,0.737888702767901,0.479318672008477,0.737888702767901,0.5,0,1,0.095,78,1,6,0.54325,11.143308,1.24740670512894,1,46,0.15,0,0.15,24,16710.6993594789,0.436878506277984,69,0,1.01268812349867,1,0,0,1,0,1,1,0,1,0.15,0.15,0.2,57,0.333333333333333,1
"HU","HUN","Hungary",2018,9,0,2.5,0.816200383417959,0.278958448750364,0.737888702767901,0.5,0,0,0.21,35,2,7,0.335,0,1,2,146,0.15,0,0.15,27,57601.502523673,0.567176393235143,96,0,0.300991594615544,1,0,0,0,1,1,1,1,0,0,0,0,80,0.333333333333333,0.5
"IE","IRL","Ireland",2018,12.5,1,100,0.787075165170195,0.479318672008477,0.646263719038607,0,0,0,0.26,12,1,7,0.52,1.539297,1.47558009748607,1,40,0.33,0,0.51,23,92218.141398691,0.498533689864113,29,0.5,0.433630138669984,1,0,0,1,1,0,0,1,1,0.2,0.2,0.2,72,0,0
"IL","ISR","Israel",2018,23,0,100,0.869865253929667,0.391406012913837,0.787075165170195,0.5,0,0,0,110,2,14,0.5,4.3262,1.7328340570961,12,60,0.28,1,0.33,17,26132.3890060412,0.632540965239364,69,0.5,1.24377855542268,1,1,0,1,1,1,0,0,1,0.3,0.23,0.23,54,0.666666666666667,0
"IS","ISL","Iceland",2018,20,0,10,0.86,0.602353618717047,0.812269350072009,0.5,0,1,0.24,40,1,7,0.443904,1.191078,1.28118069605336,13,60,0.22,0,0.22,24,14202.1555989162,0.546822043581059,40,0,0.901097632333986,1,0,1,0,1,1,1,1,0,0.2,0.12,0.2,44,0.666666666666667,1
"IT","ITA","Italy",2018,27.8064,0,80,0.760252585046526,0.462657542127945,0.965116279069767,1,1,0,0.09,39,2,11,0.52765573,2.712898,1.2122797460602,1,169,0.26,0,0.26,22,90380.9627102053,0.378756793044304,30,0,0.550634818591751,0,0,0,1,0,0,0.95,0.95,1,0.26,0.26,0.225,100,0.666666666666667,1
"JP","JPN","Japan",2018,29.74,0,5,0.769602272727273,0.278958448750364,0.787075165170195,0.5,0,1,0.0875,38,3,13,0.56077165,8.595115,1.13671311343403,3,70.5,0.204,0,0.2032,8,100407.568377102,0.7125070110352,20,0.5,0.79542786772275,1,0,0,0,0,1,0.95,0,0,0.2,0.2,0.2,66,0.666666666666667,0.5
"KR","KOR","Korea",2018,27.5,0.5,7,0.921720532319392,0.547953910556565,0.737888702767901,1,0,0,0.13,83,2,8,0.45309839,11.975707,1.25964439491447,2,80,0,1,0.4028,10,34205.4862364084,0.696451079081173,25,0,0.344488071284519,1,0,0,1,0,0,0,0,1,0.22,0.22,0.22,93,0.666666666666667,0.5
"LT","LTU","Lithuania",2018,15,0,70,0.905263157894737,0.826923076923077,0.966194331983806,1,0,0,0.28,18,1,8,0.24,0.364149,1.10269046418304,2,34,0.15,NA,0.15,21,97563.0907987165,0.506629640715944,57.25,0.5,0.201523777347184,1,0,1,1,1,1,1,1,1,0.15,0.1,0.1,53,0.333333333333333,0.5
"LU","LUX","Luxembourg",2018,26.01,0,17,0.870869546099498,0.479318672008477,0.869865253929667,1,0,0,-0.01,19,5,6,0.4718,3.679296,1.37949787547995,12,14,0,1,0.21,17,33690.3764562665,0.920716527656256,22,0.5,0.0496801417705705,1,0,0,0,1,1,1,1,0,0.15,0,0,80,0,0.5
"LV","LVA","Latvia",2018,20,100,100,0.905263157894737,0.614285714285714,0.869865253929667,1,1,1,0.28,22.5,1,5,0.1257,0.140346,1.05267459480051,1,80,0.2,0,0,21,79773.9207087115,0.55204813174365,66,0.5,0.419477309519502,1,1,0,1,1,1,1,1,1,0,0,0,61,0,1
"MX","MEX","Mexico",2018,30,0,10,0.737888702767901,0.547953910556565,0.737888702767901,1,0,1,0.0575,102,1,3,0.35,25.8299,1.21321264009712,2,38.5,0.1,1,0.17142857,16,0,0.334129712488695,100,0.5,0.088974710894326,1,0,0,1,1,1,0,0,1,0.1,0.35,0.35,58,1,0.5
"NL","NLD","Netherlands",2018,25,1,9,0.813463195231154,0.338474732816403,0.737888702767901,1,0,0,0.225,21,1,7,0.52197272,1.38825,1.34521730949451,1,64,0.3,1,0.25,21,1650.19336094698,0.514299988155268,34,0.5,0.488920172587013,0,0,0,1,1,1,1,1,0,0.15,0,0,96,0,0
"NO","NOR","Norway",2018,23,0,100,0.781818181818182,0.373913043478261,0.737888702767901,0,0,1,0.2225,24,1,2,0.4672,1.613113,1.24812828135563,1,15,0.3059,0,0.3059,25,4916.69351181324,0.565921326183334,44,0.5,0.200420914939577,0,1,0,0,1,1,0.97,1,1,0.25,0,0,87,0.666666666666667,1
"NZ","NZL","New Zealand",2018,28,0,100,0.731914893617021,0.307142857142857,0.737888702767901,0.5,0,1,-0.02,34,1,4,0.33,1.19,1.47442439413466,2,59,0,1,0.06944444,15,40813.1614282974,0.95224411225627,47,1,1.23887554890909,1,1,1,1,1,1,1,1,0,0.3,0.15,0.15,40,0.333333333333333,0.5
"PL","POL","Poland",2018,19,0,2.5,0.737888702767901,0.338474732816403,0.869865253929667,1,0,1,0.095,59,1,4,0.39908085,1.99469,1.03646684415616,2,103,0.19,0,0.19,23,111214.726164321,0.441385620326629,96,0.5,0.915337010132244,1,0,0,0,0,0,1,0,1,0.19,0.2,0.2,84,0.666666666666667,1
"PT","PRT","Portugal",2018,31.5,0,3.5,0.888411247396436,0.547953910556565,0.737888702767901,0.5,1,0,0.35,63,1,6,0.610269,15.622325,1.2581170169846,1,90,0.28,1,0.28,23,16886.4437318365,0.492153165545173,90,0.5,0.386255475521139,1,0,0,0,1,1,1,1,1,0.25,0.25,0.25,76,0.666666666666667,1
"SE","SWE","Sweden",2018,22,1.5,100,0.86,0.479318672008477,0.86,0,0,1,0.05,50,1,4,0.6012,1.49517,1.24071206646735,1,36,0.3,0,0.3,25,3296.89096588135,0.597513703470289,36,0.5,0.375360715990751,1,1,0,1,1,1,1,1,0,0.3,0,0,81,0.666666666666667,0.5
"SI","SVN","Slovenia",2018,19,0,50,0.869865253929667,0.391406012913837,0.737888702767901,0.5,0,1,0.19,74,1,8,0.6105,5.056709,1.15625021888685,1,90,0,1,0.25,22,83256.737135169,0.583747031500922,69,0,0.240717616021481,1,0,0,0,1,1,0.95,0.475,1,0.15,0.15,0.15,58,0,0.5
"SK","SVK","Slovak Republic",2018,21,0,4,0.873879108036537,0.547953910556565,0.869865253929667,0.5,0,0,0.09,46,1,6,0.3505,3.475617,1.10881147112077,1,62,0,0,0.07,20,100763.364958068,0.495470639649474,84,0.5,0.210995149284747,1,1,1,0,1,1,1,1,1,0.35,0.19,0.19,69,0,1
"TR","TUR","Turkey",2018,22,0,5,0.864149148541634,0.431068736527055,0.69441435606903,0.5,1,0,0.055,44.5,1,8,0.455,3.092806,1.19232365515979,1,91,0,1,0.175,18,0,0.400067337416955,80,0.5,0.130697330797446,1,0,0,1,0,0,1,1,0,0.15,0.1,0.2,83,1,0.5
"US","USA","United States",2018,25.83858,5,100,0.93846273303009,0.34958311169213,0.632751338890881,1,0,1,0.0375,87,2.4,4.6,0.486,7.93496,1.24916870455424,3.6,55,0.238,0,0.2924084,7.4,0,0.347,33,0.5,1.56585063443476,1,0,0,0,1,1,1,0,0,0.3,0.3,0.3,66,0.333333333333333,1
"AT","AUT","Austria",2019,25,0,75,0.813463195231154,0.338474732816403,0.737888702767901,1,0,1,0.17,46,1,8,0.55,23.289873,1.12188790518657,3,50,0.275,NA,0.275,20,37457.4389849533,0.596739371206216,35,0,0.0906753578175729,1,1,0,0,1,1,1,1,0,0.275,0,0.2,89,0.333333333333333,0.5
"AU","AUS","Australia",2019,30,0,100,0.851484971473245,0.479318672008477,0.547953910556565,0.5,0,1,0.1375,37,1,6,0.47,2.098449,1.36161255752027,4,18,0.245,NA,0.2428,10,50950.9831162029,0.483468548356666,50,1,0.993460495089849,1,1,0,1,1,1,1,1,0,0.3,0.1,0.3,44,0.333333333333333,0.5
"BE","BEL","Belgium",2019,29.58,0,70,0.875897349190039,0.622404878792567,1.06986525392967,1,1,0,0.155,21,1,8,0.60215738,1.049507,1.25806806093807,2,40,0,NA,0.3,21,31109.1533083962,0.46859621010934,75,0.5,0.550437064564073,0,0,0,1,1,0,1,1,0,0.3,0.3,0.3,95,0,1
"CA","CAN","Canada",2019,26.62,3,20,1,0.426086956521739,0.49,0.5,0,1,0.2125,45,1,4,0.535296,4.084894,1.22058920626068,3,36,0.2675,NA,0.39344076,12.4,23975.8898451717,0.489217260896614,50,0.5,1.45723440855992,1,1,0,0,0,1,1,0.5,1,0.25,0.25,0.25,94,0.333333333333333,0.5
"CH","CHE","Switzerland",2019,21.148581,0,7,0.86,0.554838709677419,0.905263157894737,1,0,1,-0.01,15,2,10,0.41721637,3.319238,1.35468398316412,7,40,0,NA,0.21135,7.7,81953.3750858462,0.68273858766526,8,0.5,0.0796369889314907,0,0,0,0,0,0,1,1,0,0.35,0.35,0,93,0,0.5
"CL","CHL","Chile",2019,25,0,100,0.632611659769417,0.338474732816403,0,0.5,0,1,0.305,48,1,5,0.35,7.705428,1.25282843314993,1,124.5,0.35,NA,0.13333333,19,0,0.638195438001446,123.5,0.5,0.391223763505354,1,0,1,0,1,1,0,0,1,0.35,0.35,0.3,33,0.666666666666667,0.5
"CZ","CZE","Czech Republic",2019,19,0,5,0.873879108036537,0.543222830616488,0.841318847888109,0.5,0,1,0.18,53,1,5,0.11,3e-06,1.10545326409575,2,75,0.15,NA,0.15,21,76296.5356413544,0.620487760001823,102,0.5,0.0933275005454098,1,0,0,1,1,1,1,1,1,0.15,0.15,0.15,89,0.333333333333333,1
"DE","DEU","Germany",2019,29.897059,1,60,0.737888702767901,0.391406012913837,0.869865253929667,1,0,1,-0.02,41,2,6,0.47475,5.361578,1.10058015034362,1,134,0.26375,NA,0.26375,19,22456.2808292655,0.564799926917352,43,0.5,0.198696586365836,1,0,0,1,1,1,0.95,0.95,0,0.26375,0,0.15825,96,0.333333333333333,1
"DK","DNK","Denmark",2019,22,0,60,0.826923076923077,0.479318672008477,0.81340644290143,0,0,1,-0.005,27,3,6,0.55575745,1.287778,1.30861582918047,1,65,0.42,NA,0.42,25,6907.63633670914,0.613881601176001,40,0.5,0.685912474120985,1,0,0,1,1,1,1,1,1,0.27,0.22,0.22,75,0.666666666666667,1
"EE","EST","Estonia",2019,20,100,100,1,1,1,1,1,1,0,5,1,7,0.16626842,0.387521,1.21281302071182,0,31,0.2,NA,0,20,72611.8858395931,0.739066104744784,14,1,0.128461942793922,1,1,1,1,1,1,1,1,1,0,0,0.1,58,0.333333333333333,1
"ES","ESP","Spain",2019,25,0,70,0.778563038959402,0.391406012913837,0.737888702767901,0.5,0,0,0.295,33,1,7,0.435,2.409777,1.21577757711034,1,84,0.23,NA,0.23,21,0,0.436562093245564,30.5,0,0.511164864424562,0,0,0,1,0,1,1,1,1,0.19,0.19,0.24,93,0.333333333333333,1
"FI","FIN","Finland",2019,20,0,10,0.826923076923077,0.518965517241379,0.737888702767901,0,0,1,-0.005,18,1,4,0.58435142,1.867684,1.30166250146802,3,48,0.34,NA,0.289,24,11062.4119155451,0.561811365308451,24,0.5,0.354118039448228,1,0,0,1,1,0,1,1,1,0.2,0,0.2,76,0.666666666666667,1
"FR","FRA","France",2019,34.43,1,50,0.880275603755891,0.547953910556565,0.869865253929667,0.5,0,0,0.405,28,1,6,0.55572,15.573254,1.21403026636666,2,80,0.3,NA,0.34,20,103912.923981672,0.498745384563855,31,0.5,1.26848212529745,1,0,0,0,1,0,0.95,0.88,1,0.3,0,0.333,122,0.666666666666667,1
"GB","GBR","United Kingdom",2019,19,1,50,0.758823529411765,0.278958448750364,0.826923076923077,0,0,0,0.19,32,1,6,0.47,3.795648,1.3855919797806,1,48,0.2,NA,0.381,20,119167.287037543,0.4438398287648,25,0.5,1.83444387890169,1,0,0,0,1,0,1,1,0,0,0.2,0.2,129,0.666666666666667,1
"GR","GRC","Greece",2019,24,0,5,0.737888702767901,0.479318672008477,0.737888702767901,0.5,0,1,0.095,78,1,6,0.55,10.955817,1.24154502050921,1,46,0.15,NA,0.1,24,16710.6993594789,0.421127539656337,69,0,1.03220800314695,1,0,0,1,0,1,1,0,1,0.1,0.15,0.2,57,0.333333333333333,1
"HU","HUN","Hungary",2019,9,0,2.5,0.816200383417959,0.278958448750364,0.737888702767901,0.5,0,0,0.1975,35,2,7,0.335,0,1,2,146,0.15,NA,0.15,27,57601.502523673,0.571183597778278,96,0,0.297834865445295,1,0,0,0,1,1,1,1,0,0,0,0,81,0.333333333333333,1
"IE","IRL","Ireland",2019,12.5,1,100,0.787075165170195,0.479318672008477,0.646263719038607,0,0,0,0.26,12,1,7,0.52,1.483161,1.46098230085366,1,40,0.33,NA,0.51,23,92218.141398691,0.482822910673702,29,0.5,0.373485793670578,1,0,0,1,1,0,0,1,1,0.2,0.2,0.2,73,0.333333333333333,0
"IL","ISR","Israel",2019,23,0,100,0.869865253929667,0.391406012913837,0.787075165170195,0.5,0,0,0,110,2,14,0.5,4.16265,1.69436127906888,12,60,0.28,NA,0.33,17,26132.3890060412,0.625631937197765,69,0.5,1.2190160572451,1,1,0,1,1,1,0,0,1,0.3,0.23,0.23,56,0.666666666666667,0
"IS","ISL","Iceland",2019,20,0,10,0.86,0.602353618717047,0.812269350072009,0.5,0,1,0.24,40,1,7,0.443904,1.191929,1.2701067167901,13,60,0.22,NA,0.22,24,14202.1555989162,0.574136593542137,40,0,0.990282772746101,1,0,1,0,1,1,1,1,0,0.2,0.12,0.2,45,0.666666666666667,1
"IT","ITA","Italy",2019,27.8064,0,80,0.760252585046526,0.462657542127945,0.965116279069767,1,1,0,0.09,39,2,11,0.52765573,2.681787,1.24504702174368,1,169,0.26,NA,0.26,22,90380.9627102053,0.387579120275391,30,0,0.561907233046139,0,0,0,1,0,0,0.95,0.95,1,0.26,0.26,0.225,100,0.666666666666667,1
"JP","JPN","Japan",2019,29.74,0,5,0.769602272727273,0.278958448750364,0.787075165170195,0.5,0,1,0.0875,38,3,13,0.56077165,8.493955,1.13414960926302,3,70.5,0.204,NA,0.2032,8,100407.568377102,0.717716684683885,20,0.5,0.798292856856877,1,0,0,0,0,1,0.95,0,0,0.2,0.2,0.2,69,0.666666666666667,0.5
"KR","KOR","Korea",2019,27.5,0.5,6,0.921720532319392,0.547953910556565,0.737888702767901,1,0,0,0.1275,83,2,8,0.47428128,11.359977,1.23637525923314,2,80,0,NA,0.4028,10,34205.4862364084,0.68758794691922,25,0,0.358018770991216,1,0,0,1,0,0,0,0,1,0.22,0.22,0.22,93,0.666666666666667,1
"LT","LTU","Lithuania",2019,15,0,70,0.905263157894737,0.826923076923077,0.966194331983806,1,0,0,0.28,18,1,8,0.24,0.40847,1.10969805133608,1,34,0.2,NA,0.15,21,97563.0907987165,0.52791675026186,47,0.5,0.196426754503814,1,0,1,1,1,1,1,1,1,0.15,0.1,0.1,54,0.333333333333333,1
"LU","LUX","Luxembourg",2019,24.94,0,17,0.870869546099498,0.479318672008477,0.869865253929667,1,0,0,-0.01,19,5,6,0.4718,3.587221,1.38602254255221,12,14,0,NA,0.21,17,33690.3764562665,0.875350261015676,22,0.5,0.0492066517463556,1,0,0,0,1,1,1,1,0,0.15,0,0,82,0.333333333333333,1
"LV","LVA","Latvia",2019,20,100,100,1,1,1,1,1,1,-0.0025,22.5,1,5,0.402,4.625039,1.08599580003633,1,80,0.2,NA,0,21,79773.9207087115,0.549340919945821,66,0.5,0.424724791486908,1,1,0,1,1,1,1,1,1,0,0,0,61,0.333333333333333,1
"MX","MEX","Mexico",2019,30,0,10,0.737888702767901,0.547953910556565,0.737888702767901,1,0,1,0.055,102,1,3,0.35,28.14549,1.24242277385057,2,38.5,0.1,NA,0.17142857,16,0,0.318108701240359,100,0.5,0.0895452140077469,1,0,0,1,1,1,0,0,1,0.1,0.35,0.35,59,1,0.5
"NL","NLD","Netherlands",2019,25,1,6,0.813463195231154,0.338474732816403,0.737888702767901,1,0,0,0.215,21,1,7,0.52378095,1.387548,1.33742787634195,1,64,0.3,NA,0.25,21,1650.19336094698,0.519348068257175,34,0.5,0.50215960299067,0,0,0,1,1,1,1,1,0,0.15,0,0,97,0.333333333333333,1
"NO","NOR","Norway",2019,22,0,100,0.781818181818182,0.373913043478261,0.737888702767901,0,0,1,0.22,24,1,3,0.466,1.614,1.25019065303855,1,15,0.3168,NA,0.3168,25,4916.69351181324,0.571291483729746,40,0.5,0.208598471777516,0,1,0,0,1,1,0.97,1,1,0.25,0,0,87,0.666666666666667,1
"NZ","NZL","New Zealand",2019,28,0,100,0.731914893617021,0.307142857142857,0.737888702767901,0.5,0,1,-0.02,34,1,4,0.33,1.159718,1.45683627094634,2,59,0,NA,0.06944444,15,40813.1614282974,0.985858115579352,47,1,1.22623294146188,1,1,1,1,1,1,1,1,0,0.3,0.15,0.15,40,0.333333333333333,0.5
"PL","POL","Poland",2019,19,0,2.5,0.737888702767901,0.338474732816403,0.869865253929667,1,1,0,0.2,59,1,4,0.39908085,1.843371,1.03360736317333,2,103,0.19,NA,0.19,23,111214.726164321,0.495426698641405,172,0.5,0.913848520692883,1,0,0,0,0,0,1,0,1,0.19,0.2,0.2,85,0.666666666666667,1
"PT","PRT","Portugal",2019,31.5,0,3.5,0.888411247396436,0.547953910556565,0.737888702767901,0.5,1,0,0.35,63,1,6,0.5817,15.242295,1.2720407643199,1,90,0.28,NA,0.28,23,16886.4437318365,0.509631104397442,90,0.5,0.400414237344,1,0,0,0,1,1,1,1,1,0.25,0.25,0.25,77,0.666666666666667,1
"SE","SWE","Sweden",2019,21.4,1.5,100,0.86,0.479318672008477,0.86,0,0,1,0.05,50,1,4,0.6012,1.5096,1.24091653470832,1,36,0.3,NA,0.3,25,3296.89096588135,0.587694637748296,36,0.5,0.351195985384939,1,1,0,1,1,1,1,1,0,0.3,0,0,81,0.666666666666667,1
"SI","SVN","Slovenia",2019,19,0,50,0.869865253929667,0.391406012913837,0.737888702767901,0.5,0,1,0.19,74,1,8,0.6105,4.842731,1.26957440739517,1,90,0,NA,0.25,22,83256.737135169,0.586046319867356,69,0,0.25169883254453,1,0,0,0,1,1,0.95,0.475,1,0.15,0.15,0.15,59,0.333333333333333,0.5
"SK","SVK","Slovak Republic",2019,21,0,4,0.873879108036537,0.547953910556565,0.869865253929667,0.5,0,0,0.245,46,1,6,0.3505,3.307239,1.10346841380587,1,62,0,NA,0.07,20,100763.364958068,0.515818030540571,84,0.5,0.211917333713876,1,1,1,0,1,1,1,1,1,0.35,0.19,0.19,70,0.666666666666667,1
"TR","TUR","Turkey",2019,22,0,5,0.864149148541634,0.431068736527055,0.69441435606903,0.5,1,0,0.055,24,1,8,0.455,2.880756,1.1796608953217,1,71,0,NA,0.175,18,0,0.405824064998515,75,0.5,0.109005715113812,1,0,0,1,0,0,1,1,0,0.15,0.1,0.2,85,1,0.5
"US","USA","United States",2019,25.886141,5,100,1,0.34958311169213,0.632751338890881,1,0,1,0.0475,87,2.4,4.6,0.46,9.299292,1.24585127699602,3.6,55,0.238,NA,0.29275433,7.4,0,0.341,33,0.5,1.577931632443,1,0,0,0,1,1,1,0,0,0.3,0.3,0.3,66,0.333333333333333,1
"AT","AUT","Austria",2020,25,0,75,0.813463195,0.338474733,0.737888703,1,0,1,0.17,46,1,8,0.55,22.652481,1.116737812,3,50,0.275,NA,0.275,20,45691.90601,0.598816337,35,0,0.092114059,1,1,0,0,1,1,1,1,0,0.275,0,0.2,89,0.333333333,0.5
"AU","AUS","Australia",2020,30,0,100,0.851484971,0.479318672,0.547953911,0.5,0,1,0.1375,37,1,6,0.47,2.049488,1.412543843,4,18,0.225,NA,0.2428,10,51020.40816,0.483468548,50,1,0.960977144,1,1,0,1,1,1,1,1,0,0.3,0.1,0.3,45,0.333333333,0.5
"BE","BEL","Belgium",2020,25,0,70,0.875897349,0.622404879,1.069865254,1,1,0,0.15,21,1,8,0.60215738,1.051143,1.271517765,2,40,0,NA,0.3,21,32552.08333,0.473699409,75,0.5,0.547574878,1,0,0,1,1,0,1,1,0,0.3,0.3,0.3,95,0.666666667,1
"CA","CAN","Canada",2020,26.47,3,20,1,0.426086957,0.49,0.5,0,1,0.2125,45,1,4,0.535296,3.994809,1.299950444,3,36,0.25169,NA,0.39344076,12.4,25000,0.488682223,50,0.5,1.521627434,1,1,0,0,0,1,1,0.5,1,0.25,0.25,0.25,96,0.333333333,0.5
"CH","CHE","Switzerland",2020,21.148581,0,7,0.86,0.55483871,0.905263158,1,0,0,-0.01,15,2,10,0.416633,3.29723,1.350329606,7,40,0,NA,0.22285,7.7,86206.89655,0.694678947,8,0.5,0.082150706,0,0,0,0,0,0,1,1,0,0.35,0.35,0,93,0,0.5
"CL","CHL","Chile",2020,25,0,100,0.63261166,0.338474733,0,0.5,0,1,0.305,48,1,5,0.35000001,7.620475,1.249102527,1,124.5,0.35,NA,0.2,19,0,0.642423625,123.5,0.5,0.425687674,1,0,1,0,1,1,0,0,1,0.35,0.35,0.3,33,0.666666667,0.5
"CZ","CZE","Czech Republic",2020,19,0,5,0.873879108,0.543222831,0.841318848,0.5,0,1,0.18,53,1,5,0.11,2e-06,1.098909097,2,75,0.15,NA,0.15,21,79365.07937,0.61247963,102,0.5,0.093603493,1,0,0,1,1,1,1,1,1,0.15,0.15,0.15,89,0.333333333,1
"DE","DEU","Germany",2020,29.897059,1,60,0.737888703,0.391406013,0.869865254,1,0,1,-0.02,41,2,6,0.47475,5.309272,1.100502183,1,134,0.26375,NA,0.26375,19,29649.59569,0.57005541,43,0.5,0.204681782,1,0,0,1,1,1,0.95,0.95,0,0.26375,0,0.15825,96,0.333333333,1
"DK","DNK","Denmark",2020,22,0,60,0.826923077,0.479318672,0.813406443,0,0,1,-0.005,27,3,6,0.55614036,1.304145,1.310477884,1,65,0.42,NA,0.42,25,7407.407407,0.62263328,40,0.5,0.70826287,1,0,0,1,1,1,1,1,1,0.27,0.22,0.22,75,0.666666667,1
"EE","EST","Estonia",2020,20,100,100,1,1,1,1,1,1,0,5,1,7,0.20429134,0.356203,1.192299286,0,31,0.2,NA,0,20,72727.27273,0.741708251,14,1,0.126329226,1,1,1,1,1,1,1,1,1,0,0,0.1,58,0.333333333,1
"ES","ESP","Spain",2020,25,0,70,0.778563039,0.391406013,0.737888703,0.5,0,0,0.295,33,1,7,0.435,2.364153,1.212725535,1,84,0.23,NA,0.23,21,0,0.448488403,26,0,0.521218536,0,0,0,1,0,1,1,1,1,0.19,0.19,0.24,93,0.333333333,1
"FI","FIN","Finland",2020,20,0,10,0.826923077,0.518965517,0.737888703,0,0,1,-0.005,18,1,4,0.58528973,1.881805,1.311433885,3,48,0.34,NA,0.289,24,11627.90698,0.571480542,24,0.5,0.364950629,1,0,0,1,1,0,1,1,1,0.2,0,0.2,76,0.666666667,1
"FR","FRA","France",2020,32.02,1,50,0.880275604,0.547953911,0.869865254,0.5,0,0,0.405,28,1,6,0.55572,16.065376,1.223829738,2,80,0.3,NA,0.34,20,109814.3236,0.510312008,31,0.5,1.246626816,1,0,0,0,1,0,0.95,0.88,1,0.28,0,0.28,122,0.666666667,1
"GB","GBR","United Kingdom",2020,24,1,50,0.758823529,0.278958449,0.826923077,0,0,0,0.19,32,1,6,0.47,3.676226,1.396054008,2,57,0.45,NA,0.381,20,123367.1988,0.451963816,25,0.5,1.929646672,1,0,0,0,1,0,1,1,0,0,0.2,0.2,130,0.666666667,1
"GR","GRC","Greece",2020,24,0,5,0.737888703,0.479318672,0.737888703,0.5,0,1,0.07,78,1,6,0.55,10.959018,1.287960205,1,46,0.15,NA,0.05,24,17825.31194,0.42112754,69,0,1.089994664,1,0,0,1,0,1,1,1,1,0.05,0.15,0.2,57,0.333333333,1
"HU","HUN","Hungary",2020,9,0,2.5,0.816200383,0.278958449,0.737888703,0.5,0,0,0.19,35,2,7,0.335,0,1,2,146,0.15,NA,0.15,27,56338.02817,0.576214884,96,0,0.290082258,1,0,0,0,1,1,1,1,0,0,0,0,81,0.333333333,1
"IE","IRL","Ireland",2020,12.5,1,100,0.787075165,0.479318672,0.646263719,0,0,0,0.26,12,1,7,0.52,1.435165,1.446677853,1,40.5,0.33,NA,0.51,23,95907.92839,0.491819728,29,0.5,0.36721807,1,0,0,1,1,0,0,1,1,0.25,0.2,0.2,73,0.333333333,0
"IL","ISR","Israel",2020,23,0,100,0.869865254,0.391406013,0.787075165,0.5,0,0,0,110,2,3,0.5,4.085924,1.677981396,1,60,0.25,NA,0.33,17,26941.28686,0.63241204,64,0.5,1.213816246,1,1,0,1,1,1,0,0,1,0.3,0.23,0.23,58,0.666666667,0
"IS","ISL","Iceland",2020,20,0,10,0.86,0.602353619,0.81226935,0.5,0,1,0.24,40,1,7,0.443904,1.20376,1.277041288,13,60,0.22,NA,0.22,24,14184.39716,0.524679461,40,0,1.021706002,1,0,1,0,1,1,1,1,0,0.2,0.12,0.2,45,0.666666667,1
"IT","ITA","Italy",2020,27.81,0,80,0.760252585,0.462657542,0.965116279,1,1,0,0.04,39,2,11,0.52765573,2.634779,1.239769631,1,169,0.26,NA,0.26,22,96296.2963,0.384489592,30,0,0.578013334,0,0,0,1,0,0,0.95,0.95,1,0.26,0.26,0.225,100,0.666666667,1
"JP","JPN","Japan",2020,29.74,0,5,0.769602273,0.278958449,0.787075165,0.5,0,1,0.0875,38,3,13,0.56077165,8.458958,1.133364765,3,70.5,0.204,NA,0.2032,10,97087.37864,0.721711145,20,0.5,0.811517899,1,0,0,0,0,1,0.95,0,0,0.2,0.2,0.2,70,0.666666667,1
"KR","KOR","Korea",2020,27.5,0.5,6,0.921720532,0.547953911,0.737888703,1,0,0,0.1275,75,2,8,0.47511319,11.069885,1.321050444,2,80,0,NA,0.4028,10,35294.11765,0.68177356,19,0,0.379037376,1,0,0,1,0,0,0,0,1,0.22,0.22,0.22,93,0.666666667,1
"LT","LTU","Lithuania",2020,15,0,70,0.905263158,0.826923077,0.966194332,1,0,0,0.28,18,1,8,0.3398,9.474927,1.160986417,1,34,0.2,NA,0.15,21,99337.74834,0.525382701,43,0.5,0.204415538,1,0,1,1,1,1,1,1,1,0.15,0.1,0.1,54,0.333333333,1
"LU","LUX","Luxembourg",2020,24.94,0,17,0.870869546,0.479318672,0.869865254,1,0,0,-0.01,19,5,6,0.4718,3.533895,1.370642761,12,14,0,NA,0.21,17,35087.7193,0.908029448,22,0.5,0.048775496,1,0,0,0,1,1,1,1,0,0.15,0,0,83,0.333333333,1
"LV","LVA","Latvia",2020,20,100,100,1,1,1,1,1,1,-0.0025,22.5,1,5,0.402,4.830616,1.097650891,1,80,0.2,NA,0,21,80645.16129,0.583308604,66,0.5,0.410912664,1,1,0,1,1,1,1,1,1,0,0,0,62,0.333333333,1
"MX","MEX","Mexico",2020,30,0,10,0.737888703,0.547953911,0.737888703,1,0,1,0.055,102,1,3,0.35,26.60875,1.219548641,2,38.5,0.1,NA,0.17142857,16,0,0.338391775,100,0.5,0.090393798,1,0,0,1,1,1,0,0,1,0.1,0.35,0.35,59,1,1
"NL","NLD","Netherlands",2020,25,1,6,0.813463195,0.338474733,0.737888703,1,0,0,0.225,21,1,7,0.5441205,1.351297,1.370759547,1,64,0.3,NA,0.25,21,25380.71066,0.525908902,34,0.5,0.530047536,0,0,0,1,1,1,1,1,0,0.15,0,0,96,0.333333333,1
"NO","NOR","Norway",2020,22,2,100,0.781818182,0.373913043,0.737888703,0,0,1,0.22,24,1,3,0.464,1.569515,1.251179139,1,15,0.3168,NA,0.3168,25,5208.333333,0.582437285,40,0.5,0.227650405,0,1,0,0,1,1,0.97,1,1,0.25,0,0,87,0.666666667,1
"NZ","NZL","New Zealand",2020,28,1,100,0.731914894,0.307142857,0.737888703,0.5,0,1,0.18,34,1,4,0.33,1.125754,1.43760305,2,59,0,NA,0.06944444,15,41379.31034,0.988738943,47,1,1.248267387,1,1,1,1,1,1,1,1,0,0.3,0.15,0.15,40,0.333333333,0.5
"PL","POL","Poland",2020,19,0,2.5,0.737888703,0.338474733,0.869865254,1,1,0,0.2,59,1,4,0.39892022,1.70449,1.033524517,2,103,0.19,NA,0.19,23,112994.3503,0.521142968,172,0.5,0.905547977,1,0,0,0,0,0,1,0,1,0.19,0.2,0.2,85,0.666666667,1
"PT","PRT","Portugal",2020,31.5,0,3.5,0.888411247,0.547953911,0.737888703,0.5,1,0,0.35,63,1,6,0.5817,14.951909,1.26548269,1,90,0.28,NA,0.28,23,21777.00348,0.522140522,90,0.5,0.430622335,1,0,0,0,1,1,1,1,1,0.25,0.25,0.25,78,0.666666667,1
"SE","SWE","Sweden",2020,21.4,1.5,100,0.86,0.479318672,0.86,0,0,1,0.05,50,1,4,0.6019,1.522084,1.254125683,1,36,0.3,NA,0.3,25,3363.2287,0.589533969,36,0.5,0.346604752,1,1,0,1,1,1,1,1,0,0.3,0,0,81,0.666666667,1
"SI","SVN","Slovenia",2020,19,0,63,0.869865254,0.391406013,0.737888703,0.5,0,1,0.19,74,1,8,0.6105,4.629757,1.141193838,1,90,0,NA,0.275,22,87108.01394,0.603436138,69,0,0.256305402,1,0,0,0,1,1,0.95,0.475,1,0.15,0.15,0.15,59,0.333333333,0.5
"SK","SVK","Slovak Republic",2020,21,0,2.5,0.873879108,0.547953911,0.869865254,0.5,0,0,0.245,46,1,6,0.3505,3.17212,1.099271914,1,62,0,NA,0.07,20,97819.25344,0.520982003,84,0.5,0.216327506,1,1,1,0,1,1,1,1,1,0.35,0.19,0.19,70,0.666666667,1
"TR","TUR","Turkey",2020,22,0,5,0.864149149,0.431068737,0.694414356,0.5,1,0,0.055,24,1,8,0.455,2.970191,1.17263026,1,71,0,NA,0.2,18,0,0.398962527,75,0.5,0.131607433,1,0,0,1,0,0,1,1,0,0.15,0.1,0.2,86,1,0.5
"US","USA","United States",2020,25.766571,5,100,1,0.349583112,0.632751339,1,0,1,0.0475,87,2.4,4.6,0.46,9.157809,1.241845149,3.6,55,0.238,NA,0.29231643,7.4,0,0.339,33,0.5,1.620254279,1,0,0,0,1,1,1,0,0,0.3,0.3,0.3,66,0.333333333,1
