"country","year","cost_recovery","incentives","consumption_tax_base","real_property_tax","wealth_taxes","capital_taxes","capital_gains_and_dividends","income_tax","income_tax_complexity","territorial","tax_treaties","international_regulations"
"Austria",2025,0.0873341937029103,-0.171851446834957,0.067896098318073,-2.15432165232854,0.947609590735222,0.00579500072762713,-0.568794460530369,-0.370363548565146,0.329595791823669,0.623104996257213,0.492191820196707,-0.834028663451028
"Australia",2025,-0.135631770110741,0.299015420834099,-0.36754748581427,2.52363393558486,0.947609590735222,0.00579500072762713,-0.266275974926898,0.0920131822476931,0.329595791823669,0.623104996257213,-1.04763720764761,-0.183362499757862
"Belgium",2025,0.305042605548722,0.0791798981569602,-0.27323913496346,0.184656141628161,-0.878566233308653,-0.498893165299214,1.5110201279935,0.230735640430461,0.329595791823669,0.623104996257213,0.717532653539778,-0.834028663451028
"Canada",2025,-0.118609919751993,0.184648285850846,0.190899165963718,0.184656141628161,0.947609590735222,-0.554418606492231,-0.512072244479718,0.256432355023453,0.329595791823669,-0.457998086841414,0.755089459096957,0.497495359851438
"Switzerland",2025,0.0930097320035661,-0.262763677328246,0.0303226972742919,0.184656141628161,-1.64332669845547,-1.05910677251907,1.5110201279935,0.00745113440123482,0.329595791823669,0.623104996257213,1.28088473689745,1.52416361822465
"Chile",2025,-1.06690637800137,0.442692331240489,1.04989515869435,0.184656141628161,-0.113805768161833,0.682317204108024,-1.51416472804122,-0.541095443684902,0.329595791823669,-2.11117744047063,-1.46076206877657,0.924166471268946
"Colombia",2025,-0.522497714277316,0.033567072024583,-0.108628578542825,0.184656141628161,-1.64332669845547,-0.565044810593017,0.376575806980479,0.0834813383597304,-0.0924696358770528,-1.45334118576001,-2.32456859659168,0.598833389422363
"Costa Rica",2025,-0.532941702711306,-0.086187155859686,0.359908171909276,0.184656141628161,0.947609590735222,-0.498893165299214,0.376575806980479,0.343566696863377,-1.76103201675847,0.623104996257213,-2.70013665216346,1.2193078552474
"Czech Republic",2025,-0.143872043075371,0.460803788860825,-0.829911887481902,0.184656141628161,-0.113805768161833,1.17637916603408,-0.228461164226464,0.475006256746324,0.329595791823669,-0.0347312584534067,0.830203070211313,-0.183362499757862
"Germany",2025,0.213731086033229,-0.158976271080274,0.13444668658405,0.184656141628161,-0.113805768161833,0.499856962653682,-0.483711136454393,0.466967063143087,-1.27806052204737,0.519282687156352,0.717532653539778,-0.183362499757862
"Denmark",2025,-0.380915844982484,0.221533916447166,0.782051255997012,0.184656141628161,-0.113805768161833,0.499856962653682,-1.66542397084295,0.335332270047949,0.329595791823669,-0.0347312584534067,0.0415101535105658,-0.834028663451028
"Estonia",2025,2.13166853489259,0.701544878032551,0.457013535276742,2.52363393558486,0.947609590735222,1.17637916603408,-0.152831542825596,0.340051726567478,0.329595791823669,-0.0347312584534067,-0.484285124289933,0.568641693506229
"Spain",2025,-0.447290103125879,-0.592077098912416,0.128538555928232,0.184656141628161,-1.64332669845547,-0.565044810593017,-0.757868514032539,-0.0613747218298744,0.329595791823669,-0.138553567554268,0.717532653539778,-0.183362499757862
"Finland",2025,-0.339247496911251,0.606707479267932,0.345724966828092,0.184656141628161,-0.113805768161833,-0.00483120337315916,-1.06038699963601,0.10237121319405,0.329595791823669,-0.0347312584534067,0.0415101535105658,-0.508695581604445
"France",2025,0.0506975682033845,-1.59674516659678,-0.980350584840535,0.184656141628161,-0.878566233308653,-0.498893165299214,-1.06038699963601,-0.420479837397418,0.329595791823669,-0.197810923528589,1.76912320914077,-0.834028663451028
"United Kingdom",2025,-0.0956289181895991,-0.435230631724776,-1.11926919673155,0.184656141628161,-0.113805768161833,-0.498893165299214,-0.304090785627332,-0.198818486013054,0.329595791823669,0.623104996257213,2.10713445915538,-0.508695581604445
"Greece",2025,-0.526342166004714,0.424327866259048,-0.117880133197702,0.184656141628161,-0.113805768161833,-0.554418606492231,1.5110201279935,0.178042754372777,0.329595791823669,-0.0347312584534067,-0.672069152075825,-0.183362499757862
"Hungary",2025,-0.5457533969214,-0.203939338615367,-0.406785399391951,0.184656141628161,-0.113805768161833,-0.498893165299214,0.376575806980479,0.835494680429069,0.329595791823669,0.623104996257213,0.266850986853637,-0.183362499757862
"Ireland",2025,-0.369652301278133,-0.0826021539330592,-0.903330324159859,0.184656141628161,-0.113805768161833,-0.00483120337315916,-0.984757378235143,-0.30345658683845,0.329595791823669,-0.0347312584534067,-0.0711602631609696,-0.183362499757862
"Israel",2025,0.183195578271841,0.215898855764409,0.398069135443034,0.184656141628161,0.947609590735222,0.499856962653682,-0.757868514032539,-0.91034737131077,0.329595791823669,0.623104996257213,-0.596955540961468,1.93035741272483
"Iceland",2025,-0.142577161138908,-0.29312390900911,0.318166674928964,-2.15432165232854,-0.113805768161833,0.00579500072762713,-0.152831542825596,0.0925662415660661,-0.452535974906196,0.623104996257213,-1.08519401320479,-0.0820244701869367
"Italy",2025,0.439409340859359,-0.423225853080648,-1.34929441364806,-2.15432165232854,-0.878566233308653,-0.565044810593017,-0.455350028429068,0.160360149782851,0.329595791823669,-0.138553567554268,1.01798709799721,-0.508695581604445
"Japan",2025,-0.418516823916752,-0.255687625396509,0.121630291208363,0.184656141628161,-0.113805768161833,-0.554418606492231,-0.0253956307651336,0.171705290315114,-1.27806052204737,-0.284924286780862,0.154180570182101,-0.1326934849724
"Korea",2025,0.0825882491736695,-0.116724792853567,0.358801024645697,-2.15432165232854,-0.113805768161833,-0.565044810593017,1.5110201279935,-0.749122483647825,-1.27806052204737,-0.942760541491482,0.755089459096957,-0.1326934849724
"Lithuania",2025,0.651160305661288,-0.0971925229737699,-0.263199182236826,0.184656141628161,-0.113805768161833,1.17637916603408,-0.00157230002386033,0.124965196016213,0.329595791823669,-0.0347312584534067,-0.672069152075825,0.568641693506229
"Luxembourg",2025,0.0684701121835268,-0.221131825056359,1.04508772775894,0.184656141628161,-0.113805768161833,0.00579500072762713,1.5110201279935,-0.0748241562851078,-1.27806052204737,0.623104996257213,0.41707820908235,-0.183362499757862
"Latvia",2025,2.13166853489259,0.879100256940622,-0.0793396827161228,0.184656141628161,0.947609590735222,0.499856962653682,-0.644424081931237,-0.0176112201569593,0.329595791823669,-0.0347312584534067,-0.484285124289933,0.568641693506229
"Mexico",2025,-0.249526364689205,0.715312090655571,-0.252019186087607,0.184656141628161,0.947609590735222,0.499856962653682,0.754723913984818,-0.720542268511006,-0.297355953737682,-1.45334118576001,-0.596955540961468,-0.0820244701869367
"Netherlands",2025,-0.0182159362031283,-0.0193460043181644,0.276180781071321,0.184656141628161,-0.113805768161833,0.00579500072762713,-1.21164624243775,-0.216838546800583,0.329595791823669,0.623104996257213,0.792646264654135,-0.183362499757862
"Norway",2025,-0.389124603717905,0.438918235299759,0.564795898860909,0.184656141628161,-0.581911339558418,0.499856962653682,-1.34777956095931,0.149235631087428,0.329595791823669,-0.071628634210643,0.266850986853637,-0.508695581604445
"New Zealand",2025,-0.529773907162278,0.143220381277929,1.77923358196755,0.184656141628161,0.947609590735222,1.17637916603408,1.5110201279935,-0.366547291950852,0.329595791823669,0.623104996257213,-1.31053484654786,0.497495359851438
"Poland",2025,0.0905933097352206,-0.628553021514193,-0.850426189715985,0.184656141628161,-0.113805768161833,-1.05910677251907,0.0740573213770076,-0.266551183356318,-1.83223657578131,-0.881264915229422,0.454635014639529,-0.508695581604445
"Portugal",2025,0.270150599316536,-1.08391437880513,0.294368102501974,0.184656141628161,-0.113805768161833,0.00579500072762713,0.0286795485364868,-0.244336902060709,0.329595791823669,-0.0347312584534067,0.0790669590677442,-0.508695581604445
"Sweden",2025,-0.0752043639954705,0.599412294747576,0.506044951071015,0.184656141628161,0.947609590735222,0.00579500072762713,-0.757868514032539,0.324671593380757,0.319190074187435,0.623104996257213,0.266850986853637,-0.834028663451028
"Slovenia",2025,-0.365968952856931,0.422698830688743,-0.418895147616573,-2.15432165232854,-0.113805768161833,0.499856962653682,1.5110201279935,0.318537164192604,0.329595791823669,-0.540657054522875,-0.596955540961468,0.497495359851438
"Slovak Republic",2025,-0.139050880745196,-0.287808964570134,-0.66083249990357,0.184656141628161,0.947609590735222,0.177629038081183,1.5110201279935,0.425408292712241,0.329595791823669,-0.0347312584534067,-0.0336034576037911,0.243308611659646
"Turkey",2025,0.0419062916961084,-0.122714339190132,-0.0127948009570946,0.184656141628161,-0.113805768161833,-0.565044810593017,1.5110201279935,0.0714099031839314,0.329595791823669,0.623104996257213,0.642419042425421,-0.153170803841728
"United States",2025,0.7126227075928,0.271214295304174,-0.215330634225709,0.184656141628161,-0.113805768161833,0.00579500072762713,-0.672407041849558,-0.123495725654919,0.329595791823669,-0.223428660518802,-0.446728318732754,-0.183362499757862
