"","corporate_rate","cost_recovery","incentives","consumption_tax_rate","consumption_tax_base","real_property_tax","wealth_taxes","capital_taxes","capital_gains_and_dividends","income_tax","income_tax_complexity","territorial","withholding_taxes","tax_treaties","international_regulations","final"
"corporate_rate",1,0.130202441905942,0.266857216985779,-0.434928185250814,-0.0933173456872595,0.0599581926979419,0.073580678462321,0.117917545892088,0.00855937185861971,0.278229030541437,0.201382241665206,0.253790402780025,0.407604477000093,0.109038208169409,0.0174237782063395,0.360097421700055
"cost_recovery",0.130202441905942,1,0.146169305058755,-0.0583156844034511,-0.117607449722136,0.106872640803791,0.229629376817064,0.262469929367172,0.219073512250887,0.237908813678838,0.112798251762903,0.139176592915594,0.362528492472319,0.121722090652396,0.106140671634638,0.481689840434998
"incentives",0.266857216985779,0.146169305058755,1,-0.0208341132883948,0.315612515334363,0.28873948808254,0.429012137564919,0.498402816319951,0.1201753303294,0.250300796501346,0.204888810605762,-0.135503351516542,0.164731145692433,-0.411259723395978,0.247665711603116,0.566228606873038
"consumption_tax_rate",-0.434928185250814,-0.0583156844034511,-0.0208341132883948,1,0.127541322667894,-0.0304294906303022,0.0534794994722098,-0.212582459363446,0.0934203968610438,-0.166462223883066,-0.299386922524598,-0.0685213370712125,-0.429770883688141,-0.0873596713174677,0.375518962985542,0.176315532169792
"consumption_tax_base",-0.0933173456872595,-0.117607449722136,0.315612515334363,0.127541322667894,1,0.286634691467749,0.236174639822399,0.349570763505324,0.042925349889944,-0.0614086230986775,-0.103614917255886,0.0576849788720705,0.0485884909122658,-0.392306832779295,0.256819417925402,0.412079081533541
"real_property_tax",0.0599581926979419,0.106872640803791,0.28873948808254,-0.0304294906303022,0.286634691467749,1,0.182010864733751,0.263692308440023,0.163962673752508,0.473006942988066,-0.115884625344523,-0.018550652194696,0.171011302267576,-0.347475782444203,0.221256257464133,0.449864394931306
"wealth_taxes",0.073580678462321,0.229629376817064,0.429012137564919,0.0534794994722098,0.236174639822399,0.182010864733751,1,0.441152646802756,0.138759125077656,0.128408815049927,-0.0444965772534818,0.166897918935238,0.118933151524367,-0.302089535374453,0.150519027999656,0.535946671179893
"capital_taxes",0.117917545892088,0.262469929367172,0.498402816319951,-0.212582459363446,0.349570763505324,0.263692308440023,0.441152646802756,1,-0.00148603104476629,0.212562239684465,0.281633683211254,-0.0390333716946083,0.166662266634317,-0.312558023464296,0.179885693535668,0.49762396183467
"capital_gains_and_dividends",0.00855937185861971,0.219073512250887,0.1201753303294,0.0934203968610438,0.042925349889944,0.163962673752508,0.138759125077656,-0.00148603104476629,1,0.480209647487666,-0.175861876346809,0.0635817984500519,0.194657121982777,-0.291854997934989,0.299850956273153,0.425789508363453
"income_tax",0.278229030541437,0.237908813678838,0.250300796501346,-0.166462223883066,-0.0614086230986775,0.473006942988066,0.128408815049927,0.212562239684465,0.480209647487666,1,-0.0634623072632833,0.0861003468995622,0.414139997306994,-0.253998733679861,0.235018241565823,0.479026868875313
"income_tax_complexity",0.201382241665206,0.112798251762903,0.204888810605762,-0.299386922524598,-0.103614917255886,-0.115884625344523,-0.0444965772534818,0.281633683211254,-0.175861876346809,-0.0634623072632833,1,0.106596396893206,-0.011500285468846,0.145070624540189,-0.0346782781906359,0.135411214981011
"territorial",0.253790402780025,0.139176592915594,-0.135503351516542,-0.0685213370712125,0.0576849788720705,-0.018550652194696,0.166897918935238,-0.0390333716946083,0.0635817984500519,0.0861003468995622,0.106596396893206,1,0.37548123846576,0.249396615981411,-0.096938382426855,0.354305471730993
"withholding_taxes",0.407604477000093,0.362528492472319,0.164731145692433,-0.429770883688141,0.0485884909122658,0.171011302267576,0.118933151524367,0.166662266634317,0.194657121982777,0.414139997306994,-0.011500285468846,0.37548123846576,1,0.124457987076391,-0.0986270867173291,0.419271434647532
"tax_treaties",0.109038208169409,0.121722090652396,-0.411259723395978,-0.0873596713174677,-0.392306832779295,-0.347475782444203,-0.302089535374453,-0.312558023464296,-0.291854997934989,-0.253998733679861,0.145070624540189,0.249396615981411,0.124457987076391,1,-0.488283757797557,-0.195060835429702
"international_regulations",0.0174237782063395,0.106140671634638,0.247665711603116,0.375518962985542,0.256819417925402,0.221256257464133,0.150519027999656,0.179885693535668,0.299850956273153,0.235018241565823,-0.0346782781906359,-0.096938382426855,-0.0986270867173291,-0.488283757797557,1,0.460929445016911
"final",0.360097421700055,0.481689840434998,0.566228606873038,0.176315532169792,0.412079081533541,0.449864394931306,0.535946671179893,0.49762396183467,0.425789508363453,0.479026868875313,0.135411214981011,0.354305471730993,0.419271434647532,-0.195060835429702,0.460929445016911,1
