"Country","2025 Rank","2025 Score","2026 Rank","2026 Score","Change in Rank from 2025 to 2026","Change in Score from 2025 to 2026"
"Australia",7,"79.0",8,"78.9",-1,"-0.1"
"Austria",18,"71.2",18,"70.9",0,"-0.3"
"Belgium",26,"64.6",27,"63.5",-1,"-1.1"
"Canada",15,"72.3",15,"72.2",0,"-0.1"
"Chile",24,"65.6",24,"65.2",0,"-0.4"
"Colombia",37,"47.4",37,"47.3",0,"-0.0"
"Costa Rica",14,"72.9",14,"73.3",0,"0.5"
"Czech Republic",8,"76.9",7,"79.4",1,"2.4"
"Denmark",29,"62.2",31,"61.6",-2,"-0.7"
"Estonia",1,"100.0",1,"100.0",0,"0.0"
"Finland",22,"66.0",22,"66.2",0,"0.2"
"France",38,"45.8",38,"45.7",0,"-0.1"
"Germany",19,"69.1",19,"69.2",0,"0.1"
"Greece",23,"65.7",23,"65.9",0,"0.2"
"Hungary",10,"76.4",10,"75.6",0,"-0.7"
"Iceland",34,"57.5",34,"59.0",0,"1.6"
"Ireland",30,"61.8",29,"62.2",1,"0.4"
"Israel",13,"74.5",11,"75.1",2,"0.7"
"Italy",36,"50.4",36,"50.8",0,"0.4"
"Japan",28,"62.6",28,"62.3",0,"-0.4"
"Korea",27,"63.6",26,"63.8",1,"0.1"
"Latvia",2,"92.4",2,"92.5",0,"0.1"
"Lithuania",5,"82.0",5,"82.6",0,"0.5"
"Luxembourg",6,"81.6",6,"81.9",0,"0.3"
"Mexico",21,"66.6",21,"66.9",0,"0.2"
"Netherlands",17,"71.4",16,"71.6",1,"0.2"
"New Zealand",3,"88.8",3,"88.2",0,"-0.7"
"Norway",20,"67.4",20,"67.5",0,"0.1"
"Poland",32,"61.1",32,"61.2",0,"0.1"
"Portugal",33,"58.4",33,"59.6",0,"1.2"
"Slovak Republic",9,"76.5",12,"74.7",-3,"-1.8"
"Slovenia",25,"64.7",25,"64.5",0,"-0.2"
"Spain",35,"56.4",35,"57.5",0,"1.1"
"Sweden",12,"74.8",13,"74.6",-1,"-0.2"
"Switzerland",4,"87.1",4,"86.8",0,"-0.3"
"Turkey",11,"76.0",9,"76.0",2,"0.0"
"United Kingdom",31,"61.3",30,"61.9",1,"0.6"
"United States",16,"71.9",17,"71.2",-1,"-0.7"
