"Country","Overall Rank","Overall Score","Real Property Taxes Rank","Real Property Taxes Score","Wealth/Estate Taxes Rank","Wealth/Estate Taxes Score","Capital/Transaction Taxes Rank","Capital/Transaction Taxes Score"
"Australia",3,"78.3",2,"81.2",1,"100.0",14,"63.8"
"Austria",17,"62.5",30,"49.1",1,"100.0",14,"63.8"
"Belgium",28,"44.2",24,"62.2",33,"49.1",24,"48.3"
"Canada",25,"54.0",33,"43.9",1,"100.0",29,"46.4"
"Chile",13,"64.9",23,"62.4",12,"70.4",5,"84.7"
"Colombia",37,"35.9",22,"63.2",36,"27.8",31,"46.2"
"Costa Rica",11,"67.9",13,"70.8",1,"100.0",24,"48.3"
"Czech Republic",5,"75.5",7,"73.2",12,"70.4",1,"100.0"
"Denmark",14,"64.4",20,"65.2",12,"70.4",6,"79.1"
"Estonia",1,"100.0",1,"100.0",1,"100.0",1,"100.0"
"Finland",21,"60.4",19,"68.0",12,"70.4",22,"63.6"
"France",32,"40.3",28,"54.1",33,"49.1",24,"48.3"
"Germany",12,"67.7",9,"72.0",12,"70.4",6,"79.1"
"Greece",30,"42.4",27,"54.2",12,"70.4",36,"31.0"
"Hungary",23,"57.0",10,"71.6",12,"70.4",24,"48.3"
"Iceland",34,"37.7",38,"21.6",12,"70.4",14,"63.8"
"Ireland",18,"61.8",12,"70.8",12,"70.4",22,"63.6"
"Israel",10,"69.6",29,"52.9",1,"100.0",6,"79.1"
"Italy",38,"31.9",35,"38.6",33,"49.1",31,"46.2"
"Japan",26,"50.2",25,"59.2",12,"70.4",29,"46.4"
"Korea",31,"42.0",34,"42.6",12,"70.4",31,"46.2"
"Latvia",4,"77.4",16,"68.7",1,"100.0",6,"79.1"
"Lithuania",6,"74.7",11,"71.6",12,"70.4",1,"100.0"
"Luxembourg",15,"64.3",3,"75.6",12,"70.4",14,"63.8"
"Mexico",2,"80.1",5,"74.1",1,"100.0",6,"79.1"
"Netherlands",20,"60.7",18,"68.3",12,"70.4",14,"63.8"
"New Zealand",8,"73.7",31,"46.5",1,"100.0",1,"100.0"
"Norway",16,"62.9",8,"72.4",32,"57.4",6,"79.1"
"Poland",29,"43.2",26,"55.6",12,"70.4",36,"31.0"
"Portugal",19,"60.7",17,"68.4",12,"70.4",14,"63.8"
"Slovak Republic",7,"74.4",14,"69.4",1,"100.0",13,"69.2"
"Slovenia",24,"54.4",32,"44.8",12,"70.4",6,"79.1"
"Spain",35,"36.5",21,"64.6",36,"27.8",31,"46.2"
"Sweden",9,"72.3",15,"69.0",1,"100.0",14,"63.8"
"Switzerland",36,"36.4",4,"74.9",36,"27.8",36,"31.0"
"Turkey",22,"57.3",6,"73.7",12,"70.4",31,"46.2"
"United Kingdom",33,"38.7",37,"34.5",12,"70.4",24,"48.3"
"United States",27,"45.6",36,"37.6",12,"70.4",14,"63.8"
